{"type":"FeatureCollection","features":[{"type":"Feature","id":1,"geometry":{"type":"LineString","coordinates":[[51.460485898073692,29.704818548544988],[51.461211691922834,29.704914358800707],[51.464419761272346,29.706299539131447],[51.463827210902878,29.70832724546235],[51.46256068374219,29.71213610354409],[51.46116936693695,29.716598781800077],[51.460070874233509,29.720002714379639],[51.458822378401265,29.723973465342201],[51.457894852369293,29.7269210303274],[51.456938122304905,29.729710754121491],[51.455612823186975,29.733900587995986],[51.454725674999409,29.736669748398871],[51.453603897165934,29.740300367609805],[51.456098646728485,29.745285982632193],[51.457221013078282,29.747626304123898],[51.459260617378725,29.751515700725022],[51.460831532198959,29.754657637660024],[51.462566732466065,29.758078747991146],[51.464810717913792,29.762605921607939],[51.462841451673739,29.766091797199422],[51.461171555716248,29.769057757489342],[51.45919106221546,29.772554980317405],[51.457505261995657,29.775482592923286],[51.455719491070589,29.778629378631329],[51.454018562267557,29.781687856794843],[51.452540521236557,29.784294311647649],[51.450738993273433,29.78745687539401],[51.448880991852235,29.790741439846567],[51.44722058944425,29.793698161809893],[51.445244368298034,29.797208692318296],[51.443609274100595,29.800086315748967],[51.442122887514529,29.802681397770748],[51.439946159021829,29.806564787894771],[51.437820249117365,29.81027424652909],[51.435992173858764,29.813493095893314],[51.434271916247575,29.816542351220377],[51.432402557677214,29.819840251466864],[51.430463690580481,29.82324890379693],[51.428745573005564,29.826271003812153],[51.427197049382151,29.829037584218952],[51.425411772414904,29.832134310619004],[51.423501590222905,29.835477182654483],[51.420201864181315,29.836873167649451],[51.416913306827112,29.838255344772634],[51.413017429849106,29.839862702441806],[51.409855075845037,29.841145037922445],[51.404514929891171,29.843406398880674],[51.399764823378447,29.845435016044284],[51.396160604555767,29.846612934868254],[51.392301501640318,29.847865353256168],[51.387958830031614,29.849249939107104],[51.383587679561231,29.850663795618043],[51.379229183401257,29.852034604128068],[51.375157556259559,29.85332323202017],[51.371481501220124,29.854522631428143],[51.367471773730315,29.855806336459079],[51.363761910093665,29.857012384161706],[51.359790831712253,29.858302518607275],[51.355969616702907,29.859547006371976],[51.352096466077072,29.860771216735198],[51.348318937904857,29.861979268248394],[51.344530971542369,29.863189495360427],[51.340419761214477,29.864522281651695],[51.33672687450408,29.865732563588914],[51.333816280720796,29.868381417777567],[51.330992672836409,29.87091770396578],[51.328804158230064,29.87296501462145],[51.326249134405934,29.875378695946544],[51.323850990285095,29.87750766446338],[51.320815187758782,29.880233771317027],[51.318161318580678,29.882620461460949],[51.315751355787143,29.88521633884115],[51.313269146507942,29.887931920565055],[51.310714536061674,29.890722079369709],[51.308317236688673,29.89335163243317],[51.305630699965789,29.896275114232434],[51.303207315634154,29.898929451812716],[51.300595190085126,29.901724057218395],[51.297970179274031,29.904588580770362],[51.296000586982096,29.906707046417608],[51.292538902181292,29.910480315783719],[51.28995727561589,29.913281409221632],[51.287094115085829,29.916398928179273],[51.284548398378433,29.919184043229198],[51.28130283223642,29.922748980588057],[51.279087245638252,29.925145223844133],[51.276140802335362,29.928364205974802],[51.27419105906737,29.930502606246566],[51.271877048783864,29.933027532934975],[51.269369068920525,29.935710746383144],[51.266339354045215,29.939022179675096],[51.263164670621208,29.94244889619884],[51.260733857764066,29.945100203100658],[51.258847946294729,29.947129951762683],[51.256670097783314,29.949507690453807],[51.253993473863531,29.95241880826347],[51.25142778476085,29.955203314608767],[51.248699177065127,29.958170826642938],[51.246068644959024,29.961047852101931],[51.243362956539109,29.963981367077704],[51.240858716747596,29.966704635297553],[51.238628286587314,29.969122778880447],[51.235645597185759,29.972356703186655],[51.233386467471384,29.974799625871789],[51.230832603533734,29.977590473454008],[51.227719177644715,29.980537913900019],[51.224812425743977,29.98327510550909],[51.2219649980348,29.985955728669914],[51.218439817264667,29.989296211001669],[51.215961914822216,29.991621874373386],[51.212420829528412,29.99498478158123],[51.21012887927634,29.997125029973201],[51.207045281397725,30.000044855611847],[51.202159012098029,30.004628660172184],[51.19983740865333,30.006851501459586],[51.195958813091892,30.010507772025704],[51.192543189783954,30.013754889029123],[51.19019605597704,30.015955783436958],[51.188216328222524,30.017822201831752],[51.186127806660913,30.01977898964358],[51.183837406624079,30.021968408494054],[51.181249201715239,30.024408628960344],[51.179121554685906,30.026387919657108],[51.176719534184741,30.028676635219504],[51.17198499607376,30.03315231632347],[51.169137313462798,30.035829529141285],[51.165189129783556,30.039536863510595],[51.162398036024257,30.042155198225874],[51.159785529486733,30.04464916890408],[51.156818061967996,30.047430039550438],[51.153692507977539,30.050389261676543],[51.150874910895674,30.053032197415789],[51.149269228918477,30.054538868673209],[51.146877059782533,30.056812735901261],[51.143693068803735,30.059824422756286],[51.140792046208816,30.062541683222467],[51.13767328825606,30.065475695262442],[51.135252028428816,30.067726817556366],[51.13259071138242,30.070290980441317],[51.130106205317951,30.072621783968017],[51.127072358992173,30.075508078644646],[51.12482080451575,30.077633248308494],[51.122535449332716,30.079774203274582],[51.120016770488093,30.082125150601673],[51.116876041950519,30.085067707445766],[51.113934689354494,30.087831782049022],[51.108657877555189,30.092819503837639],[51.104552255243917,30.093013866405368],[51.101217511773186,30.093178000077216],[51.098084818001219,30.093344816994158],[51.093322090335448,30.09356277850662],[51.088909929370864,30.09378509471642],[51.084436047419892,30.094015921752298],[51.080074750686833,30.094220239628402],[51.075568611602279,30.094444738950916],[51.072204971381829,30.094614401618124],[51.0676819592681,30.094829127988824],[51.063494201140188,30.095032951408541],[51.059453903777531,30.095233749176472],[51.055522720265927,30.095428689439078],[51.051768986954393,30.095614298707666],[51.047478184148389,30.09582310397958],[51.044487314474267,30.09597446591782],[51.041994051063433,30.096087565327508],[51.038400470761168,30.09626582417344],[51.031700872927814,30.096590861745923],[51.027322731138099,30.096804246966666],[51.022825878557768,30.09702628058335],[51.016067513956294,30.097345776266764],[51.012169684983675,30.097554388866754],[51.008337471921202,30.097722245373284],[51.005395721259539,30.098649248890414],[51.002512269346752,30.099595836109842],[50.99847173682921,30.100869808149827],[50.994731630418748,30.102071638358844],[50.990487965278597,30.103413182184006],[50.985766445726604,30.104923353030262],[50.983046940970091,30.105792076398753],[50.979407475511564,30.106954310762095],[50.976678592032258,30.107816994021363],[50.972247907522608,30.10924326737819],[50.968796971349903,30.110335986765829],[50.96545516016991,30.109570248154448],[50.961883920222149,30.108744152314834],[50.95808388946201,30.107875354233492],[50.954213866640998,30.107005049163334],[50.950202988366172,30.106090233198945],[50.946897445845984,30.105329993895204],[50.941882278485302,30.103083961169826],[50.939235215828262,30.10197544786072],[50.93575943339701,30.100450806918843],[50.932429465123711,30.098996563189473],[50.928336815536369,30.097208984972525],[50.924371381597119,30.095469080883237],[50.920935405854998,30.093954891834258],[50.917426179160515,30.092422350799374],[50.914016451208241,30.090926601754276],[50.910575743278329,30.089423540515579],[50.905736985965916,30.087299411590077],[50.903412428136249,30.087772317774572],[50.898851904585179,30.088720436516606],[50.89545847541536,30.089427156587909],[50.891206548996621,30.090311004895053],[50.888731677021617,30.090821426542973],[50.884377833902718,30.091727737743483],[50.88069801128399,30.092494441996944],[50.877234431783492,30.093203241317582],[50.872332347467477,30.094224389047422],[50.869377795649882,30.094834332526926],[50.864348229861463,30.095882915382465],[50.860565412348578,30.096668846442274],[50.858064890315838,30.09717912967168],[50.854915488677051,30.097827898700928],[50.850345979729369,30.098777181691954],[50.846176236502345,30.09963925486727],[50.841425064959978,30.100634573126055],[50.839234448202852,30.101074681404778],[50.833516373683459,30.102268299819176],[50.828785675401122,30.103243371852752],[50.825989829088108,30.103818382308351],[50.821316765916478,30.104793531845196],[50.816885920047177,30.105704315200818],[50.813048857375627,30.106500774087788],[50.809709917363186,30.107185989697594],[50.805789663255545,30.108010329520067],[50.802526322015268,30.108678099996357],[50.798181430480376,30.109569032654161],[50.794665154215792,30.110303418058447],[50.791025074029299,30.111051361991851],[50.786734713051999,30.111939104070444],[50.782987145502034,30.112712035843554],[50.77910264609514,30.113515651659768],[50.775540944697084,30.11425495137782],[50.772176840663775,30.114949717066033],[50.767943085469987,30.115821946005273],[50.762821075905187,30.116890223364663],[50.761088445495254,30.117237545319433],[50.756326982423957,30.118212611120395],[50.752338717897565,30.119055279243838],[50.746794591275787,30.120188258592176],[50.74432032516912,30.12069897319158],[50.739915231925401,30.12160942158371],[50.736317209634016,30.122349272019665],[50.733132027204476,30.123005899288174],[50.729851557394305,30.123684870019819],[50.725336749482736,30.124608885092197],[50.720622633973399,30.125583445556302],[50.71543929578197,30.126655572327831],[50.711902908992712,30.127376440388819],[50.708020439308847,30.128174422589808],[50.704183453064992,30.128969708248153],[50.70023339023642,30.129783432822446],[50.696307429966268,30.13059010003639],[50.692708879091313,30.131331040084973],[50.68885855884681,30.13212861841026],[50.684651176816182,30.132992672639269],[50.680810080856141,30.133785109890411],[50.6769574034914,30.134572926195272],[50.673596502342242,30.135261064956502],[50.668855467754852,30.136239155283064],[50.66650311257434,30.136724519167633],[50.662397000045942,30.137573582132188],[50.659225635534149,30.138230467609016],[50.655323229474924,30.13901884970948],[50.651956061654104,30.139725995242244],[50.64569031949582,30.141002781784902],[50.644250993808747,30.141296549692459],[50.639369001123725,30.142299369695312],[50.635959853898981,30.143001168158424],[50.629335955829212,30.144360754335679],[50.626231607114697,30.145004237870118],[50.622369407491604,30.145785275294863],[50.617021082350639,30.146889113399595],[50.615183008610643,30.147278594584755],[50.610677228750255,30.148190239734607],[50.608040387439409,30.148741764681841],[50.604195113773308,30.149529833905799],[50.601428386112538,30.150097066652577],[50.598981431470889,30.15059869111461],[50.595708816831575,30.150332165129083],[50.592480593582536,30.150085627421088],[50.585178889766318,30.149496393035879],[50.583324081657246,30.14935200257786],[50.577373194218154,30.148872421760295],[50.571877127587591,30.148434793101593],[50.569593988635411,30.148251104056921],[50.566312246503649,30.147989519406718],[50.561889295128168,30.147646954435331],[50.559434305565681,30.147442586892787],[50.557441152992872,30.14727530687858],[50.549406831373858,30.146634909576523],[50.547274373457064,30.146462479571504],[50.542439085390292,30.146078512216533],[50.539592822884181,30.145850606987331],[50.53522741488964,30.145500613563112],[50.532443702589788,30.14527868676452],[50.527351957410936,30.144865474008633],[50.521891100608556,30.144436912168295],[50.519985585192387,30.144283619996269],[50.514684338911572,30.143853449906526],[50.509392515813772,30.143433933048719],[50.504004607361303,30.142998801250034],[50.499425570183973,30.14262571101829],[50.494571500946215,30.1422366832434],[50.488952421846967,30.141792197718399],[50.486382136481872,30.141583998211619],[50.483456660113895,30.141341653863162],[50.480302070241038,30.14109323532675],[50.476911235140193,30.143194966010775],[50.474038927469202,30.144965622665175],[50.471009224391658,30.146856157152122],[50.467772588540306,30.148863077148203],[50.464379318420129,30.150966157744371],[50.462465528480166,30.15215750187738],[50.4583130439391,30.154735635961675],[50.45589826890798,30.156240054973239],[50.45242995209027,30.158383943540134],[50.448752405655206,30.160661478001217],[50.444164758504932,30.163509672376634],[50.441080420532344,30.165427015572789],[50.437991465932313,30.167340598409453],[50.435024549020923,30.169177361337184],[50.431889484260097,30.171119714401449],[50.42936821585743,30.172684517005017],[50.426586497883093,30.174415476659057],[50.424250851481837,30.175857702063183],[50.420738573969686,30.178030258427651],[50.417958420951713,30.179762269808617],[50.414565735161339,30.181859935595618],[50.41270606087361,30.183004104264182],[50.408631795226206,30.185553041593046],[50.406048939912758,30.187144738451156],[50.403462656538238,30.188758887385728],[50.400643679378639,30.190516303911156],[50.397087705511296,30.192683014741064],[50.393586442246743,30.194853825357967],[50.390257465523952,30.196928630455648],[50.387245020735079,30.198799014611836],[50.383886381796501,30.20082763726003],[50.380641365365236,30.202844939546033],[50.377405199717209,30.204881846181578],[50.374300187741525,30.206816222441127],[50.370917724442194,30.208901336158608],[50.367984392678245,30.21071741353569],[50.365705382080776,30.212126868145397],[50.362886595546378,30.213857835042099],[50.360428730778899,30.215395981085234],[50.357350880276371,30.217299266476257],[50.352838100530995,30.219868287243052],[50.348381825107936,30.222399319156448],[50.344174181488327,30.224793670298524],[50.34150300451855,30.226439610520046],[50.337856848384838,30.228716262625348],[50.334735445186993,30.230647442160141],[50.332593178062844,30.231979944127279],[50.329766310314298,30.233722759322056],[50.326763688601247,30.235578737226341],[50.323920880641268,30.237342826557317],[50.320578668820502,30.239421176696517],[50.316155082822384,30.242140416935552],[50.314051490133672,30.243466978935807],[50.311541323582169,30.244993891289599],[50.30828692845585,30.246999603472585],[50.3057331760754,30.248592016695856],[50.302586804525845,30.250532909539736],[50.299626450782185,30.252349491002686],[50.297104290086203,30.253917558678651],[50.293611534337124,30.256061213543692],[50.289638063464665,30.258527767371731],[50.286468156694504,30.260497781991784],[50.283417101794697,30.262376889430755],[50.280473283291897,30.264190201149656],[50.277034403390104,30.266298149234622],[50.273725810148512,30.268364436092899],[50.269575506555555,30.270922807339979],[50.266145442864378,30.273030496957887],[50.263415688855346,30.274713583980159],[50.260175998758037,30.276715704287614],[50.256973991195778,30.278689158415407],[50.253397531005689,30.280895857363635],[50.249867431058988,30.283075976885971],[50.2466197272024,30.285081423145964],[50.243332157330535,30.287114577976663],[50.239842721198272,30.289263259472563],[50.236878589343071,30.291093319498383],[50.23384173770112,30.292971418622447],[50.230879179426815,30.29479558581259],[50.228036694360448,30.296551475036107],[50.225093679032021,30.298360653502662],[50.221450664940029,30.300612000880175],[50.218020207121221,30.302732786284412],[50.214828463741938,30.304704163519954],[50.211669396030963,30.306652195889271],[50.208317328276742,30.308726820118192],[50.202292269801781,30.312447877394256],[50.198594374697855,30.314719055365551],[50.195122870802102,30.31686285052584],[50.191740789031222,30.318929271222455],[50.188370072388111,30.321008853586051],[50.184956007796984,30.323111233278198],[50.181602643237298,30.325164970163897],[50.178367137044717,30.327161026329986],[50.17482533225207,30.329341611364285],[50.172974646998696,30.330497573327143],[50.170465676529439,30.328568798625],[50.167737495276647,30.326469672701606],[50.165436571776247,30.328287829927255],[50.164254299228077,30.329307820235382],[50.164596756875461,30.33225210742852],[50.164936500676049,30.335485793898023],[50.162650213579155,30.336853322069476],[50.159138583989836,30.339003702376875],[50.155845618142337,30.341026477491209],[50.152542520132869,30.343059164860378],[50.149146132330031,30.345140662195139],[50.145982360437948,30.34710430500877],[50.142567347523894,30.349201090584632],[50.139194889032566,30.351274299115229],[50.135593013966535,30.353484900313656],[50.132667876076781,30.355294698684112],[50.129476606457608,30.357255162009459],[50.126042296642794,30.359367792632042],[50.122867172164725,30.361320525144873],[50.119995429443051,30.363081842238984],[50.117095191469389,30.364870708090937],[50.114462000837555,30.366485054517373],[50.111056612063273,30.368583145619166],[50.107854697428898,30.370557825403164],[50.104278520773022,30.372754002011565],[50.100208752411774,30.375255648936353],[50.097154066311155,30.377133335830685],[50.093776513522123,30.379210172418052],[50.090364405465671,30.38130799301798],[50.087001025009059,30.38337563148308],[50.083733862714446,30.385386263986373],[50.080178172439162,30.387573518755765],[50.07673052495489,30.389687650567311],[50.073384616227102,30.391754744718348],[50.070632994288495,30.393436680013473],[50.066596049570215,30.39591570685587],[50.063287265997275,30.397948988003144],[50.059938500471354,30.400008049536609],[50.056595070165891,30.402064528262542],[50.053831725012174,30.403758198649257],[50.05047436356994,30.405818231011015],[50.047766694964622,30.407481635033783],[50.046181783043309,30.410333479868228],[50.044228633382545,30.413854799030162],[50.042096174923834,30.417701122338148],[50.04020718446008,30.421102839956109],[50.038745166777716,30.423739770716214],[50.036781843657913,30.427271167531227],[50.035666692735056,30.429264729866983],[50.034133423584841,30.432029858557453],[50.032319428126442,30.435317103603811],[50.030607943201069,30.438400161660468],[50.028817434416645,30.441623543122407],[50.026772327701096,30.445311082703498],[50.024600572967387,30.449192611387822],[50.023014350229438,30.452045885098933],[50.021104035130492,30.45546611175887],[50.019471414486752,30.458390946114896],[50.018019222832052,30.460993421898653],[50.016292870502419,30.464251922644031],[50.014466907918631,30.467696959664856],[50.012816756283527,30.470820786404342],[50.011009269291804,30.474231701530428],[50.009146322562415,30.477751300688787],[50.007559180230189,30.480742444723194],[50.004661773935709,30.483071659599293],[50.001085632569968,30.485945335780428],[49.998008744876799,30.488417922255504],[49.994976725952249,30.490850529665341],[49.992344394969948,30.492964545793502],[49.989261622607948,30.495443394131264],[49.986300533242925,30.49786822429289],[49.983372485346933,30.500172970327309],[49.980195907102903,30.502724839127815],[49.978089237744058,30.504416464339595],[49.97579016877696,30.506258851274708],[49.972610535632889,30.508814324270993],[49.969150188015867,30.511593302384529],[49.966503266186606,30.513717841305027],[49.963567989841486,30.516069661831846],[49.959749092162227,30.519138753983551],[49.955626871130114,30.522452472357944],[49.952856923978445,30.524668291363216],[49.949712796831498,30.527198896634438],[49.946303372793146,30.529937610897999],[49.943253247797024,30.532381809652815],[49.939890318603688,30.535079053162573],[49.936503719016436,30.537790592170509],[49.935321613571162,30.53874328064467],[49.935580740405364,30.539756909055207],[49.936282543681884,30.543272630647767]]},"properties":{"OBJECTID":1,"gis_id":"NY909","denomi_vol":2,"owner":null,"Shape_Length":191569.17702959199}},{"type":"Feature","id":2,"geometry":{"type":"LineString","coordinates":[[54.473467863596483,28.998917356278916],[54.472683367105176,28.997919479303228],[54.470003420542369,28.997470398274068],[54.467527689500201,28.999380065017547],[54.465091099266203,29.001216896875018],[54.462616566746654,29.003107564176556],[54.460156639904191,29.004986454295182],[54.460257786123542,29.0076442688387],[54.459972900545907,29.010549529410728],[54.460002130488185,29.01309586313155],[54.45967598538661,29.015910838831495],[54.459558717500116,29.018669133020278],[54.459551514529608,29.021339050748324],[54.459381964783255,29.024351834492499],[54.459164978038444,29.026975537668335],[54.459151938110089,29.030428121712855],[54.45985754684893,29.032416903089157],[54.459900512978329,29.032538001154393],[54.458197638264437,29.033178899278887],[54.454438229594857,29.034383514295293],[54.450791699314586,29.035484170286484],[54.446986405615107,29.036669638937592],[54.443178242163675,29.037863965140875],[54.439237799212734,29.039109760012479],[54.435889690472209,29.040171548347285],[54.432103275352681,29.041410182026539],[54.42850806942355,29.042493158076397],[54.424671066951817,29.04369540046147],[54.421035015267258,29.044865349882802],[54.417917273694322,29.045837768639071],[54.414105474548315,29.047049210987964],[54.409829134511661,29.048369464618812],[54.407493918661444,29.052275097241662],[54.405270625263164,29.055987635074992],[54.402681627054761,29.058501338985113],[54.399912205376801,29.061155116932486],[54.396556687339036,29.063621119111929],[54.393316055002046,29.065959714926002],[54.390375629211775,29.068098870362672],[54.386962350636168,29.07055119399072],[54.384155030270776,29.072595831682129],[54.38063689645054,29.075120345501489],[54.378423417020421,29.076727713478878],[54.376108558698149,29.078420310691069],[54.373637743121364,29.080803649765215],[54.370545247848291,29.083731051238875],[54.368090076935282,29.086034942208411],[54.364927035996431,29.088996887956718],[54.361854167095494,29.091840995888031],[54.359282463853077,29.094266446449524],[54.356305296233529,29.097054267631904],[54.352559819729109,29.098598401575696],[54.348928051686137,29.100093416732413],[54.345197526538918,29.101629205326297],[54.341949847502121,29.102945270473644],[54.337831938403426,29.102306903130604],[54.332089246849712,29.101360368940874],[54.329726691694425,29.101015916237834],[54.325534357434471,29.100363811774333],[54.321611336556593,29.099766648605083],[54.317642908915502,29.099179278802023],[54.313671370592395,29.098516844251186],[54.309757542032699,29.097927646427262],[54.305584878497712,29.097319535277162],[54.301658507092725,29.096723081710483],[54.297482973818013,29.096033464475116],[54.29199687755132,29.095183855213797],[54.287689638093113,29.094527334037569],[54.284013786486632,29.093925125019634],[54.280367499098041,29.093294551360959],[54.277362281335328,29.092835848062972],[54.27453992946144,29.092398000520841],[54.272566457906343,29.09144251530703],[54.268032846354537,29.089271193959728],[54.261983588127435,29.090621267931468],[54.258797458175557,29.091329792953925],[54.254807857186584,29.092248659273828],[54.2514481257246,29.09300207525353],[54.248183530379997,29.092305228877514],[54.244173326445157,29.091412149700833],[54.240285783775974,29.090544063331755],[54.236230270939515,29.089622742483318],[54.232490694452544,29.088795864252056],[54.228567140355771,29.087937970885729],[54.224547547872902,29.087026078116534],[54.2206291569372,29.086172577997058],[54.216524296089034,29.085285726795362],[54.214652923387987,29.084871445836537],[54.214420893906812,29.085684834820942],[54.214466741389003,29.086158672202156]]},"properties":{"OBJECTID":2,"gis_id":"DY906","denomi_vol":2,"owner":null,"Shape_Length":31949.440873878069}},{"type":"Feature","id":3,"geometry":{"type":"LineString","coordinates":[[52.501757325857241,29.289566465550962],[52.501719731142806,29.289795625716668],[52.500872403605179,29.290628126934067],[52.498076643687703,29.290942505246868],[52.495423633673084,29.290123176451225],[52.492887865427477,29.289361915289881],[52.490378311211359,29.288611032934746],[52.488290023322143,29.286451586149379],[52.488732876788475,29.283727277116629],[52.489265618629645,29.280716436094902],[52.489759655096357,29.277875023552966],[52.490231941192334,29.274957342294563],[52.490670802186102,29.272574692690387],[52.491109350833383,29.270008108681814],[52.491760055859807,29.26806859486187],[52.492432759830606,29.266023939089084],[52.493269067914675,29.263553289656311],[52.494123924488356,29.260944790055582],[52.494986759731404,29.25835882806004],[52.495822420734292,29.255852094105897],[52.496732182681271,29.253136978594451],[52.497629615635368,29.250460300281038],[52.498521537825539,29.247761090766371],[52.499220890144244,29.245621392288641],[52.499983011185826,29.243377168376021],[52.500675262238211,29.241280265423029],[52.501364873597588,29.239183505920973],[52.502232545802791,29.236599696366412],[52.503070469275343,29.234092827812251],[52.503934752820754,29.231457087088433],[52.504784277280102,29.228873544886646],[52.505687252291416,29.226253240046361],[52.506503116880232,29.223830016925259],[52.507323038351331,29.221336868421155],[52.508152830695074,29.21881884179685],[52.508982547193398,29.216303278174788],[52.509832651511971,29.213945064242399],[52.510559785391621,29.211619754511801],[52.511361094353468,29.209224033163306],[52.511441118205568,29.206784223895898],[52.511507666809692,29.203714412154213],[52.511597095367421,29.201117705798566],[52.511676926885251,29.198497592112805],[52.511762991581485,29.196137510815866],[52.512576425705277,29.19417954830287],[52.513318727791436,29.192377604398956],[52.51417465693293,29.190298287671055],[52.514872995380422,29.188621799718689],[52.5156004193828,29.18682770063392],[52.51636925204653,29.184977867246317],[52.517025798261635,29.183214801421574],[52.517376753306173,29.181014017818732],[52.517705462725949,29.178717987216853],[52.51800665454877,29.176476612113238],[52.518328472661693,29.174239458149504],[52.518645576839624,29.171756131403416],[52.518965941002804,29.169247161575814],[52.519652984328012,29.167790515210719],[52.520745138961537,29.165474863724693],[52.521853286383617,29.163231072030417],[52.522877657781166,29.161055735118524],[52.523908967463775,29.158842313322651],[52.524982463609312,29.15669584238297],[52.525935947310437,29.15460486229809],[52.527093359609438,29.152234207309576],[52.528109263627364,29.150061331332342],[52.529246854315481,29.147708828338146],[52.530404720333436,29.145205030740424],[52.531582332510951,29.142822797640356],[52.532723283562021,29.140391139628111],[52.533826658457436,29.138034547872877],[52.534972809072052,29.135621080591097],[52.535977103589538,29.133518221435157],[52.537073123601346,29.131193222467729],[52.5382266463197,29.128766088422214],[52.539372845351885,29.126366030957382],[52.540510950202581,29.12394582350246],[52.541677449176689,29.121536522563169],[52.542818002642072,29.119111655373079],[52.543866582090828,29.116900005079906],[52.545017446525712,29.114486348378072],[52.545863544522909,29.112705237103761],[52.54617396224365,29.112051764363688],[52.547318657638755,29.109634184187364],[52.548474446731881,29.10721591441844],[52.549607297054031,29.104813705121735],[52.550593637818217,29.10275158746235],[52.551741403783545,29.10032210565873],[52.552886928331098,29.097919772350725],[52.554050159726593,29.095499068221088],[52.555187432666983,29.093065162785088],[52.556347905083371,29.09063922709959],[52.557532405568274,29.088673990819654],[52.558664329153899,29.086750045192218],[52.560060473986063,29.084468868252529],[52.561471327589175,29.082140005524966],[52.562877134201322,29.079822498429412],[52.56426538292785,29.077532144337365],[52.565632348882595,29.075201528643714],[52.566877611638496,29.073149860145008],[52.568262537591231,29.070825781242352],[52.569665638949537,29.068519542532684],[52.571043272697267,29.06622470404325],[52.572412251412608,29.063875931960805],[52.573772077371324,29.061599314949344],[52.5750491912152,29.059303683539802],[52.576455587933673,29.057074262570456],[52.577815487180089,29.054811073801829],[52.579119584193045,29.052602831798573],[52.580453560180317,29.050342467695014],[52.58175570269389,29.048186226818867],[52.582944988482609,29.046204929694799],[52.584208319953092,29.044092253749877],[52.585501867592242,29.042408927160537],[52.586886581482339,29.040626100358942],[52.588374061538211,29.03868643170037],[52.589734012516161,29.036957801581305],[52.59001373933225,29.036568293993273]]},"properties":{"OBJECTID":3,"gis_id":"KP603_j1","denomi_vol":5,"owner":null,"Shape_Length":31197.345712244762}},{"type":"Feature","id":4,"geometry":{"type":"LineString","coordinates":[[51.855346794942257,30.072004481729451],[51.855045791024082,30.071858226074081],[51.853735522160761,30.07102494279539],[51.849558005499162,30.070631560002095],[51.845634649664177,30.070119954282099],[51.84370681391168,30.069906951839418],[51.842923422112356,30.070777989455607],[51.841368955342503,30.072531916230766],[51.840187171873957,30.0738749979799],[51.837943858504936,30.07638220218713],[51.836052779104136,30.078530699573211],[51.834266843616454,30.080536296801476],[51.832819944256592,30.082151736188372],[51.831124009211116,30.084049259272376],[51.828987806632313,30.085907986694934],[51.826646710508811,30.087944047376268],[51.824655457409456,30.089639518140661],[51.822592247979635,30.09142337936327],[51.821234441498383,30.092566682483447],[51.818910973066707,30.09460041070853],[51.817223728859133,30.096068276658922],[51.814910416590038,30.098081472226099],[51.812429732920535,30.100244438086346],[51.809971414146098,30.102308016999086],[51.808193247304807,30.103832362797963],[51.806085632921111,30.105639339326423],[51.804137796551373,30.107336496489985],[51.80200398950938,30.109156649936704],[51.799772738539218,30.111130772629775],[51.797912758886532,30.112742550128512],[51.796897922174651,30.113018552726942],[51.794383796433614,30.113724153933472],[51.791445512261404,30.114558482911644],[51.788658978620703,30.115261061152587],[51.78473082615168,30.116360784170812],[51.78259737296392,30.116957789060109],[51.780326395441712,30.117569132596905],[51.776826475003936,30.118535519787052],[51.774542164196809,30.120072075270116],[51.772213435197457,30.121624410113093],[51.768986359551391,30.123813709676718],[51.767143176955159,30.125081097802838],[51.764677728810952,30.126760377927102],[51.762361924212804,30.128332698520687],[51.759821194700443,30.130032638659763],[51.756931864005132,30.131975927856494],[51.754530341429394,30.133564363790818],[51.752477005822108,30.134902749964727],[51.750069746906313,30.136536756403565],[51.747411607321666,30.138559757192212],[51.745583809672254,30.139797035128062],[51.743422504241288,30.141223463664318],[51.740766911496948,30.142794537554291],[51.738302794746851,30.144058162298354],[51.736575960758252,30.145038041426666],[51.734535979540425,30.146130112246219],[51.731987232574873,30.14758370448412],[51.728848030459304,30.149279060272612],[51.727124276342408,30.150683115039598],[51.724489018798245,30.152777844972832],[51.722419611824542,30.154528809248113],[51.720311705383288,30.15629995342044],[51.719025330566495,30.157343283273597],[51.718023078900011,30.158655022196594],[51.716662499583485,30.160414574192973],[51.715620802789466,30.161756493520858],[51.714192996361923,30.163564504591516],[51.712794494983214,30.16533265690358],[51.710349765923418,30.167440501784476],[51.709139383661622,30.168464530745172],[51.707232495410565,30.170119437430195],[51.704370305509698,30.172528368000236],[51.702522158995293,30.174085993211129],[51.700160702119156,30.176133632831899],[51.698514249727026,30.177563628389301],[51.695476226164253,30.180142525149538],[51.692693583044409,30.182505708319749],[51.690731454447246,30.184147535493633],[51.690381091837764,30.184082712333872],[51.688467944038337,30.184075813749228],[51.687080179672023,30.185326461644348],[51.685108828345889,30.187171040103742],[51.683288697259314,30.188878814681356],[51.681170497556622,30.189612264679528],[51.677713109888288,30.190764083892223],[51.676100986503442,30.191854182528235],[51.675793914301885,30.191994124665914]]},"properties":{"OBJECTID":4,"gis_id":"ST636","denomi_vol":5,"owner":null,"Shape_Length":22637.936796801478}},{"type":"Feature","id":5,"geometry":{"type":"LineString","coordinates":[[53.064959002787887,29.105116017378037],[53.064798723458104,29.104573136633494],[53.066270800937204,29.102741548692997],[53.06781101795513,29.100593226397148],[53.06946035538197,29.098389217396154],[53.070988791984057,29.096310379583162],[53.072501463758542,29.094215835435094],[53.073957632624406,29.092242723622416],[53.075526420941124,29.090151755768627],[53.077107531949721,29.087945355018356],[53.078964825888626,29.085412192596401],[53.080525521645455,29.083292960195283],[53.083121267076642,29.081974309852942],[53.086156026745506,29.080425683975523],[53.089163357967017,29.078859433574443],[53.092134655790346,29.077320291948634],[53.095127018818999,29.075813194667784],[53.09813570636431,29.074277556932525],[53.101173763946832,29.072710497312077],[53.104406164032305,29.071073334020042],[53.107599602887369,29.069431579556863],[53.110604769130688,29.067946475677982],[53.112110114828738,29.0672478899914],[53.11407659677127,29.06923097425409],[53.116170476232043,29.071325734310609],[53.118157528360044,29.073335360078278],[53.120188475807055,29.075370666663513],[53.122236658569385,29.077451446953344],[53.124239612799251,29.079444617468674],[53.126241683926303,29.081465978698869],[53.128281830296508,29.08350749408303],[53.130298670656657,29.085509322978876],[53.132132170648376,29.087350948973501],[53.134026245083213,29.089235495837329],[53.135755293621983,29.091006712805534],[53.137634348255595,29.092859679366533],[53.139506757546243,29.094713655661394],[53.141570680006552,29.096754124923173],[53.143525318792967,29.098720888919182],[53.14564319464111,29.100849365992268],[53.147620362482229,29.102807932897914],[53.149532323676276,29.104717627767606],[53.151430943530208,29.106634733411958],[53.153103431327352,29.108328063191998],[53.154891031725946,29.110132211300751],[53.155054302740517,29.112373801339245],[53.155233985669568,29.115081876466569],[53.155392002754802,29.11770401886217],[53.155582254943965,29.12059017881294],[53.155718405232619,29.123090235877783],[53.155941856255438,29.125758364252825],[53.156140528596708,29.128574019895709],[53.156276525327179,29.131145274861588],[53.156462692494109,29.133919908893276],[53.156656097480322,29.136805764816902],[53.156837665699264,29.139385136568517],[53.156970868707191,29.141846946191365],[53.157219302396449,29.144336315550539],[53.157308337518316,29.147343206877526],[53.156430938738389,29.150118806643189],[53.155592040654192,29.152715872894305],[53.1546286428119,29.155643958765655],[53.15376589494322,29.158454153709197],[53.152941768089846,29.160996672897987],[53.151774093595833,29.163468625193538],[53.150608886472099,29.166031158719321],[53.149421383065416,29.168516916130361],[53.148193461661826,29.171127007919576],[53.147099743760847,29.173385700581942],[53.145918126615044,29.175812203412764],[53.144684051917572,29.17848195107198],[53.143779079883274,29.18050252790081],[53.142569365396824,29.18296817331688],[53.141726979348938,29.184826173852844],[53.140593552778213,29.187235031778091],[53.139467760288788,29.18960769486776],[53.138367504684368,29.19198775489194],[53.13747484973306,29.193882330537544],[53.136567563062854,29.195807763780525],[53.135634025582412,29.197859476597497],[53.134698171110905,29.199806633038559],[53.134106671880446,29.201835339119111],[53.133350533799593,29.204459381938314],[53.132643880591928,29.206914550286868],[53.13210665952775,29.208786624179005],[53.131435715202556,29.211036122463316],[53.130694940558591,29.213601539441939],[53.129829877381979,29.216542895704258],[53.129078010654652,29.219243357039378],[53.128262247908722,29.221962127419197],[53.127606411637039,29.224300881079923],[53.126925566667872,29.226559817032772],[53.126155812559084,29.22919633408528],[53.126030835856987,29.230667859610776],[53.125924300924112,29.231922220586295],[53.125743750792104,29.234196750604283],[53.125521631179573,29.236580965555977],[53.125381164619355,29.238430808827449],[53.125144543194807,29.241395276308843],[53.124887026936975,29.244353916214092],[53.124725657929275,29.246561374094629],[53.124469734067134,29.249550505843427],[53.124258398601697,29.252056382759456],[53.12402681531141,29.255027100693102],[53.123776922496269,29.257916781001821],[53.123573012264998,29.260299930669863],[53.123340966596174,29.263042879967013],[53.125133319375244,29.264603964924756],[53.127630281978682,29.266823287211746],[53.129811183772773,29.268794199978458],[53.132020997263545,29.270443031480763],[53.134538546920133,29.272352382672921],[53.136766457017188,29.274044295277694],[53.139290721391454,29.275952108766116],[53.141687585898396,29.277827708275673],[53.14314108844691,29.280225249601589],[53.144627135931607,29.282752274653518],[53.14610784292212,29.28528915652182],[53.147619366180805,29.287910526993734],[53.149046120841426,29.290293561471113],[53.150299999984107,29.292430073667621],[53.15169203569944,29.29483550485644],[53.15319871328122,29.297376028800887],[53.154584627454035,29.299734565182838],[53.155994599313452,29.302207364330339],[53.157476751391627,29.304692542796083],[53.158970414835835,29.307209589160074],[53.160343183389656,29.309584011434492],[53.159871719195756,29.311470365717085],[53.159359101456552,29.313523073152467],[53.158806896136156,29.315830676962179],[53.160022531143213,29.316803654968624],[53.161138782469394,29.316528868337439],[53.161434521797119,29.316425610798536]]},"properties":{"OBJECTID":5,"gis_id":"KR616","denomi_vol":5,"owner":null,"Shape_Length":37626.564946233382}},{"type":"Feature","id":6,"geometry":{"type":"LineString","coordinates":[[52.299570704692393,29.440698830398762],[52.29882015727501,29.440637958185899],[52.298541268832317,29.44061533847691],[52.294995814306482,29.439424028039877],[52.290723379880319,29.439298916110729],[52.287664341910293,29.439216529115161],[52.284106408876696,29.439081585621462],[52.278884676125188,29.438919823772739],[52.273288310879806,29.438734632260914],[52.267748130455679,29.438546515083811],[52.265094886796625,29.438469587975604],[52.2590950199519,29.438287958197211],[52.253487671584267,29.438082758787804],[52.247976703047193,29.437894688125226],[52.243948873656755,29.437790251316468],[52.239226066224354,29.437652041790457],[52.236220142205426,29.437572726464207],[52.233180943211764,29.437473357486887],[52.227635778353026,29.437256242983981],[52.221141768995437,29.43706310894045],[52.217878296346427,29.436993513815924],[52.212514037800211,29.436818583516438],[52.207470070375237,29.436632035459162],[52.202491634965781,29.436495549096154],[52.197433317300188,29.436297972689925],[52.194163201731456,29.436192378435194],[52.189368258792605,29.436027089625757],[52.184502100858985,29.435829746412281],[52.180353564103562,29.435718192758404],[52.17746556012181,29.435620013792498],[52.173766912513351,29.43551594621206],[52.169268738369318,29.435353997624851],[52.1662261301584,29.4352646584714],[52.162903657586888,29.435152997670105],[52.159540470845727,29.435030297103275],[52.155600270129788,29.434889965912156],[52.152215404882568,29.434758256248102],[52.148436393055306,29.434642118743774],[52.144774538836714,29.434537091238791],[52.139709188446488,29.434351520671971],[52.134372683432382,29.434167669907055],[52.130087442187325,29.434028446921385],[52.125888290917452,29.435580777227717],[52.122096681148577,29.436978724705259],[52.118674785207361,29.438241017086447],[52.115160896444237,29.439550241921339],[52.111825645640238,29.440784716937713],[52.108404432809515,29.442045129891788],[52.104976358381336,29.443291492672987],[52.101580439975187,29.444531818756914],[52.0965075050038,29.446393340679734],[52.09221360049149,29.447980708345597],[52.088742530308863,29.449265039178265],[52.085230611188436,29.450550294217166],[52.081737859345388,29.451838493210435],[52.078595462971819,29.453006154182173],[52.07458804351684,29.454476907261199],[52.071591553452343,29.455579701804549],[52.067865914714616,29.45694771502933],[52.064801542908832,29.458075424821704],[52.060870859367938,29.459524324420528],[52.057701624685528,29.460661928162704],[52.052423969883151,29.462609226981282],[52.049699187037781,29.463602310257503],[52.046734832422025,29.464697072406903],[52.043442609860918,29.465916581681984],[52.040266989773393,29.467082314528422],[52.036735463790968,29.468350438271276],[52.033652239470442,29.469511068409805],[52.029726815763411,29.470945890562067],[52.027374454975146,29.471828415814066],[52.024481547230153,29.472876443895625],[52.021416247802058,29.473994136015392],[52.01806235587086,29.475218496746333],[52.01367046567924,29.47684182418185],[52.010124459774502,29.478132108395648],[52.005711099347806,29.479735604444887],[52.003080793338341,29.480644003128706],[51.998903493255192,29.48224582114047],[51.996046356914356,29.483304954854219],[51.992354008996422,29.484661899967747],[51.989507371945969,29.485745748081936],[51.985882943972776,29.487047242029405],[51.980782268551565,29.488920685362519],[51.976732756062034,29.490416467875651],[51.972487777903233,29.491937951381598],[51.96970423645292,29.492962916544176],[51.964400597634473,29.494894229199318],[51.9610294234582,29.496144684876285],[51.959283454426725,29.496772841667195],[51.953321033450521,29.498975230575184],[51.950491477943828,29.499968614178318],[51.946300818471833,29.501498263728418],[51.94015831095718,29.503757375754073],[51.937193562844726,29.504849309579434],[51.932908488482049,29.506390674070676],[51.927985838058724,29.508223360956137],[51.924152139702549,29.509634358301621],[51.919216974983883,29.51143511297817],[51.916999364459208,29.512249835023482],[51.912152028701122,29.513981290497391],[51.90698079140833,29.515919968232609],[51.904040096797544,29.517000901249151],[51.901539642531645,29.517923876487075],[51.898881760820196,29.515953013195681],[51.893723353123143,29.512208449948243],[51.890927011173815,29.510188257792127],[51.887756639258207,29.507876586939471],[51.885046311512703,29.505896658997333],[51.883166508406319,29.504543556177765],[51.878478328753047,29.50112417266239],[51.877418349744659,29.500352047703689],[51.87202425551871,29.49644500019409],[51.869679844628443,29.494740447425993],[51.867176698190526,29.492942615837343],[51.864319448615269,29.490860294414865],[51.860752320997413,29.488268308582082],[51.857526212480366,29.485921673270553],[51.854502613074743,29.48372131459924],[51.851393167952153,29.481467808679039],[51.849002747974829,29.479725111277872],[51.846180574036694,29.477675972637382],[51.843257459724498,29.475551565290193],[51.841010626824641,29.473896995902244],[51.837649030860192,29.471441311047208],[51.834595502984698,29.469211913313689],[51.831809266521006,29.467181844381365],[51.828970123424021,29.465119683236704],[51.825990293157723,29.462953312050022],[51.823121332401449,29.460861186410256],[51.820253004049739,29.458794825594577],[51.817904538434391,29.457054202219112],[51.814960964367138,29.454935159072502],[51.813319137300461,29.453749540213021],[51.812326895189102,29.453032984971721],[51.809327876077248,29.450821010732728],[51.804749486503688,29.45248915433223],[51.801542455420936,29.453613730270334],[51.796880328679876,29.455324676779636],[51.792858091383714,29.456777438437811],[51.789282853366437,29.458083264401282],[51.784676642135679,29.459713886972395],[51.780434955307456,29.461254310360616],[51.777037131160988,29.462483682848323],[51.77381195176158,29.463665279896095],[51.769617727877929,29.465179935119323],[51.76492646190264,29.466858947867074],[51.761115454795565,29.468245126761463],[51.757671809817872,29.469414782628],[51.751782830215404,29.471390643770615],[51.748141457864776,29.47259675720505],[51.742440008957765,29.474526299971686],[51.737844326993041,29.472379464229586],[51.734892090127957,29.470961055772452],[51.730825918993013,29.46900960572702],[51.725576668250376,29.466496900595157],[51.721806653575293,29.464706735122792],[51.717369363779,29.46257387698202],[51.712344377032061,29.460193807573493],[51.709092084824313,29.455547771876411],[51.707047524970193,29.454636674602778],[51.70249361892796,29.45313398703712],[51.69712240597913,29.45368096229647],[51.695220880571881,29.454170424556246],[51.69163647079727,29.455123620413939],[51.688859243632315,29.456155406409675],[51.6848409293207,29.457662203629528],[51.679006843590003,29.459815077650813],[51.675337511278201,29.461184004763457],[51.67340350635147,29.463784756352936],[51.671016906569591,29.46699853773826],[51.668508513762475,29.470319991722974],[51.665816029385347,29.473953209761543],[51.663827782112172,29.476603076234117],[51.660373947784343,29.481319703672607],[51.657339314365764,29.485330846962672],[51.654934065615315,29.488559464602005],[51.65300920623114,29.491901813367736],[51.650813691688072,29.495638612639556],[51.648739225620012,29.499252386132369],[51.646557521396446,29.503028383315151],[51.643648395500541,29.508025554522277],[51.641034517878332,29.512531912679602],[51.639267240528163,29.515584129025626],[51.637194723182098,29.519170056437545],[51.634867927845526,29.523198875061411],[51.633178081186458,29.526091455302996],[51.631129223050777,29.528214928634331],[51.627865911236412,29.53150585582701],[51.625184867303304,29.534219923568543],[51.623098332512029,29.536360880101117],[51.620871907113944,29.538596687370767],[51.618706784145964,29.540801194875517],[51.616438219001608,29.543137043492315],[51.61427474033686,29.545307951047029],[51.611541713498717,29.548091941556944],[51.608747476108107,29.550950081883727],[51.606213166996291,29.553532503667554],[51.602555234552774,29.55726969865724],[51.599233970565543,29.560674465339581],[51.596505799937155,29.563421652758166],[51.594197281489471,29.565793433462531],[51.591779103631573,29.568198894556936],[51.589511036868792,29.570542223594011],[51.587111500983347,29.57300495934803],[51.584688092097053,29.575467576543257],[51.582278719851466,29.577919169769736],[51.579965385367593,29.580258811254286],[51.577775072532141,29.582485504131984],[51.575507799195393,29.584792096443785],[51.573157416364531,29.587200720104743],[51.570806995717277,29.589586413413539],[51.568119883380682,29.592316542748154],[51.565730480340463,29.594768159275514],[51.563172136077725,29.597354636193742],[51.560728961980949,29.59984000358946],[51.558633880854323,29.601983565513066],[51.555482606604961,29.604742909832563],[51.553033786595201,29.606898386918498],[51.550353091448095,29.609246629249142],[51.547793309485996,29.611499009919221],[51.545143686716166,29.613817217110974],[51.542545954594324,29.616117510315469],[51.53992806416214,29.61841495957632],[51.537425250628971,29.620601424415447],[51.534844456673859,29.62285782544998],[51.532371833977493,29.625006156327792],[51.529812185504333,29.627270405385531],[51.527235260953631,29.629533915820048],[51.52458962215448,29.631839144746912],[51.522144885644167,29.633995554190182],[51.51968691813844,29.636152172737521],[51.517070144001053,29.638428553605127],[51.51448754271614,29.640678798410757],[51.511805948577134,29.64303295412989],[51.509358092222492,29.645182482140687],[51.506829386149462,29.647392842150321],[51.504302876182649,29.649619006112214],[51.501734153302657,29.651914295302376],[51.499045190565298,29.654298752893187],[51.496702572580958,29.656349148525678],[51.493848783068572,29.658926291182482],[51.491306022277627,29.661135709784023],[51.488940367990921,29.663265048954948],[51.486349380682867,29.665564583012006],[51.48378867152384,29.6678269051943],[51.48119617395195,29.670136990015493],[51.478645328646714,29.6724433757478],[51.47612446126886,29.67468784198639],[51.473503846570665,29.677043989416987],[51.470975917160253,29.679327471730236],[51.468351150088935,29.681670774579278],[51.465939524442454,29.683848055685981],[51.463511372664634,29.686064771478485],[51.461005435573028,29.688283325342784],[51.458431919832996,29.690603411590228],[51.455946853576705,29.692859030716683],[51.453289459893419,29.695216648982225],[51.450766893212098,29.695198075747566],[51.450056476009443,29.696109983023234]]},"properties":{"OBJECTID":6,"gis_id":"KZ817","denomi_vol":3,"owner":null,"Shape_Length":100803.09725605638}},{"type":"Feature","id":7,"geometry":{"type":"LineString","coordinates":[[52.299578424596433,29.440493435434508],[52.298824189561778,29.440497235701237],[52.29857523616657,29.440498488962699],[52.295023370281186,29.439305023547401],[52.29072776894975,29.439179234549474],[52.287669404903269,29.439096864524334],[52.284111787538443,29.438961932471468],[52.278889679334576,29.438800159871544],[52.273293545471624,29.438614973438405],[52.267753047718919,29.438426846729904],[52.265099512271384,29.438349915207617],[52.259100240288177,29.438168299719553],[52.253493191414648,29.437963110207757],[52.247981391922572,29.437775014940389],[52.243953183620178,29.43767056727749],[52.239230410598218,29.437532357470626],[52.236224756150278,29.437453046887342],[52.233186550820115,29.437353710252157],[52.227641155273425,29.437136588952356],[52.221145759216789,29.436943413587798],[52.217882506917526,29.436873820078866],[52.212519473731042,29.436698931006042],[52.20747509762213,29.436512368693016],[52.20249682276782,29.436375888171657],[52.197438888514533,29.436178324640306],[52.194168411681957,29.43607271744234],[52.18937411382236,29.435907451825877],[52.184507365446926,29.435710085087614],[52.180358315836394,29.435598514390165],[52.177470412206148,29.435500339988419],[52.173771919503807,29.435396276507898],[52.169273841395267,29.435234330753708],[52.16623104700173,29.435144986058969],[52.162909126999239,29.435033343943292],[52.159546098953165,29.434910652886021],[52.155606086431177,29.434770327359139],[52.152220839382068,29.434638599411546],[52.148441033764122,29.434522436334586],[52.144779635591036,29.434417426614189],[52.139714736686685,29.434231872118353],[52.134377909951901,29.434048007954104],[52.130062184502563,29.43390779654133],[52.125835130512911,29.435470440422744],[52.122043567108847,29.436868367907319],[52.118621431780646,29.438130747533933],[52.115107465959554,29.439440002253441],[52.111772468598232,29.440674385341215],[52.108351655063387,29.441934647373333],[52.104923774660428,29.44318094217363],[52.10152764558611,29.444421344430072],[52.096454439738913,29.446282962180224],[52.092160345880465,29.447870401841048],[52.08868950464079,29.449154648157968],[52.085177652214192,29.450439875950735],[52.081684560368707,29.451728202625958],[52.078542271445826,29.452895821730571],[52.074535067033665,29.454366493822327],[52.071538567265414,29.45546929444178],[52.067812925586132,29.456837307975928],[52.06474846601683,29.45796504790442],[52.060818340608812,29.459413742910126],[52.057649082000452,29.460551356390351],[52.052371084542003,29.462498780323674],[52.049646279409323,29.463491871691701],[52.046681561636952,29.464586769054524],[52.0433894713467,29.46580622721191],[52.040214548572337,29.466971706037548],[52.036682446118711,29.468240033191421],[52.033598825861496,29.469400814957151],[52.02967347952589,29.470835607825677],[52.02732131597061,29.471718058394792],[52.024429053984761,29.472765849294081],[52.021363578460445,29.47388360831031],[52.018009381184683,29.475108081924432],[52.013617560533447,29.47673137996923],[52.010071942085638,29.478021524431309],[52.005659730393688,29.479624602104693],[52.003028180883838,29.480533429669368],[51.998849324568575,29.482135846082613],[51.995993156727124,29.483194619398844],[51.992300195323729,29.484551787780831],[51.989454072485678,29.485635439574235],[51.985830467960326,29.486936638953352],[51.980729159710478,29.488810314122382],[51.976680193451728,29.490305894238023],[51.972435280699209,29.491827353893292],[51.969651383961498,29.492852450479194],[51.964347581168937,29.494783821734796],[51.96097667309936,29.496034180262313],[51.959230796030837,29.49666229958466],[51.953268914862342,29.498864490893091],[51.950439623033901,29.499857781232901],[51.946247932945788,29.50138780826423],[51.94010522306688,29.503646991427434],[51.937140969012511,29.504738743681553],[51.932855649603155,29.506280200215077],[51.927932485189991,29.508113072797862],[51.924099236460648,29.509523906617634],[51.91916411514255,29.511324646359085],[51.91694697341061,29.512139194609553],[51.912099172924094,29.513870813768953],[51.906927302560291,29.515809730177057],[51.903986958124612,29.516890535067819],[51.901563966715784,29.517784919024113],[51.898969748219713,29.515861261639415],[51.89381066297085,29.512116202711855],[51.891014429961565,29.5100960964559],[51.887844345577982,29.507784631487961],[51.885133682256985,29.505804458447805],[51.883253834117262,29.504451328257577],[51.878565957038816,29.501032169571328],[51.877505795636488,29.500259911128943],[51.872111651226007,29.496352829517544],[51.869767020991326,29.494648115441571],[51.867263931426905,29.492850326602479],[51.864406975506881,29.490768225310976],[51.860839797071975,29.488176198786853],[51.857613729007696,29.485829594171467],[51.854590028850239,29.483629164092147],[51.851480624163905,29.481375690598369],[51.849090254711705,29.479633026903024],[51.846267996595337,29.477583831052129],[51.843345242243409,29.475459688634235],[51.841098538680207,29.473805213739016],[51.837736717537034,29.471349364615477],[51.834683122138891,29.469119920542358],[51.831896745448688,29.467089751400319],[51.829057543064096,29.465027547328695],[51.826077815392246,29.462861251426194],[51.823208616923779,29.460768952217265],[51.820340708542126,29.458702895696277],[51.8179922208246,29.456962259532769],[51.815047971417862,29.454842726052142],[51.81347403573433,29.453706137134695],[51.812414523323483,29.452941004701451],[51.809352278396204,29.450682398890294],[51.80469774634232,29.452378285791923],[51.801490551511904,29.453502917404062],[51.796827770804711,29.455214104240753],[51.792805639893643,29.456666829359623],[51.789230843051655,29.457972490635331],[51.784624757268645,29.459603069125865],[51.780382588796549,29.46114366874427],[51.776984566045591,29.462373109625176],[51.773759428579126,29.463554694308421],[51.769565724699206,29.465069162543944],[51.764874296247328,29.466748232126463],[51.761064421818553,29.46813399690841],[51.757622551469709,29.46930305290692],[51.751734110159859,29.471278728295747],[51.74809254775726,29.472484906423237],[51.742449133708178,29.474394808112915],[51.737909489805908,29.472274150062553],[51.734957925788905,29.47085606418592],[51.73089166039496,29.468904569675328],[51.72564213830082,29.466391736768365],[51.721872225768884,29.464601617661796],[51.71743486890859,29.462468727703651],[51.71244185333633,29.460103801365268],[51.709188586922373,29.455456383347041],[51.707102873669804,29.454526947119689],[51.702510803463063,29.453011670726958],[51.697094996161603,29.453563186862542],[51.695181682185577,29.454055683113406],[51.691589712377713,29.455010888227903],[51.688805560948332,29.456045246897901],[51.684787398244559,29.457551987552264],[51.67895342869943,29.459704818902516],[51.675245528536195,29.461088132931252],[51.673288782841354,29.46371946672452],[51.670902440528856,29.466932894637626],[51.668394008721528,29.470254397255697],[51.665701409451081,29.473887767037841],[51.663712949724328,29.476537907261601],[51.660259249174331,29.481254345218673],[51.657224907654353,29.485265098246224],[51.65481524063005,29.488499639774826],[51.652887205515604,29.491847496886617],[51.650691646759995,29.495584363015602],[51.64861696308153,29.499198502143468],[51.646435430962633,29.502974200529579],[51.64352634334351,29.507971289546731],[51.640912394268341,29.512477764856477],[51.639145067189581,29.515530062900474],[51.637072511830958,29.519116044606324],[51.634745847602979,29.52314463490972],[51.633063290607843,29.526024726275384],[51.631025164816691,29.528137078694755],[51.627762366854654,29.531427479309013],[51.625080932376115,29.534141934910664],[51.622994575418289,29.536282712119036],[51.620768319686221,29.538518350829996],[51.618602638056537,29.540723420631707],[51.616334390159373,29.543058941133694],[51.61417115094627,29.545229607662645],[51.611437692410192,29.54801403126595],[51.608643443896902,29.550872180326547],[51.606109158652771,29.553454578393634],[51.602451089653137,29.557191910176019],[51.599130134467693,29.560596351621513],[51.596401915862252,29.563343587701112],[51.594093661426669,29.565715091093971],[51.591675353605076,29.568120682678508],[51.589406598536762,29.570464716977941],[51.587007423140562,29.572927079263394],[51.584584200347791,29.575389507860752],[51.582174927956174,29.577840994109465],[51.579861609212998,29.580180615699909],[51.577671162285284,29.582407444659431],[51.575403713765226,29.584714216487246],[51.573053375348003,29.58712278760807],[51.570703140863841,29.58950829058919],[51.568015789542997,29.592238664360693],[51.56562649047784,29.594690170306539],[51.563068332338219,29.597276453138321],[51.560624890529617,29.59976209234188],[51.558533131867158,29.601902252515711],[51.555385475178198,29.604658422417927],[51.552936646880163,29.606813908603211],[51.550255957817569,29.609162143560997],[51.547696202502728,29.611414500615989],[51.545046421322205,29.613732840117489],[51.542448613039085,29.616033202152746],[51.539831047396184,29.61833036662275],[51.537328318082913,29.620516751703743],[51.534747655665342,29.62277303483183],[51.532274745017098,29.624921614175541],[51.529714831175632,29.627186097096299],[51.527138264362591,29.629449288374264],[51.524492524747409,29.631754607848308],[51.522047617462931,29.633911169625001],[51.519589983061948,29.636067489074705],[51.516973373453517,29.638343728433252],[51.514390545815182,29.640594163588862],[51.511708760290659,29.64294848597822],[51.509261008793203,29.645097923375328],[51.506732214183209,29.647308357709083],[51.504205173357434,29.649534992966654],[51.501636291911119,29.651830419876891],[51.498947820755646,29.65421443505274],[51.496604758230518,29.656265216921827],[51.493751141371021,29.658842203439765],[51.491208456653652,29.661051554935032],[51.488842291899829,29.663181349129744],[51.486251753086684,29.665480484363094],[51.483690938845299,29.667742895320522],[51.481097885459263,29.670053474841616],[51.4785470523043,29.672359846033189],[51.476026318567641,29.674604192627449],[51.473405357912377,29.676960651644784],[51.470877595025478,29.679243979898683],[51.46825283602999,29.6815872753867],[51.465840674990076,29.683765038543552],[51.463412982024963,29.685981330388657],[51.460907345393629,29.68819961784828],[51.45833323035334,29.690520240371793],[51.455848544790634,29.692775515225524],[51.45323247584335,29.69509646826836],[51.450772870915841,29.695078358361908],[51.449866593653887,29.69511289635086]]},"properties":{"OBJECTID":7,"gis_id":"KZ819","denomi_vol":3,"owner":null,"Shape_Length":100767.60897516458}},{"type":"Feature","id":8,"geometry":{"type":"LineString","coordinates":[[53.457077545168993,28.957619359834876],[53.456641944626575,28.958181474596149],[53.454713437498434,28.95946039815821],[53.451609402263216,28.959920985268884],[53.448978782869418,28.959118723135909],[53.444830633309657,28.957783424320191],[53.441389703995767,28.95666851067552],[53.438175521757628,28.955642725572794],[53.434257239139839,28.954322677596643],[53.430710210080633,28.954266805373344],[53.42676691016424,28.954141466710769],[53.422508425123098,28.954031804829569],[53.419084264452366,28.953923174722373],[53.41502867425703,28.954676870545981],[53.411182307089156,28.955403586704826],[53.407008216392242,28.956198119925986],[53.403666411185874,28.956821793524465],[53.399720287695033,28.957580467747178],[53.395713733508806,28.958326456628612],[53.391778078447814,28.959076234816997],[53.387670798690195,28.959848457934807],[53.383786818885895,28.960575237791538],[53.379975389568273,28.961306384625136],[53.376891505776975,28.961880130994555],[53.376552905903466,28.961943122395233],[53.376120913325295,28.962023485751232],[53.37219677488239,28.962696908180924],[53.368593161285347,28.963908965717287],[53.365008911406889,28.965038435599027],[53.361231508262534,28.96621390207935],[53.357660533841809,28.967402460820356],[53.353896343106371,28.968617444654388],[53.350145568690536,28.969805076351406],[53.346290181648975,28.971070315939251],[53.342373122315848,28.972272012112125],[53.338553780269272,28.973492698600506],[53.334741081689806,28.97470768257558],[53.33085645322523,28.975912533059976],[53.327016170576258,28.977131584366234],[53.32319967152516,28.97835681420176],[53.319315007867694,28.979578632837875],[53.315474931647692,28.980803989693193],[53.311618966736312,28.982021774110958],[53.308220527689492,28.983090155370174],[53.304593429706628,28.984254108892898],[53.300762310018378,28.985451460379203],[53.296885824266845,28.986680255458126],[53.293084487123402,28.987879133523268],[53.289179593726267,28.989113711599355],[53.285458807623826,28.990307260121551],[53.281654833232253,28.991520208626948],[53.277749584419496,28.992761480168337],[53.274009673671273,28.993952680991654],[53.270133892299306,28.995190564573775],[53.266266956290906,28.996394485163574],[53.262421352308877,28.997609826002005],[53.258617797472411,28.998817214608767],[53.255323480751237,28.999819008807044],[53.25122717777537,29.001111806060585],[53.246959315911035,29.002446976922158],[53.242282803191145,29.003944987165319],[53.240013455551221,29.006059833867347],[53.237472078340254,29.00845503440156],[53.234554690892679,29.011197170953665],[53.231294474715632,29.014239663121952],[53.228013074793608,29.017386583348209],[53.225741125576711,29.019432463966041],[53.223703157852114,29.02136908312033],[53.222923158821004,29.022096640210151],[53.222825430354099,29.022187797088691],[53.221700486927439,29.023237077678143],[53.220001166606671,29.024891590929194],[53.216134009899534,29.028373202940138],[53.212517406803691,29.029905669228437],[53.208996145571085,29.03131421300894],[53.205566263560016,29.032681569222003],[53.201962990204699,29.034163076560134],[53.199380157434248,29.034841894546165],[53.195513880091902,29.035857869131696],[53.191176381723054,29.03702385042105],[53.18747534759973,29.036780485234477],[53.18470637270002,29.036605175708907],[53.179575724018399,29.036292742124619],[53.175346435644165,29.036040248227387],[53.175266725725407,29.036035488336548],[53.17497933500308,29.036018325277137],[53.171828629365017,29.036843541186915],[53.167852449586078,29.037889616347421],[53.164025141213791,29.038890453460461],[53.160029519619393,29.039994700423886],[53.15639097253451,29.040937215927769],[53.153062874681268,29.041804663105431],[53.149717637023414,29.042705286784983],[53.146555196563781,29.043541356130955],[53.142764638694317,29.044557850574616],[53.138776356818553,29.045569010689206],[53.135172124131962,29.04524247475921],[53.13153841067772,29.044802981927933],[53.127687580311097,29.044389964852485],[53.123516759248105,29.043912203993223],[53.119483786683588,29.043474078147394],[53.115647560121751,29.043065365854378],[53.111515055522794,29.042607601334829],[53.107456148199859,29.042163593511653],[53.10337695862372,29.041715304044356],[53.099369205277974,29.041274977014663],[53.095279792855557,29.040821089190757],[53.091658625714942,29.040419087158188],[53.087804467657094,29.039993278126865],[53.083669691752931,29.03954408143515],[53.07972157762898,29.039123258305871],[53.075736011348909,29.038687983965904],[53.071888220077433,29.038263525241899],[53.067756248723484,29.037812791559961],[53.063413191949138,29.037341333407078],[53.059615981768658,29.036921866185615],[53.055822302044277,29.036496974149866],[53.05183447502143,29.036070629583403],[53.047886144942794,29.035627697051385],[53.043888489744695,29.035189941804997],[53.039931962513499,29.034741061420657],[53.03607063454001,29.034325653609471],[53.032236763652975,29.03390646970508],[53.028206983962185,29.033464458776528],[53.024226247277753,29.033028766663332],[53.02015644640823,29.032589404713409],[53.016054483142845,29.032141314801901],[53.011974575317737,29.031680371966292],[53.007927547318019,29.031237013231916],[53.003873577464113,29.030782695273796],[52.999794764410922,29.030339793962174],[52.995745309717641,29.029897276683467],[52.991663715242076,29.029432838362041],[52.987616410011512,29.028992540697701],[52.983510421804056,29.028503695351638],[52.979388575313379,29.028076654586517],[52.975330682354617,29.027633651828388],[52.971244005557111,29.027179102091857],[52.967276135016171,29.02674035716732],[52.963363575101503,29.026307133040181],[52.959514513474574,29.025900755880254],[52.955819100218854,29.025473696593917],[52.951927343739541,29.025034700285573],[52.948552789536997,29.024679394347206],[52.944481808667625,29.024220797809328],[52.940520763537869,29.023799166933415],[52.936535059806161,29.023368512136425],[52.932460004827405,29.022917421848298],[52.928339321582683,29.022467143186972],[52.924273823516479,29.022011620408907],[52.920197550582429,29.021552348328704],[52.916099596017631,29.021089508607982],[52.912016849385715,29.020611585602889],[52.907944203206092,29.020161528190652],[52.903855175361294,29.019698434838396],[52.899825500223592,29.019251101786303],[52.896117434967962,29.01883969581413],[52.892388766852335,29.018407454105763],[52.889018640914145,29.018080473836928],[52.885633254001732,29.01771522452233],[52.881800159826348,29.017262836621516],[52.87745740161283,29.016751169373187],[52.873624403476143,29.016354689457025],[52.869345222770676,29.015872802497821],[52.865458221488218,29.015442228545314],[52.861330398616602,29.014983988915379],[52.857287335643122,29.014529594476542],[52.852947993262198,29.014156445990448],[52.849088628132385,29.013806596935435],[52.844987695552284,29.013439640164108],[52.840885389290442,29.013061823592917],[52.837219684178045,29.012736648195776],[52.833148217907748,29.012381805877663],[52.829109682038279,29.012029339693388],[52.825312692799969,29.011697271837551],[52.822383871794322,29.008943423678613],[52.819750710823342,29.006455009592276],[52.817037929940817,29.003941368124881],[52.813553014941775,29.002855449746775],[52.81003918865305,29.001792215376771],[52.807090573186805,29.00087976290143],[52.8040119362526,28.999937002652661],[52.800491213252712,28.998843398923853],[52.796289858195195,28.997546394646747],[52.792241386006417,28.996285195396339],[52.787997666210444,28.994963665809497],[52.784667411206804,28.993928432222624],[52.780549850744251,28.992670688780674],[52.777257288447295,28.99162961838363],[52.77150039198068,28.989869125787369],[52.768676861559761,28.988451427807032],[52.76763375511004,28.98762023520289],[52.764192974827772,28.986342747716197],[52.76142586285895,28.985798452206893],[52.757301303597764,28.985146774352074],[52.755462770761049,28.983944979732822],[52.752857765333523,28.98216032903823],[52.748220062412237,28.981157456891079],[52.743854648028147,28.982496304624558],[52.739264973798093,28.983917291748185],[52.735169075962681,28.985202474709681],[52.732565592549008,28.98782601464589],[52.729830799145965,28.990695279480583],[52.727297177761116,28.993324781491289],[52.724666469004603,28.996033029425192],[52.721984044717637,28.998830947284549],[52.719442310407302,29.001448791035756],[52.716958623243194,29.004048657452419],[52.714302002737242,29.006776677351777],[52.711608623384592,29.009582404878532],[52.709075476509589,29.01221020896099],[52.706352076322403,29.015047056960199],[52.705104974965792,29.01635514275689],[52.702997633022321,29.016175904267666],[52.702260622516263,29.016699790493963]]},"properties":{"OBJECTID":8,"gis_id":"DF927","denomi_vol":2,"owner":null,"Shape_Length":78979.748146249258}},{"type":"Feature","id":9,"geometry":{"type":"LineString","coordinates":[[52.300091946507187,29.437106642915854],[52.299981206448201,29.43659734953502],[52.296947256353008,29.43496390992113],[52.29401122228105,29.435785686573013],[52.293547518895714,29.43591546640064],[52.293066057032966,29.436049333574068],[52.290592678005531,29.4367370093434],[52.287955778338592,29.437482401598015],[52.284058400386975,29.438568043003066],[52.280554718122929,29.438461228305727],[52.277407300891454,29.438336275697125],[52.273114337504403,29.438203134189511],[52.265806662356937,29.437962579863704],[52.259168993595651,29.437762457480936],[52.254180288017736,29.437558876664607],[52.248539524656024,29.437363664018861],[52.244970243453785,29.437261711240012],[52.239376955684179,29.437146604433444],[52.235095222271099,29.436960976667031],[52.228274037076581,29.436745074112093],[52.22191734170562,29.436556110793557],[52.218351013380747,29.436433526317693],[52.214475304600754,29.436292991520403],[52.212192639835969,29.436228963227599],[52.207957423397652,29.436084765603983],[52.203261960801207,29.435986802932977],[52.199643882663715,29.435800925048696],[52.195844236960724,29.435666906190512],[52.19005787600468,29.435461136247945],[52.185922048168386,29.435338650717483],[52.181492197289913,29.435209532601462],[52.178769319689891,29.435115184974315],[52.173936685303993,29.434941236386074],[52.168754164549213,29.434775587030366],[52.165685152593475,29.434672118084677],[52.161405186207276,29.434497836492824],[52.157785366965761,29.4343767730997],[52.153513195129385,29.43422270547925],[52.148250756697394,29.434042839886999],[52.1440967302172,29.433906721577888],[52.139592234625376,29.433749323470373],[52.135025549940977,29.43360177659136],[52.131094194337265,29.433464842910908],[52.127598167288461,29.43337625833821],[52.124191437348969,29.434609157796306],[52.12072427551827,29.435897020296522],[52.117973702593247,29.436944870501705],[52.114386056680971,29.438287044681871],[52.111073521057364,29.439510203054922],[52.106868443817191,29.441101949525596],[52.104441373933192,29.441995215948861],[52.101130482027628,29.443216169372846],[52.097726244177451,29.444498477599545],[52.095022945667637,29.445501460086703],[52.090896149967435,29.44704345406468],[52.086701030400334,29.448601407222206],[52.082927259036694,29.450019590771262],[52.079358337788783,29.451345874771466],[52.075365866413527,29.452835511299757],[52.072334885099409,29.453975913321528],[52.069305850439981,29.455099868361398],[52.065600990630784,29.456474320705343],[52.062120373862676,29.457796819462622],[52.058217345018761,29.459208019185319],[52.054238873845335,29.46069456219907],[52.05005975690171,29.462238795820376],[52.04664951603641,29.46351659102131],[52.043047473774571,29.464858850733677],[52.040148325782972,29.465944639640771],[52.036672325756335,29.467241305186956],[52.033500433362228,29.468425210631036],[52.029620588387857,29.469889344431571],[52.025920024500785,29.471238745938024],[52.022122008028681,29.472655906659813],[52.019414476521298,29.473656627123415],[52.016194687209584,29.474864106115028],[52.01244239939146,29.476265916767968],[52.009197580685068,29.477446639484743],[52.004831924055765,29.479068078812354],[52.001700194708697,29.480201145774235],[51.996641822755002,29.482120428648273],[51.993609415482553,29.483264919979359],[51.988837192883253,29.485044744578619],[51.9855653068064,29.486258723235835],[51.980480405696916,29.488147016874208],[51.975989246698191,29.489811562563677],[51.971694691698978,29.491416030182712],[51.968148757785784,29.492716386388228],[51.964071878888028,29.494230617421358],[51.960627860360276,29.495403078162372],[51.95867197380236,29.496059908769155],[51.952625228226466,29.498099863635254],[51.950519636568366,29.498787024898181],[51.945832510549003,29.500363270414088],[51.942734927472991,29.501415432214468],[51.93881976464094,29.502710437824586],[51.935442982753742,29.503856522445897],[51.932176371339565,29.504986005584001],[51.926830701845056,29.506758883487336],[51.922220061860621,29.508295650546415],[51.916436095101339,29.510253616719758],[51.914002730369013,29.509588458698261],[51.908469438073055,29.508038275931082],[51.904837582256995,29.507033187203678],[51.900254761837907,29.505707571686415],[51.895110751638725,29.504293100267667],[51.889125596375678,29.502629435591349],[51.88400443918156,29.501151513881787],[51.881871101464448,29.500551343278016],[51.880239149126041,29.499363143676231],[51.876126209488653,29.496564903314379],[51.873120616481899,29.494542307552734],[51.870257047120397,29.492489140131394],[51.867433128452788,29.490520044485482],[51.864250545735459,29.488370155234239],[51.86165324119105,29.486579096555406],[51.858579776528792,29.484444409870552],[51.855203950869189,29.482109032057114],[51.85182864238957,29.479776295028962],[51.848550716404574,29.477524900203882],[51.845402166168981,29.475339860137858],[51.842075741875547,29.473039647032252],[51.838818258613472,29.470751235910988],[51.835780629566237,29.468640030080785],[51.832699270132487,29.466504965925626],[51.829462933153792,29.46425740209218],[51.826373970233462,29.462126703019944],[51.823284127004506,29.459989007811807],[51.820266100041437,29.457887283496227],[51.817387095144817,29.455898967431335],[51.814008505341363,29.453556376483569],[51.81347403573433,29.453706137134695],[51.813319137300461,29.453749540213021],[51.812944332336563,29.453854559748798],[51.805330248876707,29.455986798674726],[51.802750072438279,29.456764641354585],[51.798271612604914,29.458101204078947],[51.794510366104859,29.459135598018165],[51.788858792272833,29.46074883223449],[51.783267096557452,29.462457811441336],[51.779195989669361,29.463754646258149],[51.775182705211222,29.46503301251348],[51.770929778264438,29.466346819008983],[51.76634895878999,29.467775058851537],[51.76204903195098,29.469050424517643],[51.759124357548821,29.46994327322491],[51.753157239270685,29.471768841483573],[51.749824216871872,29.472808615391514],[51.745206967132198,29.474224773883051],[51.742749539477508,29.474991822343405],[51.737729950675082,29.476543010447433],[51.734402995003634,29.477574311752445],[51.729686277134583,29.479035396411586],[51.72785042360357,29.479628114458745],[51.724347180164592,29.481396668776974],[51.72082468774591,29.483230408823481],[51.717830964219424,29.484757722768318],[51.714662569668484,29.48641610053609],[51.711766482909994,29.487904642516106],[51.708525625859828,29.489566225260912],[51.705269329252928,29.491247177432083],[51.701883270633935,29.493001166085786],[51.69870362380761,29.494647763427803],[51.69589518260576,29.496654944865863],[51.690029935327843,29.500918384729989],[51.685901953291797,29.503946682926159],[51.68265671946677,29.506296275477389],[51.679257261579629,29.508882785804431],[51.675097656729562,29.511770384248088],[51.67261420984731,29.513592014591502],[51.669692995245569,29.515678835148318],[51.668130616032045,29.51682440095944],[51.664649730578411,29.519348279643019],[51.660669443462055,29.522229406583431],[51.656583739758403,29.525210356891453],[51.652607994053014,29.528148501887127],[51.645029642211007,29.530883085081427],[51.637836069229387,29.533430291315224],[51.635250509421397,29.53553641800243],[51.632167063348732,29.538050736289229],[51.628574997087973,29.540974154237286],[51.624482536525086,29.544299682761419],[51.620641302426954,29.54743398103011],[51.617074506796179,29.550322148864318],[51.614756433439403,29.552230137102804],[51.611648837509378,29.554799434024702],[51.607780052970831,29.557890206501025],[51.605603006840632,29.559640302611371],[51.603195980234396,29.561627130557248],[51.600288724360688,29.563984586169525],[51.5974356144837,29.566291209784829],[51.594303683258936,29.568826631519926],[51.591513898116318,29.571074984695738],[51.588576877243618,29.573703317641737],[51.585673509727158,29.576741384934937],[51.583066881552966,29.57954079885981],[51.580254835702583,29.582564831295983],[51.57816258879491,29.5847634834514],[51.57586463448672,29.587181046743382],[51.573706749095713,29.589535951190317],[51.570663506636045,29.592732665375181],[51.568837431864921,29.594678073753904],[51.565660174336479,29.598054136447239],[51.563499037754738,29.600345321215354],[51.561152885597807,29.602833458877658],[51.558590378729654,29.605565931493246],[51.55594130782508,29.608370348257726],[51.553396832166364,29.611094654592971],[51.551050032768828,29.61358585488053],[51.548645959165341,29.616128329839107],[51.546075036678374,29.618854146842455],[51.543412214864048,29.621695114610919],[51.540903125113999,29.624352620632401],[51.538659353418076,29.626740870122703],[51.535648912701873,29.629925910219399],[51.5332116079041,29.632505933561603],[51.530411722684384,29.635505333351762],[51.52757734159141,29.63858930791563],[51.524858849140209,29.641563341734251],[51.522435816452848,29.644207645991777],[51.519870942261022,29.646997618687955],[51.51738411160256,29.649729389448982],[51.514729818122966,29.652623224646327],[51.5121140942572,29.65546448261852],[51.509505327906297,29.658300187719711],[51.5069777606017,29.66106990010849],[51.504515922947327,29.663759660414396],[51.50210128245714,29.666367668937745],[51.499645193420008,29.669059526211988],[51.497079717393582,29.671843682935766],[51.494552390148144,29.674583889535878],[51.492048447365711,29.677338278124147],[51.489476264267786,29.680132763183014],[51.486981515095636,29.682864194379693],[51.484491086174629,29.685601196049323],[51.481829936647365,29.688479215077777],[51.479335546067702,29.691249100104116],[51.476877118741925,29.693912607537126],[51.474356003555528,29.696729207494688],[51.471766054829253,29.699495997731802],[51.469257282288837,29.702287540576481],[51.466237257599033,29.705135227557921],[51.463693172640767,29.705007403637996],[51.461225224822186,29.704835050009393],[51.460418510339693,29.704577250535795]]},"properties":{"OBJECTID":9,"gis_id":"YZ910","denomi_vol":2,"owner":null,"Shape_Length":96344.232406137729}},{"type":"Feature","id":10,"geometry":{"type":"LineString","coordinates":[[52.28302163459108,29.655458018438608],[52.282942217865198,29.655190520422344],[52.282247645350701,29.654063161474092],[52.281832138902146,29.653137936086534],[52.281402456194989,29.65220785772355],[52.280653588986816,29.652119947809457],[52.279864873852183,29.653097290592804],[52.279089055282846,29.654043059635402],[52.278302248757349,29.655027601401301],[52.277513144902471,29.655998975042799],[52.276731619118515,29.656983381127027],[52.276484114878905,29.657657016027869],[52.276441247060674,29.657773689517434],[52.276299883527962,29.658158433212986],[52.275424026112844,29.659288256538193],[52.274566389529355,29.660415617821258],[52.273703552650488,29.661540276846225],[52.272934581656472,29.662546759420675],[52.272212492840978,29.663483686048316],[52.271685023922501,29.664132419591784],[52.270297977843121,29.664746364933077],[52.269007236621441,29.665287727523665],[52.2674922838127,29.665917640895547],[52.266099728073364,29.666518783630426],[52.264699414366611,29.667109034589906],[52.263312707970307,29.667695248380788],[52.261795090326309,29.668336865157432],[52.260642938759425,29.668825752625025],[52.259279635165697,29.669402097269167],[52.257885938691487,29.669995039152358],[52.256489389242098,29.67058657332656],[52.255073583924201,29.671185680478622],[52.253696056839495,29.671760998899206],[52.252302229720875,29.672349917426004],[52.250910327874081,29.672935758698632],[52.249422140815213,29.673571341994592],[52.247960795453274,29.674181814935377],[52.24686286114683,29.67465116351412],[52.245877425401481,29.675073843757481],[52.244872568217531,29.675621303924391],[52.243597573928525,29.676390780317004],[52.242315466778606,29.67715132896846],[52.24094512085496,29.67797756885297],[52.239892693698401,29.678610865702186],[52.238685811139547,29.678892306575008],[52.237198587409985,29.679250898038365],[52.235864112084691,29.679566698624647],[52.234591373182681,29.679860260333399],[52.233441467467181,29.679191874794586],[52.232372650012508,29.678609502899722],[52.231258385577824,29.677803904898951],[52.230194390656763,29.677032984198366],[52.229072135611844,29.676227367133826],[52.227673618917301,29.675216293418757],[52.226849120671574,29.674648419385516],[52.225663015937769,29.673755164533631],[52.224887701713058,29.673234743820739],[52.223608550325565,29.672186153182789],[52.222404085239852,29.671196012945163],[52.221339427494527,29.67034366156108],[52.220148086872072,29.669337817726149],[52.219084259005115,29.668416555686019],[52.21787698771125,29.667468045480621],[52.216848210427464,29.666647430169892],[52.215719796769413,29.665711801461789],[52.214563559728695,29.664802475375968],[52.213449709062211,29.663875267455126],[52.212717921704275,29.663305930761265],[52.212699486170386,29.663302363495585],[52.211893438694844,29.663146372370523],[52.210139177878233,29.664554221660563],[52.207726821278754,29.666566705339125],[52.20602675494726,29.668081220606613],[52.203946682171846,29.669834971140041],[52.201673338568042,29.671792644364068],[52.199596001430109,29.673584679351059],[52.197495840489701,29.675345862494193],[52.195194136491523,29.677329727367166],[52.19286509433298,29.679329763042087],[52.19081554706392,29.681106786045181],[52.188358615372074,29.683131880015562],[52.186852648161704,29.684519376042207],[52.184367964554781,29.686589582802743],[52.182590674502102,29.688129272647203],[52.180879716996046,29.689716471459271],[52.178676845343304,29.691884422002559],[52.176939015643157,29.693499868065931],[52.174941529697776,29.695457082285291],[52.172897241763181,29.697428329698575],[52.171222831920026,29.699096146749245],[52.169394210152262,29.700915210810397],[52.167075729567046,29.702868689710041],[52.164915819765966,29.705044911748224],[52.162744551756056,29.707020834508256],[52.160855061567752,29.708782537378767],[52.158577042484012,29.710950475337484],[52.156741790813456,29.712754010900113],[52.154563378839228,29.714835517519948],[52.152348210052367,29.71693380159882],[52.150770879324241,29.718358769439806],[52.148796153225277,29.720260326828214],[52.146884509578065,29.72208388619185],[52.145231349641008,29.723653499705666],[52.143235846499046,29.725562712914638],[52.14177168491905,29.727045314967057],[52.1400375162156,29.728585649331684],[52.137098260743066,29.729732056121424],[52.135116347582162,29.730514637811996],[52.132037016266239,29.731732580655208],[52.129521415907185,29.732640501069483],[52.126539306677138,29.7338291362863],[52.124058863925981,29.734778423964492],[52.120809770680964,29.736090120263025],[52.117487176991823,29.737067245393774],[52.115405149293281,29.737710529727416],[52.112601078767767,29.738531019624475],[52.110219983754178,29.740400268167907],[52.107861644899167,29.742269295191328],[52.10634066899177,29.743488093429445],[52.104794937584671,29.744945723673776],[52.102356231398481,29.7466406301081],[52.099886402662612,29.748589989209382],[52.097858613881584,29.750127298810174],[52.095677937603796,29.751827364983416],[52.093753383374022,29.753397141894002],[52.091726636153616,29.755002858477237],[52.089526820125144,29.756806304190189],[52.087852214611587,29.758131166415598],[52.08578852299172,29.759570344981469],[52.083239622665353,29.761470294115146],[52.08108643989857,29.763015585929136],[52.078889117359417,29.764690618343824],[52.0766815282648,29.766251790824583],[52.075060578440137,29.767532236818916],[52.072483226256317,29.769403988839571],[52.070127419319185,29.771449245072649],[52.068095204928767,29.773152540198868],[52.065859922097189,29.775115208530213],[52.064015494482774,29.776743241322563],[52.062230090407283,29.778291831824074],[52.060101851215421,29.78021726815664],[52.058297903965041,29.781720840245352],[52.056322182393487,29.783458944129791],[52.05411843642564,29.785355245339886],[52.051958811090955,29.787230916667465],[52.049723647478473,29.789192317629727],[52.047401685073183,29.791282925315258],[52.045831668854355,29.792611737607523],[52.043574627895879,29.794536126263875],[52.041983279770854,29.795916636968148],[52.039651425164287,29.797977159048237],[52.038252085651159,29.799119706688508],[52.035885770855266,29.801240100235983],[52.033822240905238,29.8030330223738],[52.03186555993851,29.804793669397093],[52.029947164585273,29.806425054711418],[52.028069847727956,29.807968479705998],[52.026369522925968,29.80948812960148],[52.024520831562548,29.811678640017142],[52.022528080921333,29.814057007101969],[52.020789394203042,29.816115378982602],[52.018976230915193,29.818339529353111],[52.017309725841805,29.82024036104788],[52.015457722190192,29.822530083529667],[52.013670858329348,29.824701205442672],[52.012218402874709,29.826482207626185],[52.010464676705084,29.828548391157398],[52.008887565244876,29.830473623224844],[52.007250747274028,29.832424146440886],[52.005622640869738,29.834380810127257],[52.003802936009414,29.836585442519468],[52.002014722845708,29.838687898331749],[52.000224879411888,29.840888265422777],[51.998396884843409,29.843051838708188],[51.99666449568744,29.845083490930197],[51.994925761283952,29.847303218910056],[51.992904282877937,29.849643039575746],[51.991130327983917,29.852015395530813],[51.989098467437138,29.854199448131098],[51.987217387371878,29.856401269912357],[51.985381650609682,29.858565641445274],[51.983549567198111,29.860796780790913],[51.981620967170187,29.863061688197867],[51.97987179690994,29.865197452721059],[51.979880482191902,29.865397246450804],[51.979887201526566,29.865551815025103],[51.980046985050848,29.86564527920692],[51.980050394319669,29.865647273493035],[51.980189617332293,29.865728711193746],[51.980300183460308,29.865793385389697],[51.981698044608358,29.866611035479096],[51.98234767937889,29.866991358044121],[51.983501891163826,29.867667064466559],[51.984384497380248,29.86822539465485],[51.984521310167658,29.868295267682047],[51.984524801938498,29.868298264715218]]},"properties":{"OBJECTID":10,"gis_id":"AD603","denomi_vol":5,"owner":null,"Shape_Length":41570.450149290009}},{"type":"Feature","id":11,"geometry":{"type":"LineString","coordinates":[[52.283085565026724,29.655428645823733],[52.282984849008926,29.655174027190849],[52.282289902776157,29.654046065678326],[52.281875333658114,29.653122924913831],[52.281435448771447,29.652170760895793],[52.280631836355234,29.652076426192906],[52.279826982867284,29.653073768274751],[52.279051098952721,29.654019613533698],[52.278264231222046,29.655004233277278],[52.277475084372128,29.655975654038045],[52.276689470132474,29.65696521404562],[52.276452900107174,29.657609089148114],[52.276410032270661,29.657725762628864],[52.276257654227862,29.658140485157897],[52.275385415682493,29.659265635093128],[52.274527715836477,29.660393079763224],[52.273664905151136,29.661517705806819],[52.272895960355314,29.662524153621916],[52.272174247467859,29.663460590950251],[52.271653764537021,29.664100731508864],[52.270277400884837,29.664709948466989],[52.268987180114173,29.665251094709379],[52.267471989269296,29.66588110938644],[52.266079320815557,29.666482298099929],[52.264679182187798,29.667072473171945],[52.2632924494553,29.667658699631001],[52.26177480344284,29.668300329074114],[52.260622652180729,29.668789216358487],[52.259259322198062,29.669365570064048],[52.257865611739739,29.669958520885647],[52.256469105806609,29.670550034575623],[52.255053415976228,29.671149091683148],[52.253675901635482,29.671724407964032],[52.252282011164503,29.672313353944677],[52.250890021233758,29.672899228317942],[52.249401894204354,29.673534787352722],[52.247940538966439,29.674145265572609],[52.246842389062756,29.674614704443417],[52.245854811414894,29.675038305261474],[52.244847026917618,29.675587357511557],[52.243571294366802,29.676357284565189],[52.242289195646592,29.677117829272795],[52.240918718570079,29.677944142304828],[52.239872926587068,29.678573447818078],[52.238673622335753,29.678853121150226],[52.237186318732306,29.679211729457247],[52.235852091203093,29.679527473457153],[52.234599723744481,29.67981633864504],[52.233466662529381,29.679157740772308],[52.232399905128389,29.678576492347954],[52.231288057551467,29.677772642615349],[52.230223998117651,29.677001675821941],[52.229101724429079,29.67619604473704],[52.2277028471919,29.675184711167269],[52.226878717865219,29.674617084762772],[52.225692392177542,29.673723664367323],[52.224917855272693,29.673203767247895],[52.22364039481694,29.672156567220263],[52.222435731476381,29.671166263054413],[52.221371301236047,29.67031409210826],[52.22018061626185,29.669308802007031],[52.219116193221438,29.668387024111244],[52.21790821475102,29.667437959396882],[52.216879896604183,29.666617711897931],[52.215751361943887,29.665681983495947],[52.214595162520602,29.664772686212796],[52.213481217999004,29.663845401805631],[52.212748844554127,29.663275610419845],[52.212693518274605,29.6632647310342],[52.211877642278431,29.663104289743067],[52.210107387391716,29.664524588227437],[52.207694155102551,29.666537804846648],[52.20599400080858,29.668052398108451],[52.203914212412286,29.669805907316189],[52.201640676477929,29.671763744167418],[52.199563558245224,29.673555592577188],[52.197463403420443,29.675316767938007],[52.195161500935761,29.677300801892631],[52.192832409647735,29.679300878954482],[52.19078319992326,29.68107760785087],[52.188325752392331,29.683103126375997],[52.186819697195695,29.6844907022349],[52.184335531491122,29.686560479624664],[52.18255735538019,29.688100934970031],[52.180845381519227,29.689689077310685],[52.178642491251757,29.691857041898025],[52.17690470240057,29.693472454668719],[52.174906928068658,29.69542994707459],[52.172862515309227,29.697401317796178],[52.171187868256034,29.699069371139547],[52.169360523586654,29.700887160083315],[52.167041938574457,29.702840729561835],[52.164881437986757,29.705017544625289],[52.162710789745319,29.706992900092349],[52.160820941490577,29.708754935908761],[52.158542513255469,29.710923264905425],[52.15670723081189,29.712726834558872],[52.154529100848059,29.714808065634518],[52.15231437372767,29.716905930198834],[52.150736909925683,29.718331019722211],[52.148761758263554,29.720232984583973],[52.146850222886222,29.72205643964751],[52.145197040317896,29.723626072789394],[52.143201035876046,29.725535766290605],[52.141737436366974,29.727017800015773],[52.140010498590293,29.728551709692411],[52.137079180513425,29.729695021013253],[52.135097156724669,29.730477644871296],[52.132018518030016,29.731695314221735],[52.129502856641437,29.732603258259033],[52.126520301536281,29.733792073715481],[52.124039750323966,29.734741399851785],[52.120792525312169,29.736052343483845],[52.117471985697257,29.737028860647683],[52.115389989616155,29.737672137247873],[52.112577136368245,29.738495196715562],[52.110188781352001,29.740370143995893],[52.107830270385378,29.742239309076176],[52.106307806152728,29.743459301558243],[52.104763184108791,29.744915878976702],[52.102326099686785,29.746609661353872],[52.099855532842042,29.74855959996691],[52.097827848798651,29.750096830622418],[52.095646545071119,29.751797388791495],[52.09372185350103,29.75336727467533],[52.091695061237274,29.754973027248756],[52.089495253415649,29.75677646154627],[52.087822026249398,29.758100238172428],[52.085758870586389,29.759539036467981],[52.083209722201765,29.761439174767691],[52.081056340506066,29.762984610305097],[52.07885914323883,29.764659543741928],[52.076651232011272,29.76622094575562],[52.07503005658878,29.767501566479094],[52.072451860916338,29.769373934779793],[52.070094875300825,29.77142020889578],[52.068062570756439,29.773123585473503],[52.065826857376685,29.775086624915552],[52.063982530171131,29.776714569814025],[52.062196923131729,29.778263338379926],[52.060069005645666,29.780188484640693],[52.058265290115969,29.781691859511302],[52.056289306095145,29.783430192420091],[52.054085664669358,29.785326402015084],[52.05192587733633,29.787202214880281],[52.049690418428632,29.789163873923652],[52.047368749112323,29.791254218817627],[52.045799188265036,29.792582648108013],[52.043541938055348,29.794507211132441],[52.041950296669697,29.795887978240842],[52.039618938250143,29.797948060881911],[52.038219475607804,29.799090706610183],[52.035852656372924,29.801211552937882],[52.033789089454942,29.803004505537238],[52.031832586866322,29.804764995469537],[52.029914940307506,29.806395740982058],[52.028037200731454,29.807939515339633],[52.026333937023992,29.809461788402231],[52.024483280214753,29.811654629163687],[52.022490533154304,29.814032984840296],[52.020751670254157,29.81609157237499],[52.018938743633854,29.818315428034786],[52.017272187084835,29.820216319223729],[52.015419774108267,29.822506544276777],[52.013632962971073,29.824677600311826],[52.012180703436712,29.826458360546848],[52.010427007615505,29.828524512676108],[52.00884982215473,29.830449833307537],[52.007213101968986,29.832400236203743],[52.00558488676819,29.834357028409105],[52.003765324642934,29.83656148594687],[52.001977014949979,29.838664057503962],[52.000187128133632,29.840864476766242],[51.998359442147411,29.84302768624428],[51.996626553241455,29.845059919303402],[51.994887900145869,29.847279541505362],[51.99286612247387,29.849619710382438],[51.991092624812026,29.851991455986802],[51.989061679691353,29.854174522946384],[51.987179974909942,29.856377072622863],[51.985343975751462,29.858541752427389],[51.98351191645137,29.860772860402342],[51.981583299648364,29.863037789055578],[51.979834120778548,29.865173562180885],[51.977929656534542,29.867412737191756],[51.976240914900913,29.869486397311466],[51.974413297666715,29.871790622709398],[51.972319486088345,29.874181911082474],[51.970615136112812,29.876242099267522],[51.969325038285078,29.877835387382827],[51.967435323580446,29.880033763787473],[51.965875406332394,29.881881803863511],[51.964065401739106,29.884045577239149],[51.962401524254389,29.886026233120312],[51.960738761834925,29.888068181000701],[51.9589498967132,29.890209348153952],[51.957152799905522,29.892336278677224],[51.955437157043157,29.894387198753446],[51.95349776543771,29.896697861953076],[51.951630468495132,29.89896234390871],[51.949878471261002,29.901047357086746],[51.947967496945409,29.903338758092698],[51.946174908913278,29.905533072953691],[51.944429921656436,29.907595906220894],[51.94249587245919,29.909911470943513],[51.94069140991018,29.912065593212798],[51.938758761482383,29.91432851961018],[51.937165696269552,29.916250916717487],[51.935975889479835,29.917685009740445],[51.934820667375426,29.919628920592597],[51.933844203553953,29.921175905891666],[51.932690064400553,29.9230347816431],[51.931134409239149,29.925330234831854],[51.92975045452301,29.927823188031251],[51.928405045877874,29.929926445221646],[51.926882697551697,29.932441963075032],[51.925356294300869,29.934906074421644],[51.924077956791585,29.936985072804355],[51.922766852163008,29.939073936882963],[51.921540748902203,29.941111261710599],[51.92018579111344,29.943279746873017],[51.918894414138741,29.945364087238445],[51.917569533117735,29.947541437737819],[51.916266560974265,29.949651801058334],[51.914875435819894,29.951862225460541],[51.913304926225052,29.954440143350958],[51.911890998963941,29.956709181534599],[51.910577774374161,29.958855019312782],[51.909174070773531,29.96113668369965],[51.907785107277121,29.963338227715095],[51.906404397410839,29.96543810904846],[51.904969848227701,29.967911769885948],[51.903624123484832,29.970220410487663],[51.902193593405073,29.972445140257975],[51.900862215790461,29.974438181626702],[51.899798474626493,29.976667732741291],[51.898391703142543,29.979054992251509],[51.897162755932172,29.981644700737949],[51.89616750993973,29.983495491635143],[51.894936994390129,29.985541110309192],[51.894235655986513,29.988194435448527],[51.893298150644533,29.990880619997871],[51.891880923491001,29.993092100883363],[51.890560512842207,29.995029643139336],[51.888964697649371,29.99734631586217],[51.887511839670118,29.999477297546967],[51.885861945991472,30.001881423181832],[51.884282546552754,30.00407659892582],[51.882694053862139,30.006238976549369],[51.88127520760068,30.00851414990262],[51.879561647281577,30.011015242474379],[51.878205008034271,30.013036326191216],[51.876885568287328,30.014939429351578],[51.875449256907018,30.017011855513445],[51.873980167607371,30.019098877225758],[51.872865330980169,30.021108754566281],[51.871149904620381,30.023234658979369],[51.869669248469592,30.025266206282556],[51.868105340211116,30.027618380392333],[51.866439576285089,30.029805846571218],[51.865188046599521,30.032490201117184],[51.863923250461873,30.035000719263003],[51.862854989293702,30.037021305741465],[51.861597058036345,30.039543868396272],[51.860563795109442,30.041603737622324],[51.859198512594155,30.044188969219082],[51.857956786019912,30.046690023781856],[51.856869124759605,30.048881437128259],[51.855803115148035,30.050882499092065],[51.854673606453986,30.053091577424279],[51.853475123214501,30.055338651691411],[51.852378774919814,30.057562528968401],[51.852899662570515,30.059201842251007],[51.853621466252477,30.06136035072057],[51.854238911535624,30.06327554255126],[51.854113079520069,30.066279753845134],[51.854071029276234,30.068503371145734],[51.853944348793156,30.070811816351839],[51.855124946670522,30.071743963559591],[51.855565252507738,30.072059039648767]]},"properties":{"OBJECTID":11,"gis_id":"AS605","denomi_vol":5,"owner":null,"Shape_Length":67410.947557344363}},{"type":"Feature","id":12,"geometry":{"type":"LineString","coordinates":[[50.912261346922044,28.803466715206763],[50.912813414919114,28.803525589876749],[50.916355263435413,28.804029257424553],[50.919846236253029,28.804537293320418],[50.922339853998508,28.806612598173981],[50.923133333789124,28.810048266106094],[50.923916303976377,28.813474368424426],[50.924725767299343,28.81706878924027],[50.925502536203538,28.820483379693698],[50.926284984927854,28.823920819651033],[50.927077844930885,28.827426666749034],[50.927877448314895,28.830927848106537],[50.928664833942157,28.834427465815743],[50.929469880378257,28.837937350987108],[50.930269184862183,28.841471265141855],[50.931036010712006,28.844852382771702],[50.931753149152996,28.848042190307222],[50.932458451986633,28.85113175649699],[50.933203934529978,28.854402084606324],[50.933949083928304,28.857734416593512],[50.93471142417512,28.86108629822904],[50.935450450326314,28.86434685427216],[50.936150759535352,28.867411165266361],[50.936871640845375,28.870597207428034],[50.937637711208353,28.87395707605922],[50.938403279090267,28.877316694778621],[50.939190186825314,28.880801332613771],[50.939955248929898,28.884161682733708],[50.940753630575273,28.887636841110712],[50.94150647357602,28.890981443034335],[50.94231673330264,28.894523103671293],[50.943108348016978,28.89800351486517],[50.94391164239503,28.901526915831585],[50.944700174226213,28.905074569908123],[50.945516425194661,28.908590715076379],[50.946300624133585,28.912044107643538],[50.947083836482101,28.915465501494175],[50.947740168490533,28.918378724187587],[50.948181664399996,28.920867260853058],[50.948804885596516,28.924269988568209],[50.94942818715424,28.927818943006436],[50.950038183013703,28.931238423408598],[50.950563597038084,28.934245520204225],[50.951210288312552,28.937870777856546],[50.951828197960907,28.941315768248067],[50.952310796021138,28.944077561194963],[50.952802123811871,28.946816124946963],[50.953411807043274,28.950263349974747],[50.954037121631181,28.953802312798032],[50.954644427654841,28.957178287303954],[50.95526759120041,28.960647759611263],[50.955914506693716,28.964238252264924],[50.95653857860534,28.967764516089655],[50.957144406071293,28.971131456770014],[50.957690871767291,28.97425259637113],[50.958305046632042,28.977698319187031],[50.958848605568228,28.980770188116349],[50.960989282127066,28.982839709873044],[50.96350158222689,28.98526980894437],[50.966125849650211,28.987805032219498],[50.968768325332647,28.990334048296926],[50.971533364052945,28.993008160844969],[50.974300435219305,28.995694281843917],[50.976918950046034,28.998211019323215],[50.979611002977741,29.000800839053433],[50.982057257634885,29.003178154293998],[50.984830578284345,29.005850812625585],[50.987526116531484,29.00844461973632],[50.990024202470515,29.010857719079237],[50.992609659113178,29.013341799378388],[50.99524179853664,29.015879489953779],[50.997912506014444,29.018452822628923],[51.000574647980272,29.021017976128135],[51.003335573747336,29.023691381122259],[51.006038779667868,29.026270953274306],[51.008704145352802,29.028863018532832],[51.011326527219616,29.031387438358742],[51.01384823599075,29.033821376686291],[51.014050220683266,29.036209343803055],[51.014324800288648,29.039609065722846],[51.014354164019267,29.039930766064511],[51.014359540769917,29.039989656877378],[51.014361309019847,29.0400090253992],[51.01436133165182,29.040009285343093],[51.014363241856373,29.040030209917401],[51.014368616562976,29.040089098924007],[51.014480736885119,29.04131738199894],[51.014807874806841,29.045484921438661],[51.01507662942074,29.048523724376391],[51.015358546139808,29.051813104515297],[51.015655300373723,29.05525616642683],[51.015931770557557,29.058360232137797],[51.0161962053824,29.061374534854281],[51.016483216026081,29.064699962290238],[51.016782866075985,29.067991896264502],[51.01775023838627,29.071965835504635],[51.018570652494184,29.075133113386389],[51.017691385898814,29.078976311907862],[51.017963797959936,29.082359709652973],[51.018235778316956,29.085395891436693],[51.018241212363961,29.085456557071385],[51.018245256501586,29.085501705646735],[51.018297861491718,29.086088933130984],[51.018326697393817,29.086430516197787],[51.018333317404903,29.086508939119103],[51.018589322549474,29.089541461403808],[51.018907719744327,29.093124926792395],[51.019186657544552,29.096713252858589],[51.019488449158551,29.10030801573949],[51.020124681213808,29.107389446327446],[51.019801637446676,29.103842398750388],[51.020441267225081,29.110994975924694],[51.020730698216802,29.114552823650413],[51.021027918578064,29.118104331515923],[51.021334199088244,29.121527746583382],[51.024918578952658,29.123490446401942],[51.028550781350702,29.125499174057474],[51.032269872981573,29.127483785768334],[51.035320629369217,29.129154915315528],[51.03885498473548,29.131058013318565],[51.042030348068096,29.132798760224528],[51.045257222899913,29.134532520105139],[51.048516478959797,29.136315620662216],[51.0517314684664,29.138066763187872],[51.055294491464785,29.14000862163947],[51.058912162115334,29.141881362229157],[51.06204457934691,29.143602205348831],[51.065017336866653,29.145215299003198],[51.068778741374729,29.147247641815355],[51.071571874130655,29.14880512564341],[51.074038155161276,29.152032255752143],[51.075896039916273,29.154503779460843],[51.078184811592969,29.157547534534107],[51.080583429639347,29.160732392548429],[51.083113614622008,29.164100283740314],[51.08471337560114,29.166206710977804],[51.086606225408708,29.1687140238753],[51.088825118074332,29.171664940727347],[51.090826631503774,29.174321358143292],[51.093139938055117,29.177377968637224],[51.09514285887942,29.180028019812699],[51.097376609592928,29.18297176751182],[51.099473899961602,29.185806742258325],[51.101683629489003,29.188735589324043],[51.10366983409758,29.191352787810843],[51.105553517747893,29.193872919979547],[51.107420383579225,29.19634253203931],[51.109161639864837,29.198600449661427],[51.11152027318419,29.201729871163675],[51.113330699676368,29.204134612897768],[51.11507758292538,29.206423320732959],[51.117454784437541,29.209586562922148],[51.120760940107935,29.211851859011389],[51.123334336406693,29.213629605422572],[51.126115425843089,29.215511569171092],[51.129086281384836,29.2174964944846],[51.132199181185172,29.21960533000194],[51.134864130713055,29.221420809845295],[51.137813157898087,29.223411478112119],[51.138407167547818,29.223787537927858],[51.138433536451139,29.223804231571069],[51.138434724839662,29.223804988496287],[51.138462280075743,29.223822433645559],[51.138544943779692,29.223874767256181],[51.139762649012589,29.224645670534592],[51.142223458796281,29.226480703116689],[51.145147545590547,29.228474658379046],[51.146997261852114,29.23133138118915],[51.148768139076104,29.234084433011411],[51.151462909562575,29.23833320432237],[51.153217821971559,29.241081126793855],[51.15474163717073,29.243408989060335],[51.157080211639695,29.247096028335896],[51.158574303045732,29.249467090327574],[51.160521865720149,29.252489249049727],[51.161976197950722,29.254946650161241],[51.163678535748033,29.257739618748833],[51.165828785204035,29.261272630031126],[51.166128618183343,29.26177339496957],[51.166148087393523,29.261805909851748],[51.166162697568453,29.261830311344532],[51.168023600989024,29.264938148821813],[51.168143790676218,29.265142725172957],[51.168147508679837,29.265149054655737],[51.16814772750881,29.26514942803998],[51.168147808017892,29.265149563322584],[51.168166963680669,29.265182166735954],[51.168167042131195,29.265182302021095],[51.168201495109798,29.265240944869102],[51.169668042729889,29.267737072936193],[51.171548729399085,29.270798560523602],[51.173745661371328,29.272208523868528],[51.1778214822819,29.274831862418587],[51.179979688996312,29.276210635229724],[51.183716553750777,29.278605602842813],[51.18752995907662,29.281007875467335],[51.193630789974684,29.285965217504899],[51.195960833889515,29.288766781984528],[51.200446194930379,29.293541411408295],[51.201200139791112,29.294346042399276],[51.20669731547676,29.298480137091495],[51.208854438658314,29.300577474561091],[51.213272098651004,29.304444701701161],[51.216041746043523,29.306744014976378],[51.218153876194698,29.308496045082649],[51.219482728401012,29.309913130277042],[51.222574368818115,29.312929213453131],[51.224546221073446,29.315593040249052],[51.226655803715104,29.318373844025793],[51.229920042627832,29.322819828153104],[51.23142685752704,29.323945673117233],[51.23463447167569,29.326167113941288],[51.237620911537391,29.32822189883268],[51.240426970924204,29.330168635050789],[51.243870205728335,29.332554140699798],[51.24718977462917,29.334847274022678],[51.250101985166367,29.336879348774008],[51.253408923891726,29.339158810260468],[51.256225882583976,29.341105188011316],[51.259488161450683,29.343268758324861],[51.262525498392364,29.34536649766121],[51.265934821396257,29.347587679170857],[51.268635275052802,29.349711372652539],[51.271739184475891,29.35190923574271],[51.272111026428597,29.354147102763015],[51.272514613100917,29.35675914272521],[51.272792049298793,29.359384976527515],[51.273603647701115,29.363336451691374],[51.274224024827042,29.367037857197079],[51.275075280758422,29.372282127245732],[51.275449308919924,29.374384275942749],[51.275978545953336,29.377707915993167],[51.278794681970979,29.378770439993303],[51.283235573125452,29.380478163295635],[51.286144665625152,29.38159561398292],[51.29041042852986,29.383238038100114],[51.294508640226702,29.384801722756606],[51.299642905577471,29.386796625621837],[51.30468128965876,29.388711673755552],[51.308408513505398,29.390138138125284],[51.311963051897287,29.39151074945611],[51.315282972874293,29.392802592038635],[51.318015320970687,29.393857583966874],[51.321266837984211,29.396226850931406],[51.327108431920301,29.398202851954444],[51.330928521947996,29.399459227914232],[51.34020078382833,29.403984476602872],[51.34243908390787,29.405016631106204],[51.343524359629477,29.408958117044538],[51.344403705206524,29.412198197012842],[51.345405183316252,29.415719994070599],[51.346571062910982,29.419880237908419],[51.346755295582511,29.422467424426884],[51.3472305714238,29.42656818966832],[51.347709748208118,29.431045746601914],[51.34813586299699,29.435067659913635],[51.34843634827979,29.437767693007135],[51.348907061539116,29.441999320663697],[51.34931126823556,29.445617399233456],[51.349642225076074,29.448915269561674],[51.35002229468062,29.452244596656033],[51.350376702553561,29.455601064203194],[51.350733596679227,29.458923677707308],[51.351101076871949,29.462318462599342],[51.351450137676181,29.465598221288996],[51.351812604826421,29.469020089529462],[51.352172261726594,29.472367504078321],[51.352552431578466,29.475674247929071],[51.353033484539871,29.479064204703825],[51.353462885595235,29.482175262078822],[51.353846487089825,29.485197350296477],[51.355175134556227,29.486842763288021],[51.356848567998568,29.488975005879194],[51.358355135399435,29.490848977206873],[51.359673406925772,29.496529776396667],[51.360864349102989,29.50144829118755],[51.361759415042165,29.505094294995505],[51.362666505568455,29.508950661820158],[51.361697378424729,29.513038885333476],[51.360795178668972,29.516856731391371],[51.359953644107918,29.520340473887817],[51.359254577005785,29.523273289304399],[51.358342538020359,29.525996730835381],[51.358892826321444,29.530388235573174],[51.360188276938892,29.533430016453302],[51.361569114161071,29.536813612835289],[51.362824524974471,29.539941063951161],[51.364160599293612,29.54320760857869],[51.365467737347537,29.546464121744574],[51.367399821603499,29.551116349744795],[51.369101252661764,29.553674255164609],[51.371471048687013,29.557275904072686],[51.374412638732821,29.561739197891065],[51.377153049379572,29.565860266969466],[51.379291742868688,29.569110665650928],[51.381594330726124,29.572571899026169],[51.383645535793796,29.575657699364537],[51.384908669524869,29.579966333281835],[51.386025164940207,29.583791843604239],[51.387408860246595,29.588298249192945],[51.38850161105637,29.592142601252974],[51.389281969337119,29.594717523659963],[51.390513776817855,29.598985064525241],[51.391052396834091,29.60075263748173],[51.392297789684257,29.603412453637734],[51.393773734542172,29.606487381578148],[51.39536560665757,29.609820639347269],[51.397317725258212,29.613901564305234],[51.39922993498579,29.617899613739191],[51.401098233597793,29.621884303308239],[51.402813924222336,29.62542812911953],[51.404532656664919,29.629055488719789],[51.406553707015647,29.633267698623808],[51.40791675621481,29.636105951306277],[51.409412652100904,29.639232707736848],[51.41068784506907,29.641892245018013],[51.411610386439648,29.643838073687498],[51.411870718368618,29.644387150932147],[51.413496607947586,29.64777954603845],[51.415193833554589,29.651298176684641],[51.417017673309317,29.655146326467339],[51.419216197842573,29.659856159233836],[51.420398442418218,29.662303295533949],[51.42210728948757,29.665862097127146],[51.423473424849334,29.668676412174595],[51.425206710582962,29.67139960056361],[51.426693571804563,29.673762974397654],[51.428592262166454,29.676769409192357],[51.429637253032929,29.67845545455236],[51.430168668632476,29.679312845096508],[51.432163750802857,29.682850136271409],[51.434296779046626,29.686758992433436],[51.436351053943454,29.690371963274071],[51.438386899761959,29.694040039201571],[51.440093658520063,29.697080175963649],[51.441718012006511,29.69999048420944],[51.443812799602696,29.701788060073532],[51.443867741295705,29.701835205141581],[51.444236863062073,29.702151944808548],[51.444482891190482,29.70236735459277],[51.447022936670621,29.704591207481819],[51.450140679746305,29.704467519117898],[51.450441051459322,29.704454475853964],[51.450578208675417,29.704448519478046],[51.454358613415572,29.704284296998239],[51.458130757801179,29.704133930058095],[51.458803442072963,29.704260940070647]]},"properties":{"OBJECTID":12,"gis_id":"GY911","denomi_vol":2,"owner":null,"Shape_Length":121736.49144924562}},{"type":"Feature","id":13,"geometry":{"type":"LineString","coordinates":[[54.973238840296055,28.252276559950239],[54.973204484678021,28.252556853063794],[54.972833594363699,28.253625136291316],[54.970634699183066,28.255448162189037],[54.968493250882204,28.256045229030878],[54.965206459699736,28.256982322790158],[54.963150722301805,28.257556591204803],[54.959852515575413,28.258519155181819],[54.955963428484488,28.259636123907164],[54.953522598742047,28.260335776691619],[54.950442264600831,28.261109570100416],[54.948866488804164,28.261502092501086],[54.946728556729283,28.262013490023538],[54.944947250499993,28.262453372202739],[54.942828370777264,28.262971229695449],[54.939973105964611,28.263671973290894],[54.938012679759879,28.264167861582486],[54.935630114558947,28.266027638227516],[54.933316362499248,28.26783953652798],[54.930975438063022,28.269657320469481],[54.928688466528534,28.271404812838096],[54.926579571097434,28.272896733144673],[54.924429257824436,28.274351148254571],[54.923434263647195,28.277179656195202],[54.922614291435217,28.279439892795878],[54.921664340130505,28.282144707475499],[54.920811514318544,28.284499301563546],[54.919140802507798,28.28575367820817],[54.917096824687988,28.287282780761185],[54.914773307509662,28.289002764853375],[54.912320233779162,28.290791388045804],[54.909902195101012,28.292593967400663],[54.907676479237963,28.29423611494968],[54.905284598619623,28.295977684879794],[54.902865757378251,28.297119718086869],[54.900306894027601,28.298348402336217],[54.897717225592196,28.299570714340458],[54.895094067137343,28.301363385116776],[54.89300168135582,28.302789324318375],[54.890597799745478,28.304432970147506],[54.888195957896997,28.306072813009671],[54.885995874819784,28.306743535137709],[54.884004057834495,28.307363470175869],[54.881036654741457,28.308306359108787],[54.87819959834713,28.309150118157621],[54.875662800714316,28.309976778558124],[54.873470404739372,28.310632107806097],[54.871114896360382,28.311374295190785],[54.868381829438398,28.312205420053132],[54.865477806026597,28.31309607628247],[54.862559188804944,28.313980907940174],[54.85941013735868,28.315002487439195],[54.85630455349142,28.316024100457238],[54.853602243167082,28.316914316909816],[54.85060237215157,28.317897402501821],[54.847817987538107,28.31881571650122],[54.844860691538919,28.319785480313556],[54.842451013774628,28.320575330612275],[54.839376652136337,28.321589813748869],[54.836512788714657,28.322530683739643],[54.833763875229714,28.323423918064329],[54.830745824400935,28.324409851960638],[54.827897541854242,28.325355395325843],[54.825188646741516,28.326229062734168],[54.823201697011129,28.326852917243567],[54.820609056084947,28.327659289179998],[54.818055332118909,28.328472623416936],[54.815164264570775,28.329384957502331],[54.81234304502388,28.330275988609984],[54.809361847479508,28.331308647244917],[54.806316491521706,28.332276001991179],[54.803744166943083,28.333122052615028],[54.80113004768873,28.333973121705963],[54.798545403996528,28.334807105337205],[54.795739919439121,28.335716976920271],[54.792631836970038,28.336710441646726],[54.789648994005759,28.337669762145516],[54.786781508963415,28.338579392544759],[54.783896546614159,28.339506765260428],[54.781104867178314,28.340382299418962],[54.778230489709244,28.341314848715921],[54.775319335018288,28.342240119049841],[54.772658916176269,28.343093080903262],[54.769938497860693,28.343730830663127],[54.767298812731617,28.344347642634755],[54.764562590899693,28.344979742754393],[54.761744350424188,28.345642120285067],[54.759018849382954,28.346271542891195],[54.756370876556367,28.346875931410526],[54.753645888687537,28.347521450601402],[54.750872933303512,28.348159223837264],[54.748119776118259,28.34881117157164],[54.745372314019995,28.349439782464398],[54.742943808412569,28.349983465152999],[54.739663910397681,28.350783312315567],[54.737667752680707,28.351236835900281],[54.735247433309617,28.350902174327747],[54.732785680073412,28.350579113457808],[54.730332044061214,28.350282184155269],[54.727528789069737,28.351064603914203],[54.724861289153161,28.351845331043467],[54.722268662233837,28.352585139389525],[54.719722255222806,28.353322707578332],[54.717400077636519,28.353970894265018],[54.714867362044501,28.354717566381041],[54.712448705396476,28.35540366070688],[54.709808214023013,28.356159364270315],[54.70760450882787,28.356795480696906],[54.704830743405395,28.357581798377161],[54.701908407372791,28.358425095884424],[54.699241965404816,28.359184808923093],[54.696362261024149,28.360023049249403],[54.693523464545123,28.36082276825784],[54.690919595282658,28.361564960894448],[54.688167054316395,28.362374538732009],[54.685333960574638,28.363178179273103],[54.682563205633215,28.36398464868553],[54.679719482376932,28.364804002113253],[54.676850345175652,28.365635823724009],[54.674128488329771,28.366425952648047],[54.671715340493243,28.366708200105105],[54.66920213294992,28.367022261716048],[54.665976658131001,28.36742348861792],[54.662738625450103,28.367798662198467],[54.65952016650656,28.368226942320362],[54.657088955935322,28.369373824009809],[54.654475240225672,28.370665054377067],[54.651914559481696,28.371904028225448],[54.649316697818506,28.373140731577891],[54.64678636089959,28.374342279457593],[54.644158567034872,28.375626046478445],[54.641549989691576,28.376885603309731],[54.639015278018761,28.378141618833105],[54.63629344018188,28.379443140104154],[54.633207321792476,28.380953571833292],[54.629570287370825,28.382679709675902],[54.627539327681532,28.383655526912531],[54.624894046731484,28.384925087525392],[54.622011174711623,28.386344352979247],[54.619831237228809,28.38827978771473],[54.617086803173443,28.390721052487557],[54.614511521284577,28.39301628693206],[54.612144122757975,28.395127716561312],[54.609693029660711,28.397303717037868],[54.608122708893724,28.398705883034459],[54.606197419655466,28.400424430710288],[54.60408593201543,28.402307919997668],[54.601983323318976,28.404182110788831],[54.599966292555287,28.405987249035373],[54.598122641235612,28.407630710839143],[54.596249851616214,28.409296599902596],[54.594052682377161,28.411262646994466],[54.59208962110754,28.412649289044122],[54.590181663379248,28.413999440036996],[54.588326383805672,28.415308383424215],[54.586139820684025,28.416567319199135],[54.583316984397996,28.418195931447784],[54.580816323839919,28.419619266415449],[54.578454336413394,28.42100935963277],[54.575941957827915,28.422446448315007],[54.573454029144919,28.423862761944314],[54.571098360964804,28.425251367647089],[54.568693412327306,28.426604154762952],[54.566216457293983,28.428046345818142],[54.563698356387611,28.429515377469077],[54.561225718830975,28.430926800539954],[54.558973856857577,28.432205991956035],[54.556446828069774,28.433661675413369],[54.554157608261107,28.434999251817345],[54.55129983180548,28.435904404784559],[54.548419398581302,28.43682825242615],[54.545360661173078,28.437802394948694],[54.542522053858008,28.438710316432044],[54.539447438721062,28.439701274328222],[54.536593480262326,28.440617165485879],[54.533788937606531,28.441526935671693],[54.530673407059794,28.442515739864252],[54.527786478367638,28.443436103597481],[54.524905825835233,28.444361230809246],[54.522292770941903,28.445199535016226],[54.519157535057964,28.44581882875276],[54.515999262857456,28.446454453641309],[54.513391470793366,28.446968094880159],[54.510779499260565,28.447508147793343],[54.508055799596477,28.448024695889302],[54.505396723227967,28.448563537465535],[54.502556378864654,28.449146757837866],[54.499625909963257,28.449706404381335],[54.497159249252022,28.450836702746759],[54.494627610736515,28.451964072702427],[54.492107404847332,28.453106894353141],[54.48952583002184,28.454215136641626],[54.487015970907052,28.455337392386252],[54.484403422818531,28.456507778139205],[54.481893550132291,28.457643471971753],[54.479630554816133,28.458643617221377],[54.477094760708894,28.459774360489007],[54.474526720706557,28.460911105170545],[54.471995348171802,28.462059832905116],[54.469406046101774,28.46320358962738],[54.466883859226137,28.464345030288378],[54.464285948633794,28.46537234082184],[54.461842787205306,28.4663110021073],[54.459295640918363,28.467475961312886],[54.457065264523841,28.468454402996723],[54.454762247318676,28.46949360069744],[54.452527900874145,28.470495193026153],[54.449379364682315,28.471930994920289],[54.446881790366803,28.473049693885926],[54.44459396740357,28.474064537881077],[54.442324274194625,28.475083514218699],[54.439403755578326,28.476416380611472],[54.436952866628609,28.477481479403583],[54.434409123402979,28.478625699662654],[54.431922721587561,28.479735089515732],[54.429142201943655,28.480950641821931],[54.426488494502962,28.482159657177281],[54.423792619253156,28.482747794816198],[54.421141126067525,28.483293073088628],[54.418522180510294,28.483856558101568],[54.415964800300799,28.48440146313115],[54.413188602831461,28.48500764146636],[54.410133796792032,28.485667597880127],[54.407442641514216,28.486266846448601],[54.404647350206552,28.486892203371365],[54.401899826593137,28.48746237707206],[54.398903874294533,28.488134099242952],[54.396100705948243,28.488728394028556],[54.393297714644085,28.489343362251166],[54.390507959743054,28.489947910401376],[54.387698050943882,28.490547188240164],[54.384903225058466,28.49115706261934],[54.382041307432118,28.491763047518653],[54.379255980857977,28.492384562763021],[54.376409529030397,28.493011937843441],[54.373593630811875,28.493589953441564],[54.3707888208924,28.494226851458876],[54.367992759744254,28.494819412053079],[54.365683485222696,28.495445071834762],[54.363348893448183,28.49606360137485],[54.3606547849393,28.496811249553037],[54.357658305929583,28.497634748230119],[54.354991614768302,28.49839063916739],[54.352209357358731,28.49911196538466],[54.349461615724628,28.499860467669848],[54.346843266685141,28.500578318660043],[54.344167058665136,28.50130775658463],[54.341525196924358,28.502008365280524],[54.338898460349768,28.502731951100095],[54.336251735887394,28.503456893596685],[54.333587151681478,28.5041836840701],[54.330929024693958,28.504915416935162],[54.328266868250012,28.505627217526989],[54.325279119857107,28.506464709880301],[54.322451765290793,28.507237426393328],[54.319595440455863,28.508014398305669],[54.316743012500382,28.508764241399717],[54.31390869989967,28.509383393630568],[54.311028984636977,28.510018182110215],[54.308660608264653,28.510530112223211],[54.305765953726635,28.511155641926948],[54.302998435945803,28.511743250231962],[54.30020375585584,28.512353548348116],[54.297410443846928,28.51296212315842],[54.294683575506319,28.513554062298397],[54.291969143513477,28.514037085963277],[54.28932108913839,28.514491982358685],[54.286657834842948,28.514989947464233],[54.28500614924689,28.515410251110474],[54.282365129265344,28.515859608523662],[54.279119962137514,28.516470305594343],[54.277136345095705,28.518070124931945],[54.27526850017599,28.519551362572624],[54.275708189177621,28.521404868897562],[54.275838121476795,28.521400888494103],[54.275883914577555,28.521399485512113],[54.276058164822757,28.5213941474296],[54.276107618184433,28.521392632565874],[54.276284711521335,28.521387207522821],[54.276509347642801,28.522124717950206],[54.276516303629833,28.522147552662933],[54.276498886847399,28.52214205520826],[54.276463787303079,28.522130978331987],[54.276209356314702,28.522050676474432]]},"properties":{"OBJECTID":13,"gis_id":"BR604","denomi_vol":5,"owner":null,"Shape_Length":76609.924115530361}},{"type":"Feature","id":14,"geometry":{"type":"LineString","coordinates":[[54.973161824527146,28.25228495750002],[54.973161682260688,28.252542485341344],[54.972793519338019,28.253602907406389],[54.970611120840346,28.255412256631345],[54.968479474063926,28.256006593171847],[54.965192667591197,28.256943686967901],[54.963136779720443,28.257517999163273],[54.959838398670932,28.258480612861543],[54.955949427680771,28.259597550684788],[54.953509406578476,28.260296968782068],[54.95042992896763,28.26107054950976],[54.948854430023907,28.261463000612899],[54.946716546982216,28.261974383855847],[54.944935120257917,28.262414296364714],[54.942816273486152,28.262932145454222],[54.939960813909309,28.263632939428071],[54.937990267852442,28.264131389584463],[54.935599915062028,28.265997243074597],[54.933286208615463,28.267809107084226],[54.930945492053169,28.269626727645285],[54.928659310857071,28.271373612557923],[54.926551483479138,28.272864776836727],[54.924389979751275,28.274326759836566],[54.923390705703511,28.277167425945265],[54.922570730892282,28.279427671433261],[54.921620776809625,28.28213249497573],[54.920772009655714,28.284475878055012],[54.919111315999906,28.285722727105199],[54.917067465426442,28.287251742610348],[54.914744164179076,28.288971557716081],[54.912291029179499,28.290760229006661],[54.909872887536395,28.292562886510741],[54.907647375944521,28.294204879863955],[54.905259132730635,28.295943804575618],[54.902844168777854,28.297084004384285],[54.90028530586688,28.298312686371258],[54.897692387710457,28.299536535086272],[54.895066206302275,28.301331271496466],[54.892973814630786,28.302757212224837],[54.890569913298613,28.304400870727729],[54.888174041319644,28.30603663913665],[54.885980924446514,28.306705234786566],[54.883988830121062,28.30732525860406],[54.881021725948948,28.308268052082596],[54.878184495141959,28.30911186620752],[54.875647663826328,28.309938532639624],[54.873455502360642,28.310593793626936],[54.871099881855905,28.311336016343489],[54.868366999114265,28.312167085131353],[54.865462992696614,28.31305773689359],[54.862543989304328,28.313942683694805],[54.859394382898508,28.31496444257353],[54.856288691285549,28.315986094278266],[54.853586409820757,28.316876298724992],[54.850586527624735,28.317859389630915],[54.847802141751835,28.31877770328391],[54.844844884864472,28.319747454768315],[54.842435163379839,28.320537316788695],[54.839360788608637,28.321551807086081],[54.836497028637652,28.322492641314888],[54.833748154083402,28.323385859743755],[54.830729953105973,28.324371844331591],[54.827881757983064,28.325317359606025],[54.825173252523712,28.326190903910177],[54.82318655117524,28.326814679057932],[54.820593812208898,28.327621080447518],[54.818039990249176,28.328434445941358],[54.81514897791314,28.329346761865903],[54.812327102247146,28.330238000288333],[54.809345859213302,28.331270674210781],[54.806300878865379,28.332237908049567],[54.803728385855713,28.333084015319809],[54.801114398386872,28.333935044313513],[54.798529779470186,28.334769016084351],[54.795724360150054,28.335678865634929],[54.792616337157497,28.336672315663701],[54.789633543327135,28.337631618165684],[54.786766063044958,28.338541244441316],[54.783881180154843,28.339468592924543],[54.781089435028207,28.340344148368509],[54.778214963633019,28.341276726933607],[54.775303890258584,28.342201967573654],[54.772645324363438,28.343054338591212],[54.769926889947463,28.343691623781769],[54.767287282472076,28.344308417091511],[54.764551027225913,28.34494052685654],[54.761732793703601,28.345602902088473],[54.759007449192012,28.346232287623202],[54.756359337608295,28.346836704932304],[54.753634306262526,28.347482237651167],[54.750861353683611,28.348120006904342],[54.748108223667344,28.348771948184812],[54.745361067859889,28.349400490852293],[54.742932205070993,28.349944253427285],[54.739652229194306,28.350744116800417],[54.737665611067669,28.351195470528904],[54.735254448726636,28.350862079651957],[54.73279226224593,28.350538960395404],[54.730328175064216,28.350240768409414],[54.727514803357316,28.35102600930378],[54.724847169181224,28.351806779446235],[54.722254605603325,28.352546569507908],[54.719708340651877,28.353284097434496],[54.717386048628036,28.353932314007146],[54.714853226797892,28.354679015755877],[54.712434762653693,28.355365055843219],[54.709794163165355,28.356120792681295],[54.70759051903886,28.35675688733529],[54.704816750503284,28.357543208363083],[54.70189438091252,28.35838651183051],[54.699227889454995,28.35914624391555],[54.696348250422112,28.359984462273584],[54.693509592107567,28.360784142919702],[54.690905447158102,28.3615264166441],[54.688152935153049,28.362335982533921],[54.685319906877872,28.36313960472004],[54.682549051923232,28.363946105346393],[54.67970535568567,28.364765448672355],[54.676836170956555,28.365597285635502],[54.674118362092862,28.366386239223317],[54.671709241657695,28.366668013562304],[54.669195850283607,28.366982097987421],[54.665970602036914,28.367383298725478],[54.662732349183415,28.367758497843631],[54.659505661569142,28.368187869928395],[54.657067102460672,28.36933821815121],[54.654453172765479,28.370629554791805],[54.651892803377713,28.371868377371943],[54.649295098777969,28.37310500753328],[54.646764543661853,28.374306658199647],[54.644136607961535,28.375590495281816],[54.641527908776879,28.3768501108176],[54.638993281921188,28.378106087559058],[54.636271546795982,28.379407555112721],[54.633185493280251,28.380917957518783],[54.629548611962015,28.38264401850731],[54.62751755846201,28.383619882975069],[54.624872069410578,28.384889544247116],[54.621983343557325,28.386311689877072],[54.619798839495388,28.388251178777146],[54.617054375516098,28.390692467139196],[54.614479069699321,28.392987721445991],[54.612111702715644,28.395099122625719],[54.609660603793053,28.397275135299413],[54.608090235252426,28.398677338258413],[54.606164951767731,28.400395878111269],[54.604053473946458,28.402279359423932],[54.60195084146627,28.404153573789984],[54.599933806504737,28.405958711668948],[54.598090206595622,28.40760212839368],[54.596217385298026,28.409268048508128],[54.594022057025541,28.411232443216935],[54.592061085693757,28.412617610349045],[54.590153138086315,28.413967755252997],[54.588299609752511,28.415275458185768],[54.586114883937192,28.416533340567948],[54.583292148072054,28.418161893716757],[54.58079130562917,28.419585328569738],[54.578429278555362,28.420975445815028],[54.57591719064515,28.422412371269864],[54.573428996094954,28.423828835678279],[54.571073432168014,28.425217376868407],[54.568668590033823,28.426570104815475],[54.566191317193386,28.428012480462463],[54.563673388666864,28.429481409718218],[54.561200983686078,28.430892699976383],[54.558949042018483,28.432171938129731],[54.556421763318532,28.433627762893209],[54.554137036381853,28.434962716424078],[54.551284382467045,28.435866245456808],[54.548403911759664,28.436790106318302],[54.545345195434493,28.437764242473577],[54.542506502058643,28.43867218926718],[54.539431863578827,28.439663154574589],[54.536577859589563,28.440579062766513],[54.533773396460106,28.441488807064495],[54.530657981871876,28.442477573563853],[54.527770971203616,28.443397962486959],[54.524890275124804,28.444323104872407],[54.522279999099297,28.44516051794562],[54.51914754757501,28.445779261311106],[54.515989290592294,28.446414881898313],[54.513381367606456,28.446928547915068],[54.510769571214027,28.447468563591087],[54.508045969860063,28.447985094463412],[54.505386519472587,28.448524013968569],[54.502546455756679,28.449107176336351],[54.49961034039125,28.449667900399358],[54.497138477946287,28.450800586655166],[54.494606922156855,28.451927910774998],[54.492087014428314,28.453070598098392],[54.489505556965767,28.454178791858865],[54.48699535052365,28.455301203990675],[54.484382704459883,28.456471633301025],[54.481872942872002,28.457607275172421],[54.479610066766774,28.458607368297571],[54.477074261165122,28.459738116849618],[54.474506072846594,28.46087492621723],[54.471974714844855,28.462023644140942],[54.469385437583455,28.463167392583848],[54.466863345808122,28.464308790720981],[54.46427468805414,28.465332436395109],[54.461823063515915,28.466274346604653],[54.459274886294132,28.467439780730675],[54.45704462300958,28.468418170467071],[54.454741425355159,28.469457451728264],[54.452506988803101,28.470459082042538],[54.449358463431658,28.471894881328115],[54.446861112932083,28.473013478606308],[54.444573272413976,28.474028331682344],[54.442303342266904,28.475047412840283],[54.439383089754209,28.476380156575928],[54.436932324245213,28.477445204943084],[54.434388360152674,28.478589520542407],[54.431902194364959,28.479698806623357],[54.429121502272416,28.480914434964337],[54.426472251265366,28.482121420262889],[54.42378191258198,28.482708348442699],[54.421130493304467,28.483253611964063],[54.418511370234448,28.483817135453442],[54.415953913775546,28.484362054769239],[54.413177642223431,28.484968249115028],[54.41012273177072,28.485628227680348],[54.407431397062446,28.486227518351384],[54.404636463358578,28.486852793877098],[54.401888930521267,28.487422969335313],[54.398892869817786,28.48809471736427],[54.396089813900701,28.48868898741031],[54.393286709989347,28.489303979807527],[54.390497103943311,28.489908493296809],[54.38768715970857,28.490507782558851],[54.384892369199825,28.491117648560461],[54.382030332806366,28.491723655969945],[54.37924480040509,28.492345217537572],[54.376398775264335,28.492972498750134],[54.373582715653384,28.493550545131331],[54.370777746651456,28.4941874828877],[54.367980662310281,28.494780259759569],[54.365670155834536,28.495406254638958],[54.36333541485731,28.496024820065944],[54.36064108466374,28.496772532931903],[54.357644472905449,28.49759606519417],[54.354978130602632,28.498351857007627],[54.352196125211144,28.499073118956659],[54.349448044370931,28.499821714060662],[54.346829692118789,28.500539566622248],[54.3441536872947,28.501268946917861],[54.341511759564689,28.501969573160089],[54.338884825512643,28.502693215832327],[54.336238160524708,28.503418140318725],[54.33357354671125,28.50414493661334],[54.330915540071508,28.50487663915424],[54.328253269066792,28.505588471098395],[54.325265385914236,28.506425998863204],[54.322438222542232,28.507198663462475],[54.319582131482413,28.507975573405783],[54.316730943810853,28.508725088256774],[54.313897625890576,28.50934402290417],[54.311017964295701,28.509978798960521],[54.308649692153175,28.510490706453048],[54.305755129949155,28.511116219188185],[54.302987556129374,28.511703833991927],[54.300192743142212,28.512314162114912],[54.297399464597859,28.512922732222851],[54.294673564652328,28.51351445999866],[54.291960226233122,28.513997290945717],[54.289311947232719,28.514452223218999],[54.286646706288458,28.5149505626656],[54.284995447261686,28.515370841390784],[54.284995500679301,28.515370785986988],[54.282355997915793,28.515819848518873],[54.279098199382901,28.516432919323393],[54.277105515201512,28.518040053036696],[54.275216330245414,28.519538213565873],[54.275668034613162,28.521445178751559],[54.275844463438993,28.52143833727358],[54.27589018588624,28.521436564430495],[54.276063360207353,28.521429849025843],[54.276116081073283,28.521427804354403],[54.276252615986202,28.521422508889319],[54.276463951591651,28.522092737613395],[54.276223095177563,28.522016718314159]]},"properties":{"OBJECTID":14,"gis_id":"BR605","denomi_vol":5,"owner":null,"Shape_Length":76597.795127704041}},{"type":"Feature","id":15,"geometry":{"type":"LineString","coordinates":[[53.459705778938073,28.956645216863482],[53.459442933332262,28.957011520883071],[53.459147458379647,28.958694866210294],[53.4582499090018,28.96014523527554],[53.457781262600314,28.96090251313889],[53.455511037286399,28.961105179410506],[53.452340930069695,28.961228245793674],[53.449383783545102,28.960358993974967],[53.447320825698348,28.959711471300491],[53.444254263670032,28.95873784990172],[53.441167631906879,28.957776183446558],[53.438592049713122,28.956945135359462],[53.436981325510054,28.956445118043035],[53.435591263066385,28.95601358069354],[53.432735366041221,28.955084649405382],[53.428964441983105,28.954979041720403],[53.425909405018743,28.954847512945069],[53.421871870388195,28.954684845575247],[53.418958265546763,28.954495785684841],[53.41666296845365,28.95494749562689],[53.413617671214396,28.95546212686029],[53.410951340421754,28.955895104445613],[53.40774311142814,28.956443064248933],[53.405382557011549,28.9573087321128],[53.401645520986854,28.958596618080353],[53.398773694451741,28.959616403235373],[53.395879700948612,28.960635232131761],[53.393231618821872,28.96154428554313],[53.390538605265149,28.962496267905095],[53.386990455940364,28.963739328774686],[53.384348326795681,28.964673388178547],[53.381287364957458,28.965750087708923],[53.37829932925527,28.966728473749676],[53.375319343455025,28.967844287151014],[53.372461298409988,28.968851167059814],[53.369803270048514,28.969809174581751],[53.366335865848747,28.971072370381229],[53.363389954763974,28.972105137234859],[53.360108487832669,28.973265507254169],[53.357094746443131,28.974315173895764],[53.35385232861119,28.975452557188515],[53.350545857780951,28.976621908446415],[53.347654634062025,28.977621835513329],[53.344765239992604,28.978537991758234],[53.341902714083588,28.979657162394339],[53.338721739359208,28.980776786681709],[53.335525218511307,28.981894244466254],[53.332304707894018,28.983024679334136],[53.329157190334257,28.984120178401405],[53.326356252684946,28.985113062879343],[53.322670243010187,28.986404990227349],[53.319982162584751,28.987351010270171],[53.316466036445512,28.988581103030331],[53.313972718133925,28.989466348629126],[53.310097896651328,28.990814078434791],[53.306597725162007,28.992034202531709],[53.3038299098679,28.992995529510868],[53.300104032003155,28.994326922265461],[53.297667571165057,28.995208258171825],[53.294680728656459,28.996250988532186],[53.291343539467171,28.997422234672495],[53.288942050731372,28.998298600459623],[53.285287960879018,28.999558591643471],[53.282513059469892,29.000541494215792],[53.279214478701263,29.001702909379659],[53.276353707164112,29.00266672280522],[53.273023453428351,29.003850994285372],[53.270573418882677,29.004705535343064],[53.26761831027013,29.005559132923437],[53.263717897284678,29.007058000772325],[53.260744093041325,29.008144342702895],[53.258654314699449,29.008888046030844],[53.256394699106359,29.00970257123441],[53.252952136938077,29.010907877520342],[53.250124335490923,29.011837744450755],[53.247244775545497,29.012847463415049],[53.244487778146556,29.013826414472987],[53.241963486626162,29.014710644663701],[53.239642437183264,29.015521169200447],[53.23656145787168,29.016614647531554],[53.234009225724485,29.017508841043355],[53.231874598149915,29.01825947093376],[53.230423847229005,29.018771807189889],[53.229601328692972,29.019142399860897],[53.228906538029435,29.019455438585624],[53.228843668776747,29.019483544332193],[53.225115133427863,29.021150289580852],[53.223580737820733,29.021838543679767],[53.222825430354099,29.022187797088691],[53.220836211501776,29.023107578789915],[53.219033851981493,29.023900461029221],[53.215771733352568,29.024545713095627],[53.213087488071757,29.025063764284155],[53.209982387864017,29.026173262238022],[53.206831762160114,29.027294808739875],[53.205361358761415,29.0278111897691],[53.201663750607899,29.02912016254562],[53.198327585217811,29.030038978742777],[53.196556033683592,29.030500686108766],[53.192163105584363,29.031672656149077],[53.189566128412217,29.03196491477356],[53.187804957589492,29.032162011688392],[53.185262054360095,29.032303122973911],[53.183657004407245,29.032503780017958],[53.182011765326912,29.032881943456374],[53.180264745144527,29.033418288309736],[53.178422687429389,29.034395679765264],[53.175936359782547,29.035722232669965],[53.175346435644165,29.036040248227387],[53.173402597593721,29.037088098513248],[53.170445328203144,29.038433637295469],[53.167731017345268,29.039683603419878],[53.164596040497571,29.041159118933759],[53.162990316218661,29.04192146078454],[53.160415798438692,29.043077634381088],[53.158348740824557,29.044063355953568],[53.155077672318157,29.045549857474668],[53.152548132218776,29.046709059648862],[53.15111381936061,29.047371867717395],[53.150585816753683,29.047615856690154],[53.14990604046131,29.047929975187934],[53.147535554893928,29.049131169699841],[53.144380311504214,29.050750717628134],[53.141325943589415,29.052312399910743],[53.138589361255811,29.05371340158289],[53.135988568795256,29.055058583840928],[53.13338570723004,29.056385815641256],[53.130793038016236,29.05768996498821],[53.128130375294724,29.059065047119013],[53.125215833693481,29.060547917825247],[53.12212051901524,29.062118559754943],[53.118999280717695,29.063701145639484],[53.115950822434023,29.065260885180695],[53.113348984070583,29.066549854777826],[53.112149905270783,29.067227282129952],[53.114111458508788,29.069204259366703],[53.116205363219599,29.07129904374451],[53.118192425969312,29.073308681459704],[53.120223409193962,29.075344024846306],[53.122271537559584,29.077424751327975],[53.124274441590998,29.079417873396117],[53.126276558916786,29.081439278487153],[53.128316577399239,29.08348066364135],[53.130333445205181,29.085482524060581],[53.13216696823963,29.087324167258998],[53.134061191729643,29.089208864642931],[53.135790171171905,29.090980013689691],[53.137668969950262,29.092832723992913],[53.13954139816633,29.09468671754815],[53.141605446547416,29.096727310581468],[53.143560209179867,29.098694196601283],[53.145677967634768,29.100822555905548],[53.147655087375199,29.102781077957172],[53.149567199573738,29.104690916074837],[53.151465922417742,29.106608127841859],[53.153138406077822,29.108301451838411],[53.154936266325045,29.110115956508164],[53.155100546171532,29.112371394110742],[53.155280243181551,29.115079692663159],[53.155438267668387,29.1177018384527],[53.155628525412489,29.120588104667384],[53.155764659953753,29.12308784611438],[53.155988085589939,29.125755686061467],[53.156186799424091,29.128571891290783],[53.156322802687029,29.13114320741634],[53.1565089534853,29.133917588975937],[53.156702354512319,29.136803390716601],[53.15688394098877,29.139382991239707],[53.157017117724067,29.141844277901964],[53.157265596566504,29.14433408309262],[53.157354845766356,29.147348300678352],[53.15647556466061,29.150129871349556],[53.155636601961675,29.152727139176822],[53.154673290432143,29.155654969503651],[53.15381056680706,29.158465088513086],[53.152985616208589,29.161010149253912],[53.151817033094311,29.163484031048323],[53.150651789369967,29.166046637678537],[53.14946418050949,29.168532619078999],[53.148236218772645,29.171142802095233],[53.14714239337497,29.173401724163778],[53.145960926930137,29.175827918160426],[53.144727109049143,29.178497115305021],[53.143821956910628,29.180518092266077],[53.142612205875061,29.182983816213081],[53.141769950331629,29.18484153340551],[53.140636380689415,29.187250688079235],[53.139510646282368,29.189623235081019],[53.138410413190662,29.192003248148207],[53.137517699766178,29.193897945887691],[53.136610522230654,29.195823153896264],[53.135676924505056,29.197874999672621],[53.134742241976113,29.199819725099225],[53.134151611226116,29.201845441904005],[53.133395493503102,29.204469421454991],[53.132688847125429,29.206924571849186],[53.132151578922574,29.208796814460719],[53.131480623840815,29.211046343783075],[53.130739871438578,29.213611690241564],[53.12987486151026,29.216552876280002],[53.129122967095661,29.219253435708605],[53.128307199996506,29.22197223887051],[53.127651354915301,29.224311016313688],[53.126970452931431,29.226570133815159],[53.126201766549741,29.229203016129464],[53.126085715928689,29.23056943781982],[53.125970566677644,29.231925214771252],[53.12579000421416,29.234199894782879],[53.125567894618769,29.236584044652837],[53.12542744259477,29.23843365493466],[53.125190810119292,29.241398319314065],[53.124933302983877,29.244356838216216],[53.124771938565452,29.246564270781658],[53.124515997566462,29.249553603140185],[53.124304674761071,29.252059340943564],[53.124073089519747,29.255030098639246],[53.123823190484266,29.257919912618121],[53.123619282753332,29.260303031602788],[53.123388819260882,29.263027286733951],[53.125166184258411,29.264575319515536],[53.127663448720938,29.266794910666821],[53.129842941068986,29.268764547956593],[53.132051211631861,29.27041222705752],[53.134568913719605,29.272321696156904],[53.136796798406984,29.274013585215389],[53.139321321845841,29.275921596093898],[53.141724670199437,29.277802268085132],[53.143182201917838,29.280206453306569],[53.14466841862216,29.282733762071004],[53.146149209607671,29.28527078827118],[53.147660622590074,29.287891968754341],[53.149087305210507,29.290274874010247],[53.150341330188638,29.292411637880921],[53.151733321724883,29.294816991739221],[53.153239933854934,29.297357404376488],[53.154626017303194,29.299716226289977],[53.156035927932344,29.302188919505848],[53.157517911918156,29.304673806084899],[53.159011708498184,29.307191080782331],[53.160392065051369,29.30957862978061],[53.159917062345379,29.311479139535479],[53.159404495320956,29.313531671261416],[53.158857769195407,29.315816371289827],[53.160034801101965,29.316758453743304],[53.161114037159145,29.31649277975615],[53.161334968510772,29.316334303598552]]},"properties":{"OBJECTID":15,"gis_id":"FK602","denomi_vol":5,"owner":null,"Shape_Length":68151.301663240723}},{"type":"Feature","id":16,"geometry":{"type":"LineString","coordinates":[[53.890876091424751,28.776757423428961],[53.891035237741349,28.776606304203707],[53.891590064703941,28.77704236195585],[53.889632822470467,28.778861349455582],[53.887004101893474,28.779985085318515],[53.884326171718861,28.781148523961775],[53.88161392537782,28.782322079854243],[53.878880670191812,28.783527772057067],[53.876173503171472,28.784692283194527],[53.873412912751526,28.78590428518541],[53.870675684379052,28.787078387762719],[53.867928543562165,28.78831035009684],[53.86516192588585,28.789480635861995],[53.862352249282523,28.790700405172561],[53.859536095184176,28.791915246326809],[53.856679589414284,28.793143503352823],[53.8540508847056,28.794293207354112],[53.8512878693736,28.795481780172853],[53.848669107038596,28.796628960812225],[53.845917394791684,28.797841662258278],[53.8428289179665,28.7991747013231],[53.840185487313192,28.800319726748643],[53.83753238782564,28.80144364009621],[53.834632232576553,28.802770553214295],[53.832037350566495,28.803856907764452],[53.829309727405679,28.80504371400886],[53.826423478780903,28.806336339876502],[53.823508442432711,28.807498734920667],[53.820743649962743,28.80876363352392],[53.817844243228144,28.810023385274363],[53.815062296540646,28.811176960761241],[53.812088675444222,28.812528446428274],[53.809424457065681,28.813484501062497],[53.806761015776857,28.814651688563863],[53.80392913105814,28.815945137202995],[53.801166451659618,28.817143139065308],[53.79861081951735,28.818251242717459],[53.79567840148983,28.818824533607728],[53.792551486230472,28.819461160511704],[53.78969906833786,28.820015544857007],[53.786992617025248,28.820563779307296],[53.784106736029415,28.821117128338145],[53.780693307649202,28.821795304406645],[53.777797391797066,28.822381842319096],[53.77496502473781,28.822221039445491],[53.771937073980489,28.822079207186505],[53.769122554532252,28.821934370598779],[53.766041909620199,28.821773320556506],[53.76277727154983,28.821627715778114],[53.759504647896911,28.821434347824077],[53.757285705674704,28.821317059454032],[53.753553974012128,28.822133382626301],[53.750766717260618,28.822775557258314],[53.747980508227556,28.823357288393538],[53.744981878614503,28.824022223428212],[53.741978601338367,28.824665269507367],[53.73892615480495,28.825313912622271],[53.73600009752429,28.825969730958622],[53.733061819273239,28.826592589456794],[53.730011654764709,28.827273948814803],[53.726953893510036,28.827936322883005],[53.723705367667641,28.828670581994412],[53.720418637782537,28.829386043558603],[53.717343368311525,28.830051036799908],[53.714188100154921,28.830739689002794],[53.710984782693259,28.831438479668424],[53.707767002272703,28.832126823880575],[53.704559222531472,28.832832500942821],[53.701500125001303,28.833501830300467],[53.69826871661563,28.834214728262975],[53.695573736058712,28.834795313876999],[53.69229110027397,28.835508540375361],[53.68982631574805,28.836038182843435],[53.686019099034674,28.836874549205575],[53.683042187079408,28.837536022260824],[53.67976675529053,28.838218872416849],[53.676736823365822,28.838923699337801],[53.673964182357594,28.839503661795582],[53.670329176968679,28.840295859160559],[53.667235642808031,28.840960502771274],[53.664987759597182,28.842274076401832],[53.661936748290906,28.844067130350954],[53.65940989737576,28.845551742741396],[53.656928438157841,28.84701803429699],[53.653773352404606,28.84885499127892],[53.651198144878123,28.850364385330987],[53.648563086991075,28.851913510161765],[53.645953173492337,28.853446805953364],[53.643319807344099,28.854983917009449],[53.640857625892444,28.856448645030621],[53.638221529565293,28.858006246003768],[53.635593763459696,28.859550820340761],[53.633006271670268,28.861061374768926],[53.630485800807598,28.86253881098358],[53.628036380645284,28.863984477451798],[53.625443681619046,28.865497239559282],[53.623018625349864,28.866939568851802],[53.620206298568668,28.868585796493587],[53.617510923727991,28.870165123743693],[53.614813193599687,28.871750535236586],[53.612170327128077,28.873309711916299],[53.609569318686411,28.874820265804786],[53.60678359856302,28.876451517061806],[53.604540903794103,28.877323921788374],[53.601457218385839,28.878571876605214],[53.598193163344568,28.880370191648758],[53.595552481538896,28.881806909957096],[53.592803737080722,28.883278743965004],[53.59001938450524,28.884800349835629],[53.587303574271324,28.88628544700499],[53.584704671278764,28.887694911798967],[53.582107102884258,28.889106113237681],[53.578991257698583,28.890793180966515],[53.57636087484557,28.892222311581861],[53.573704906073104,28.893667480358662],[53.571064351109214,28.895112714841673],[53.56844882774017,28.896515957641491],[53.565755651254918,28.897989650152603],[53.563177940525485,28.899389720959537],[53.560928663043015,28.900623078341759],[53.558020241344749,28.901537468091078],[53.554835516837407,28.902522800481456],[53.55175468427462,28.9035046436383],[53.551096704689968,28.9064439728023],[53.550680809575177,28.908267941843231],[53.550124220306991,28.910798837256277],[53.547334900304122,28.912202985621519],[53.544457183942995,28.913638964378432],[53.541766657908532,28.914999949498402],[53.538919357035063,28.916435089769998],[53.53606757659535,28.917891188528671],[53.533278303525236,28.919270077291952],[53.530855336216078,28.920490967300566],[53.528350375971776,28.921747760241427],[53.52534045591711,28.923154759139084],[53.522945493257787,28.924462513594975],[53.520266294862267,28.925808624045835],[53.517867586944291,28.926979291873323],[53.515393339944573,28.928237335826406],[53.512670953816027,28.929615475451424],[53.510031012060068,28.930917863183904],[53.507245833300729,28.932306383537139],[53.504845261656968,28.933493881360327],[53.501952269137441,28.93493617433764],[53.499306133799848,28.936276738741483],[53.496717388133284,28.93753911818888],[53.494090642790709,28.9388621330584],[53.491579469308462,28.940153588232889],[53.489001593412674,28.941438465586902],[53.486866819159914,28.942492582218701],[53.483809412728107,28.944032893448682],[53.481453985035877,28.945227575611501],[53.478874033043894,28.94649601906476],[53.476205315645878,28.9478266472283],[53.473596983910426,28.949157875392007],[53.470984717955297,28.950458566341037],[53.468400696432127,28.951784494014749],[53.466216114347056,28.952822244952028],[53.464003993534504,28.953945646409259],[53.461821878734291,28.955083549813782],[53.460232308726866,28.956277208185977],[53.459984576412893,28.956367789694863]]},"properties":{"OBJECTID":16,"gis_id":"FH610","denomi_vol":5,"owner":null,"Shape_Length":47661.418307207561}},{"type":"Feature","id":17,"geometry":{"type":"LineString","coordinates":[[53.890872574421294,28.776691216615038],[53.891039697375895,28.776576495972812],[53.891644704614748,28.777034628320827],[53.889660589783446,28.778894582011254],[53.887024340210111,28.780021539102297],[53.884346512580599,28.781184932690856],[53.881634388997448,28.78235843408638],[53.878901088694917,28.783564147542165],[53.87619388049977,28.784728674430848],[53.873433269262932,28.785940688138137],[53.870696214274048,28.787114715311247],[53.867948965633119,28.788346727291106],[53.865182077951062,28.789517123874571],[53.862372560595091,28.790736825314539],[53.859556328939199,28.791951701041942],[53.856699935828864,28.793179909239655],[53.854071234594485,28.794329613594297],[53.851308234785222,28.795518179317888],[53.848689670168199,28.796665273221972],[53.845937835888961,28.797878030010512],[53.842849218615513,28.79921112846402],[53.840205635478497,28.800356218865918],[53.837552995027309,28.801479938972175],[53.834652744028617,28.802806896070848],[53.832057444250395,28.803893427593913],[53.829330371044833,28.80507999362559],[53.826443431637699,28.806372928503571],[53.82352857695691,28.807535251656962],[53.820764463707299,28.808799840632954],[53.817864252508301,28.810059941618459],[53.815082681892783,28.811213359964068],[53.812107971445712,28.812565343297379],[53.809443439899319,28.813521509506437],[53.806781886868272,28.814687867931653],[53.803949914486999,28.815981356747983],[53.801186803045432,28.817179543036683],[53.798626207070491,28.818289801356677],[53.795688585479276,28.81886411156534],[53.792561640620661,28.819500744782285],[53.789709197266077,28.820055133524612],[53.787002681835411,28.820603380372376],[53.784116708181763,28.821156749620375],[53.780703543492088,28.821834871849553],[53.777801151030509,28.82242272152186],[53.774962317950532,28.822261550302539],[53.771934507623321,28.822119727780915],[53.769119845466832,28.821974881493759],[53.766039377866257,28.821813842242349],[53.762774562105442,28.821668228474707],[53.759501725856481,28.821474848628903],[53.757289977253237,28.821357941770799],[53.753565361045084,28.822172707206271],[53.750777869122977,28.82281493382202],[53.747991451380898,28.82339671098033],[53.744992948988305,28.824061614850329],[53.741989452828228,28.824704712582093],[53.738937243546403,28.825353302460755],[53.736011177225436,28.826009126679779],[53.733072877497207,28.826631985901393],[53.730022828105703,28.827313321577297],[53.726965126913825,28.827975682103343],[53.723716624404936,28.828709935652551],[53.720429663233773,28.829425449117224],[53.717354406909536,28.83009043698102],[53.714199182543254,28.830779081393562],[53.710995764213195,28.831477896050885],[53.707778029560927,28.832166230635757],[53.704570366802237,28.832871878601313],[53.701511282568148,28.833541207993193],[53.698279793592377,28.834254122319763],[53.695584732623423,28.834834724238412],[53.692302085574184,28.835547954889019],[53.689837355176223,28.836077583887096],[53.686030316504393,28.836913912793541],[53.683053134601373,28.837575445640159],[53.679777954482425,28.838258246006085],[53.676748037779909,28.838963067510385],[53.673975045233291,28.839543102165447],[53.670340177177387,28.840335270096336],[53.667254408388779,28.840998246645814],[53.665013296364023,28.842307861867628],[53.661962335028157,28.844100884756202],[53.659435534301402,28.845585471393491],[53.656953993987059,28.84705181194418],[53.653798839085759,28.848888808794253],[53.65122371592004,28.850398151172872],[53.648588679900669,28.851947265265245],[53.645978701430195,28.853480600732698],[53.64334544990993,28.855017641496502],[53.640883375114832,28.856482306568093],[53.63824717548551,28.858039971426674],[53.635619301973328,28.859584609723878],[53.633031787536808,28.861095175926557],[53.630511411215721,28.8625725566624],[53.628061954364384,28.864018245977515],[53.625469325744561,28.865530971137133],[53.62304429325301,28.866973282400942],[53.620231836753433,28.868619585287437],[53.617536500028947,28.870198896086769],[53.614838830058744,28.871784270856473],[53.612195858062606,28.873343506032246],[53.609594782520745,28.874854097814314],[53.606805851848627,28.876487232209588],[53.604559855601089,28.877360922628874],[53.601479172869361,28.878607661606292],[53.598217519499386,28.880404653484721],[53.595576588444089,28.881841506997755],[53.592827885985194,28.883313319058939],[53.590043717008363,28.884834826293673],[53.587327839578997,28.886319961348864],[53.584728879426358,28.887729454790712],[53.582131296409742,28.889140664212473],[53.579015454772161,28.890827732455833],[53.576385111815888,28.892256837540181],[53.573729213498794,28.893701972990982],[53.57108853048463,28.895147271758983],[53.56847301083706,28.896550518585126],[53.56577994107279,28.898024151829439],[53.563202250207411,28.89942421552475],[53.560948847218548,28.900659833145973],[53.558035647264674,28.901575721474156],[53.554851019501399,28.902561025370204],[53.551794897353936,28.903534994051977],[53.551141942797209,28.906451887793477],[53.550726065234215,28.908275788045259],[53.550165487643611,28.910824821596588],[53.547357730108445,28.91223824905029],[53.544480059911479,28.913674211207997],[53.541789616276169,28.915035150144405],[53.538942395900222,28.9164702515165],[53.536090452937124,28.917926436844922],[53.533301063647222,28.919305377008374],[53.530878225591195,28.920526205474641],[53.528372628634699,28.92178331755094],[53.525363470375275,28.923189959864427],[53.522969106432861,28.924497389578047],[53.520288924778022,28.925843993461363],[53.517890323833697,28.92701461099486],[53.515416386281679,28.928272496237025],[53.512693744312465,28.929650765623176],[53.510053666184945,28.930953219518319],[53.507268515253095,28.932341727214588],[53.504867943116466,28.933529225471275],[53.501975154729614,28.934971417731845],[53.499328834460968,28.936312076256893],[53.496740037522642,28.937574478765448],[53.494113751732833,28.93889726364964],[53.491602490718705,28.940188767807729],[53.489024261521443,28.941473818155959],[53.486889580152308,28.942527891948629],[53.483832404086165,28.944068083991066],[53.481476769279936,28.945262875045163],[53.478896666617402,28.946531388492385],[53.476228270999982,28.94786185603181],[53.473619928621382,28.949193090269379],[53.471007712885971,28.950493759110092],[53.468423293525959,28.951819887608544],[53.466238617679529,28.952857683953855],[53.464027297164883,28.953980681403586],[53.461848825474618,28.955116681716934],[53.460267461381306,28.956304181911765],[53.460050545128084,28.956402575597412]]},"properties":{"OBJECTID":17,"gis_id":"FH609","denomi_vol":5,"owner":null,"Shape_Length":47666.09820073974}},{"type":"Feature","id":18,"geometry":{"type":"LineString","coordinates":[[54.274362700268398,28.522433261153623],[54.273824578938346,28.52254744264317],[54.271594432575533,28.522486777031098],[54.268627821138104,28.521115454669708],[54.268520826774143,28.52106599443114],[54.267977127963071,28.520814656981528],[54.264268481537485,28.519166545377342],[54.260909799875492,28.518616334543236],[54.256233611556944,28.517756758546248],[54.251588665600046,28.5168230238035],[54.246973735547698,28.51586852947603],[54.24229423049745,28.514900287307391],[54.239022675960079,28.515995722927567],[54.235019170290549,28.517350339282075],[54.231183239467775,28.518635106703368],[54.22729513051133,28.519903754671923],[54.223341011182775,28.521234378022214],[54.219411542877722,28.522530707770322],[54.215674610504166,28.523785842133083],[54.211820663843639,28.525073333958925],[54.207473654822159,28.526516681351961],[54.203118117131218,28.527644150998785],[54.198465781953423,28.528840764225045],[54.193782532198391,28.530054962256351],[54.18966212425849,28.531114496242747],[54.18594349059893,28.532091550569426],[54.18230787713118,28.533021697069632],[54.178687980387167,28.53395932501213],[54.174675032185753,28.535008763506308],[54.170930925906404,28.535979228195998],[54.167192891725826,28.536935814379799],[54.163484398943787,28.537912049240099],[54.159870880737536,28.538849149158608],[54.15606478091275,28.539829425510813],[54.152172131415178,28.540829326680889],[54.148672145616388,28.541760844757359],[54.145137248342373,28.54262872794078],[54.14115285295631,28.543688475661128],[54.137440573623543,28.544644913039388],[54.133374426367098,28.545706133896431],[54.129278111047611,28.546717800372505],[54.125330778580505,28.547714797242268],[54.12137859114079,28.548768451656727],[54.117579505108267,28.549743792735736],[54.11395782102651,28.550676494452158],[54.109423249630666,28.551849069130075],[54.106362987033293,28.552655322870642],[54.102572643085502,28.553638206587532],[54.099027277828782,28.554528317477473],[54.094592675610826,28.555686178914684],[54.09029696784993,28.556765906712329],[54.085685995441771,28.557989711602829],[54.082002164295858,28.558941218377097],[54.07768947840686,28.560059082874826],[54.073876544015938,28.561034164136842],[54.069382930116568,28.56217150444806],[54.065570306565043,28.563166604716695],[54.061351295613946,28.564234737483009],[54.057533228626028,28.565228450155583],[54.053603257296686,28.566245118155461],[54.049653952194014,28.567256100015921],[54.04556711081608,28.568309552903518],[54.041820998792595,28.569278260467058],[54.038156329885553,28.570206323400797],[54.035243895494759,28.570954444103624],[54.031577554236385,28.571930706524331],[54.028201897833256,28.572809866568385],[54.024530156890506,28.57373821390668],[54.021006442729586,28.574651604901604],[54.017944412244503,28.575444876755189],[54.014769028091891,28.576256253414567],[54.010511222367533,28.577336276187751],[54.006665827006586,28.578337650213236],[54.0033108957076,28.579216002487804],[53.999732947288543,28.580091898198081],[53.996183182190315,28.581077259636707],[53.992998170610974,28.582223348481566],[53.99011164418669,28.583216160897056],[53.985497139106371,28.58489733738352],[53.981892345404624,28.586174940279463],[53.978400037066763,28.58741459282858],[53.975106944478718,28.588569074660793],[53.970812253969783,28.590034767955668],[53.966519108081094,28.591500152566653],[53.962437453229349,28.592978313092782],[53.957843793778181,28.594749208991171],[53.954320918136787,28.595915521046283],[53.949838329526791,28.597523250863244],[53.944971724730152,28.599209337436633],[53.941164937340325,28.600571218205381],[53.936404095487873,28.602212956723729],[53.933093229865094,28.603339435202063],[53.92958231243049,28.604615622929284],[53.924571507054281,28.60636826827346],[53.920230352510231,28.60789958416283],[53.917234992025129,28.610814406855255],[53.914536743032969,28.613416471326882],[53.911152917934686,28.616672677381128],[53.907563256272262,28.620134076757296],[53.904422537047033,28.623178352716831],[53.901860222604142,28.625677613338578],[53.899693053170687,28.62774344616572],[53.897640808665059,28.629749453021041],[53.894394787781522,28.632869377885644],[53.892696105645065,28.634496467194658],[53.890286210288366,28.636812671586547],[53.887308731279774,28.639603178867993],[53.884774898940989,28.64210202560437],[53.882172086188454,28.644560497247614],[53.879471008820225,28.647195233203895],[53.877406910494422,28.649146924127997],[53.874820350220247,28.651661780424039],[53.871755217156789,28.654574145021797],[53.868984381812233,28.657204166835111],[53.866026172222675,28.659260687156262],[53.86305703450801,28.661265240007602],[53.860191241314297,28.663210395683265],[53.857848399796254,28.66479632123373],[53.855233805928236,28.666579815417702],[53.851717558260738,28.668954150319518],[53.848659343120197,28.671046034477587],[53.845779219250673,28.672978024125758],[53.842631039300919,28.675080682522179],[53.839757330669229,28.67707808542449],[53.836939412309434,28.678993801924697],[53.833784695006294,28.681176151118347],[53.830358010606759,28.683483934721316],[53.827198286774539,28.685548809961272],[53.82396833945208,28.687793151921849],[53.820835905847268,28.689892685318796],[53.817176250248963,28.692390391276678],[53.81401370548722,28.694540969117494],[53.810992980589198,28.6966436373263],[53.807549088603992,28.6989687638631],[53.803743248920227,28.701546442235031],[53.799864935393096,28.704165618625343],[53.796544062310261,28.706445631914853],[53.792994236226093,28.708854570921684],[53.790436644531852,28.711233179239795],[53.787929796931117,28.713612169551002],[53.785372351081627,28.715980778639896],[53.783376459235541,28.717892021897111],[53.780960915320009,28.720135226121734],[53.779018767650633,28.723316173153972],[53.777108856748157,28.726370892828896],[53.775156194463733,28.729588775364956],[53.77345940338877,28.732333229227702],[53.771477165315879,28.735584736429772],[53.769282084935945,28.739183010137904],[53.767128983762639,28.742676238254258],[53.764690430657339,28.746659258418777],[53.763420654930435,28.748695934734076],[53.762352311766975,28.750455531504933],[53.759896050229301,28.754487373679464],[53.757621322171481,28.758205018684944],[53.755694291712089,28.761340753065586],[53.753363872512537,28.765147721268132],[53.75204342525214,28.767292614137009],[53.748829339716806,28.771387269653886],[53.74714171416533,28.773497665566225],[53.744279279694517,28.777140711966858],[53.742997547751472,28.778805137771659],[53.74101171194939,28.781304315484391],[53.739176208462666,28.783667511244211],[53.736843701123355,28.786644143143434],[53.733901660749439,28.790324321078774],[53.731961421403085,28.792872851970415],[53.72945829603249,28.796056707312346],[53.727739444464774,28.798203333291738],[53.724855164543705,28.801857569680219],[53.721346224475568,28.804019998442293],[53.718087974571212,28.806058852155132],[53.714801758086658,28.808048019964907],[53.711618367772346,28.810023656205569],[53.70818902266334,28.812138276408682],[53.704560537981834,28.814391683792632],[53.701198741437238,28.816479191396681],[53.698199081511675,28.81828758234052],[53.694917279530195,28.820307310700347],[53.691889339050626,28.822179604215485],[53.688292511467523,28.824408640842616],[53.68484479094478,28.826515657228519],[53.681825265828287,28.828391753933865],[53.678481204791325,28.830431555488982],[53.675112990229032,28.832485129410756],[53.672597813732096,28.834033289115027],[53.669985867227126,28.835644651020687],[53.665882596706048,28.838147520681826],[53.663216435999935,28.839771007017408],[53.659669524937094,28.841928564250804],[53.656489639001045,28.843898620178635],[53.653215300640596,28.845909534997922],[53.650776624014235,28.847436436030598],[53.647774586701097,28.849264113112639],[53.644465616085533,28.851312951750419],[53.641040288122348,28.853432624686238],[53.637661531124401,28.855490719399043],[53.634632584765818,28.85738622534668],[53.631008527375968,28.859574423937342],[53.627688486989022,28.861643209768364],[53.624910202839303,28.863317460011434],[53.621469987276853,28.865436742178183],[53.617850342674892,28.86766071734586],[53.614589464044542,28.869668367633167],[53.611479046396333,28.871578753113869],[53.607433927465785,28.874067488114036],[53.604219727398686,28.876021839377739],[53.59931834285883,28.878236055153884],[53.595769502442373,28.879838241342473],[53.592041704358394,28.881518927014373],[53.588355112164194,28.883162125205086],[53.585379601424073,28.884527786107483],[53.581983428338994,28.885941262358621],[53.578421128404003,28.88764146793309],[53.574534043250942,28.889395822526364],[53.570870284531352,28.89105605963379],[53.567950533061719,28.89235711821776],[53.565038833739436,28.89368420216681],[53.561112964993974,28.895424206595898],[53.556737586041521,28.897396680007621],[53.552906011331729,28.899140823194742],[53.54974294814054,28.900527129213494],[53.545651543888489,28.902832158229959],[53.543086287798332,28.904247837193651],[53.539699839228803,28.906135406900965],[53.535983550955059,28.908184575379234],[53.53286575032763,28.909923961622777],[53.529709849859415,28.911681055074098],[53.526343391701971,28.913531905463429],[53.523295659545795,28.915207470658228],[53.51972936390171,28.917179775377317],[53.515406539580432,28.919518982124888],[53.511757611398323,28.921612776874571],[53.508471842385674,28.923416935712236],[53.504395400323041,28.925684120456438],[53.500492029481485,28.927849419979257],[53.497011975468446,28.92976252948592],[53.494573110945225,28.931055406537574],[53.49158042291635,28.933450766633278],[53.488643934514563,28.935676998384437],[53.48553727520391,28.938043407398965],[53.482752584300343,28.940148917596634],[53.479229007911847,28.942829611456805],[53.47362629706064,28.943751086891051],[53.470144527993831,28.944291667810443],[53.470002551490758,28.944313709237669],[53.469373655341705,28.944411340810852],[53.466308486249076,28.947577190465982],[53.463094108932424,28.950792047814584],[53.460948873743781,28.952830307884504],[53.459708478930253,28.954405778627233],[53.459531700736456,28.954747808330296]]},"properties":{"OBJECTID":18,"gis_id":"BF813","denomi_vol":3,"owner":null,"Shape_Length":96775.32769089166}},{"type":"Feature","id":19,"geometry":{"type":"LineString","coordinates":[[54.274310282896082,28.522277727762116],[54.273815464520794,28.522420921368106],[54.27163162672538,28.522361516357694],[54.268386250745074,28.520861328636048],[54.268279256743831,28.520811868174931],[54.268042377964541,28.520702364773562],[54.26431453660684,28.519045721305833],[54.260937392160962,28.51849248824875],[54.256264027044061,28.517633429567809],[54.251620812560866,28.516700043688349],[54.24700631939001,28.515745638909781],[54.24228436041971,28.51476861193871],[54.238971790455544,28.515877780132936],[54.234968276153076,28.517232398592139],[54.231133141067296,28.518516896514601],[54.227244928445067,28.5197855795805],[54.223290565982524,28.521116284598921],[54.219361141580805,28.522412599014253],[54.215623929513782,28.523667828611405],[54.211770236851528,28.524955231618069],[54.207428347527078,28.526396881470557],[54.203078036407163,28.527522997679551],[54.198425671402354,28.528719618987857],[54.19374242417495,28.529933813504829],[54.189621768955732,28.530993409572723],[54.185903228166943,28.531970440560663],[54.182267881738589,28.532900516379868],[54.178647577147629,28.533838250010014],[54.174634612757792,28.534887696480659],[54.170890907325159,28.535858053070207],[54.167152582921155,28.536814713259876],[54.163443846486238,28.537791010213397],[54.159830733265366,28.538728007422069],[54.156024807489494,28.539708238701142],[54.152131543543724,28.540708297087917],[54.148632369828611,28.541639598457479],[54.145097486179658,28.54250747648134],[54.141112219164576,28.543567455846571],[54.137400294200106,28.54452380073382],[54.133334913146733,28.545584820271554],[54.129239202352579,28.546596341502031],[54.125290460440681,28.547593692380815],[54.121337970749984,28.548647424511859],[54.117539533326386,28.549622601419415],[54.113917718992717,28.550555335523885],[54.109382724222485,28.551728017528806],[54.106322403868461,28.552534287744656],[54.102532949677624,28.553516938713482],[54.098987454153551,28.554407083815832],[54.094552831934585,28.555564947771657],[54.090256814194163,28.5566447568965],[54.085645343450729,28.55786869056519],[54.081961951935305,28.558820083221946],[54.077649448790069,28.559937900569064],[54.07383695634249,28.560912871265945],[54.069342961529145,28.562050307032148],[54.065530333640361,28.563045407872231],[54.061311371496018,28.564113527239968],[54.057492906697398,28.565107341354786],[54.053563243476084,28.566123928878923],[54.04961400314204,28.567134893472304],[54.0455269731276,28.568188394270276],[54.041781187330237,28.569157017440098],[54.038116639739087,28.570085049322717],[54.035203271054279,28.57083340820671],[54.031536675919526,28.571809739951796],[54.028161982336165,28.572688651801876],[54.024490328111106,28.573616972476376],[54.020966163088858,28.574530480530687],[54.017904397337936,28.57532368408426],[54.014729397665647,28.576134959085881],[54.010471243247224,28.577215072915724],[54.006625265375121,28.57821659562282],[54.003271453197407,28.579094658545671],[53.999692373754264,28.579970826997187],[53.996134655545966,28.580958399643542],[53.992945214264005,28.58210608229291],[53.990058394794389,28.583098993717613],[53.985443209906073,28.584780417671286],[53.98183901616585,28.586057805529759],[53.978346957668833,28.587297368073127],[53.975054754332852,28.58845153670153],[53.970760670893057,28.589917023615495],[53.966466162294708,28.591382874589403],[53.962381670074301,28.592862060492447],[53.957790012240977,28.594632183606539],[53.954268863158283,28.595797924284099],[53.949785266498687,28.597406013271417],[53.944918722655785,28.599092080158105],[53.941112039721737,28.600453922724128],[53.936352339927652,28.602095268205346],[53.93304025609531,28.603222159501026],[53.929528714200679,28.604498570271488],[53.924518605693649,28.606250976473504],[53.920146577066845,28.607793177524005],[53.917129232899057,28.610729391186368],[53.914431249890491,28.613331195305136],[53.911047419793135,28.616587402488211],[53.907457581861543,28.62004897067909],[53.904316580848629,28.623093515470487],[53.901754661754069,28.625592385005376],[53.899587435913347,28.627658269698067],[53.89753499170893,28.629664472289285],[53.894289455949405,28.632783927873426],[53.892590769281938,28.634411017785627],[53.89018140133777,28.636726718379347],[53.887203287415232,28.639517812422334],[53.884669267130597,28.642016843438462],[53.882066714778915,28.644475065799497],[53.879365606656336,28.647109827408901],[53.877301583505975,28.649061444797276],[53.874714902855985,28.651576413526836],[53.871650353127741,28.654488223989315],[53.868887081233893,28.657111065583202],[53.865938372688767,28.659160978143078],[53.862969888456583,28.661165085835709],[53.860104021827048,28.66311029349604],[53.85776104234197,28.664696310620918],[53.855146509326119,28.66647975849996],[53.851630182361909,28.668854148681806],[53.848572144766472,28.670945909821452],[53.845692674590076,28.672877456257762],[53.842543506959551,28.674980773793777],[53.839669319220683,28.676978511395568],[53.836851526074994,28.678894138608008],[53.833697062623372,28.681076310811083],[53.830271938557829,28.68338304560314],[53.827111341085875,28.685448489094998],[53.823880707742283,28.687693306912301],[53.820748765375619,28.689792508667153],[53.817088710942031,28.692290485728424],[53.813925620414921,28.694441431852248],[53.810905085016991,28.696543964223224],[53.807461945742098,28.698868583936932],[53.803656095033318,28.701446267250262],[53.799777404682978,28.704065696054407],[53.796456395850107,28.706345801969576],[53.792898013743589,28.70876054601943],[53.790332213755526,28.711146783768807],[53.787825465331899,28.713525678120412],[53.785267795206565,28.715894493751051],[53.783271832855874,28.71780579828301],[53.780843864047192,28.720060537459737],[53.778892986729559,28.723255783271096],[53.776982982668549,28.726310647551273],[53.775030154440429,28.729528793422105],[53.77333342350709,28.732273141758593],[53.771350992083548,28.735524961537084],[53.769156061322448,28.739122983129523],[53.767003007931777,28.742616129037064],[53.764564609922083,28.746598884141687],[53.763294714545601,28.748635753051747],[53.76222603792182,28.750395887944155],[53.759769880600103,28.754427556290288],[53.757495272642252,28.758144996630492],[53.755568239056508,28.761280724007005],[53.753237839839038,28.765087653717988],[53.751921166979848,28.767226413856498],[53.748711841581553,28.771314999821222],[53.747024230423897,28.773425374196631],[53.744161070084829,28.777069338661395],[53.742879544713077,28.778733486779448],[53.740893871842339,28.781232461076815],[53.739058101222192,28.783595998110247],[53.736726140788726,28.786571929602516],[53.733783536475208,28.790252802095299],[53.731842984488672,28.792801743638986],[53.729340816299484,28.795984375971717],[53.727622036644469,28.798130908864479],[53.724752058437346,28.801767020039421],[53.721263625453197,28.80391680752593],[53.718005864564553,28.805955353454024],[53.714719877406345,28.807944384688668],[53.711535976283443,28.80992033591496],[53.708106608295871,28.812034967051115],[53.7044779275164,28.814288496965464],[53.701116942807964,28.816375499069537],[53.6981175302585,28.818183740660558],[53.694835025749029,28.820203897777411],[53.691806890874396,28.822076310543981],[53.688210385332447,28.824305145443688],[53.68476258960311,28.826412208074323],[53.68174311614014,28.82828827299268],[53.678399572851369,28.830327755455826],[53.675031103438634,28.832381482080994],[53.672515603234359,28.833929841481801],[53.669903901891864,28.83554105255973],[53.665800990212773,28.838043703271971],[53.663134901102026,28.839667139622577],[53.659587509332283,28.84182499099764],[53.656407354264438,28.843795209008967],[53.653132726781308,28.845806304275147],[53.650694281076532,28.847333060309214],[53.647692553751341,28.849160547191424],[53.644383132505354,28.851209663230808],[53.640958251927159,28.853329061832167],[53.637579179328888,28.855387342831158],[53.634550470233599,28.857282699707209],[53.630926529433509,28.859470826993885],[53.627606540819507,28.861539579068193],[53.624828570734927,28.863213637424849],[53.621387819726756,28.865333249016668],[53.617768190758177,28.867557214395269],[53.614507319463783,28.869564857084555],[53.611396913147843,28.871475233180043],[53.607352070444165,28.87396379791976],[53.60414589595608,28.875913270361245],[53.599252855800486,28.878123713834352],[53.595704064504936,28.879725875592161],[53.591976595562592,28.88140641588371],[53.588289537636193,28.883049819595634],[53.585315747799356,28.88441468814532],[53.581918518073238,28.88582860332254],[53.578354190499915,28.887529778690073],[53.574468466436365,28.889283515227181],[53.570805038872422,28.890943605191694],[53.567885133231883,28.892244726557092],[53.56497356990505,28.893571752287247],[53.561047987930806,28.895311628355177],[53.556671912460132,28.897284412256926],[53.552841062453098,28.899028229388506],[53.549672073906386,28.900417126859168],[53.545574739903927,28.902725497186903],[53.543009776590992,28.904141017544184],[53.539623343837356,28.906028572327827],[53.535907033245678,28.908077751666106],[53.532788961152136,28.909817289130888],[53.529633463039964,28.91157416205483],[53.526267344513599,28.913424820051844],[53.523219450106602,28.915100474911412],[53.519653585372602,28.917072540325588],[53.515329730943904,28.919412299670945],[53.511680408197016,28.921506321557501],[53.508395501131972,28.923310005890876],[53.50431877997012,28.925577346797617],[53.500415722905252,28.927742472192346],[53.496936899435511,28.929654901858449],[53.494486943951237,28.930953659436302],[53.491485254625097,28.933356221052343],[53.488550096197315,28.935581444580084],[53.48544350568114,28.937947796019568],[53.482658845373436,28.940053282051945],[53.479164462721876,28.94271176388953],[53.473600628541021,28.94362684693083],[53.470271189108672,28.944143777159525],[53.470129212842352,28.944165818707248],[53.469297844259579,28.944294882153354],[53.466199930053968,28.947494556916773],[53.462987511339549,28.950707448854171],[53.460836619553511,28.952751077558396],[53.45959526382596,28.954327766559405],[53.459372972203205,28.954664894368495]]},"properties":{"OBJECTID":19,"gis_id":"BF814","denomi_vol":3,"owner":null,"Shape_Length":96786.045083871504}},{"type":"Feature","id":20,"geometry":{"type":"LineString","coordinates":[[53.45750148477579,28.9578394133293],[53.457224106242478,28.95850457140919],[53.457135103309774,28.958589233775989],[53.457111367841819,28.958605086283026],[53.454985425636472,28.96002491286449],[53.451608375748734,28.960683372805022],[53.448943300590777,28.959865341369792],[53.445016963910035,28.958653730833145],[53.441721681298091,28.957621895247982],[53.437620070953969,28.956337594919379],[53.437071430595395,28.956429949928417],[53.436981325510054,28.956445118043035],[53.43387797959948,28.956967471831199],[53.430968913827193,28.95678041472776],[53.427237263309273,28.956535089845204],[53.424036516879703,28.956370382688814],[53.419781755828417,28.956038360377711],[53.414859974008493,28.957793172375574],[53.411239356101689,28.957706742777358],[53.406323480723039,28.957359897284817],[53.402943609021477,28.958549783950915],[53.399340437496789,28.959821523076741],[53.395645986302242,28.96112491169006],[53.391352086718491,28.962626778039546],[53.386691045837345,28.964274526544429],[53.383348099141152,28.965458766841628],[53.379577231157384,28.966780471643748],[53.375710443473807,28.968134522812566],[53.372340503783825,28.969324475042328],[53.367942169165829,28.970868952433584],[53.363907690645178,28.97228539323693],[53.359949675392343,28.973714030129493],[53.356033743231421,28.975037286950041],[53.351805373063073,28.976513771210875],[53.34777827130781,28.977929812886153],[53.343712695049035,28.979375403420431],[53.339451703793145,28.980863798001934],[53.335188663239997,28.98237489234646],[53.331052790177907,28.983805178753023],[53.327385031640745,28.985099645261432],[53.322897424960445,28.986728972949205],[53.318511867900121,28.988260175118072],[53.313672796259056,28.989921258310041],[53.309756467518774,28.991268129192409],[53.306179260075453,28.992575796546436],[53.303448348279957,28.99350203302571],[53.299178714309186,28.995006728283343],[53.29558996156625,28.996274740330762],[53.291302382704046,28.997780443445187],[53.287913363903691,28.9989938937888],[53.284147088132912,29.000316764214411],[53.279508841029021,29.001927725956644],[53.275666902490471,29.003293629833198],[53.270610023750841,29.005063797400638],[53.267581251997036,29.006132115360231],[53.264040141343791,29.007395745974915],[53.259906194351302,29.00926912413825],[53.255538869324866,29.011194163710211],[53.251585838790497,29.012970558452494],[53.248396186926257,29.01439425490743],[53.245424019343126,29.015770973984942],[53.242826591067626,29.016931489761195],[53.239317780054108,29.01850899859047],[53.236007360186107,29.020057964129101],[53.232456463359441,29.02166628916671],[53.227094606893736,29.024108986269336],[53.223831832799092,29.025875881011217],[53.221734585918213,29.029348507738508],[53.218827226209307,29.030967796966866],[53.215268088545187,29.032962761722633],[53.212376281621111,29.034557486750863],[53.208324107236223,29.036788282002103],[53.205728037272841,29.038223081114616],[53.201639190487903,29.040457182545126],[53.198987352865522,29.042000569362003],[53.196328870914314,29.043475462983249],[53.193474738898175,29.047441220912017],[53.191536249875526,29.050085397261469],[53.189045734932272,29.053537417538497],[53.186684274964996,29.056780889752179],[53.184018161701218,29.060444508471026],[53.182393805094655,29.06268823164244],[53.180061286416077,29.065857773886162],[53.177906786281397,29.069154361198006],[53.175715557435403,29.071863091202435],[53.174081032276753,29.074124195125759],[53.171317518315917,29.077977288818239],[53.168816997698052,29.081424856998961],[53.16723579617581,29.083610093854176],[53.165639528284601,29.087139263824504],[53.163858612741137,29.091082038114298],[53.162529688558664,29.094055614559185],[53.161103445026789,29.097220906573227],[53.159578557043716,29.10063564745186],[53.15817268294046,29.103759005013],[53.156653722165935,29.107127296476929],[53.155406511587216,29.109921611815693],[53.155649641955222,29.113994404517417],[53.155890114852276,29.11768481408885],[53.156133240924326,29.121544059803128],[53.156321021052413,29.124786964414145],[53.156593720016971,29.128842774478201],[53.15682056681041,29.132385294889897],[53.157054094846224,29.136296715857267],[53.157274834794286,29.139968477633865],[53.157488710243783,29.143459408732184],[53.15778148023,29.148000935547415],[53.156942752682667,29.151483648772182],[53.156003573557292,29.155291996988304],[53.155068318271802,29.159165298556047],[53.154199898188295,29.162743488671843],[53.152810030462241,29.165474247103656],[53.151140510448634,29.168766997273426],[53.149098129085502,29.172790802606656],[53.147478181726093,29.175967626983507],[53.145570828597442,29.179700792608177],[53.144137746367811,29.182502009860741],[53.142265476513614,29.186163486102743],[53.140423852019097,29.189809673879054],[53.138499670074793,29.193520726770494],[53.137126880290808,29.196246724515802],[53.13563497860109,29.199102371794915],[53.134400322038331,29.203464685515094],[53.133460603217252,29.206624305194861],[53.132276118796291,29.210656597715815],[53.130910179295256,29.215268629238654],[53.129825995620536,29.218951274800435],[53.128645843705058,29.222966821614587],[53.127752546972552,29.225950229995561],[53.126709081844339,29.229451479540142],[53.126085715928674,29.230569437819828],[53.126030835856987,29.230667859610776],[53.125264954243825,29.23204136868814],[53.124011348841336,29.234349735754613],[53.122491510951406,29.237184793379075],[53.12066483415547,29.240578306722224],[53.119056324349856,29.243539533891742],[53.119638943341272,29.247569925818322],[53.120241273831844,29.251689821979273],[53.120940313708751,29.256262368232498],[53.120401080963632,29.259916603926303],[53.12003540041345,29.262260163286665],[53.119318447308842,29.266689984877519],[53.118986904586706,29.26887101918101],[53.118290889630508,29.273384248045971],[53.116504918151243,29.275872172600252],[53.114796804017288,29.278149837877024],[53.113174842984364,29.280307963268537],[53.110554259035709,29.283863084759759],[53.107972310863104,29.287280461781553],[53.105595275908541,29.2904799054681],[53.103392564142077,29.293392873886468],[53.101074743326421,29.296485347101569],[53.098708382765849,29.299582372116937],[53.096437587462198,29.302607158649742],[53.094261695498069,29.305562644845228],[53.091990418228313,29.308519330166039],[53.089680554177839,29.311579273609759],[53.087225783505311,29.31481758932879],[53.084662624284313,29.318222154487753],[53.081614470127917,29.322288945042612],[53.079401698811147,29.3252672077402],[53.077244955748419,29.32810195991285],[53.074852798461947,29.331307786718938],[53.072298385821711,29.33467221158179],[53.069757539516146,29.338076240471747],[53.067163211781413,29.341511836634172],[53.064708901007847,29.344772865459362],[53.064176836021254,29.348009104577027],[53.066343506939248,29.350608650294454],[53.068632797611983,29.353330911475943],[53.068870576246638,29.353516625026916],[53.071041799730523,29.355212378451235],[53.074024907177161,29.357394686687066],[53.076214181251657,29.359018493889337],[53.077176093273309,29.3625691777391],[53.078095655788694,29.36611495847686],[53.079023099235236,29.369533731859644],[53.079977895814103,29.373202889917088],[53.080967422677723,29.376826940670565],[53.081990978441951,29.380662415746677],[53.08299425488832,29.384500081064971],[53.083964817720961,29.388165038888953],[53.084785309988,29.391242365731539],[53.085643555344404,29.394499895466748],[53.086664926537587,29.398352362287202],[53.087716108292,29.402329485262978],[53.08913276297411,29.405315723348885],[53.090582478301336,29.408402501967366],[53.092133244020452,29.411741363546913],[53.093905611719009,29.415526711110925],[53.095546248797802,29.419016166865262],[53.096875698842254,29.421842971912437],[53.098307294691097,29.424916947895444],[53.099768139255715,29.428003494611271],[53.10136484201994,29.431435423777195],[53.103076546431858,29.435032419296125],[53.10478127049678,29.438677527971802],[53.106408634707194,29.442179736013689],[53.106825752733435,29.445891700487568],[53.107207862409446,29.449334175666348],[53.107590001532202,29.452810164266417],[53.107984680170027,29.456215021924258],[53.108262734008235,29.458763798354394],[53.106953933304275,29.462272801187488],[53.105670049445521,29.465665190844355],[53.104382671473381,29.46906703670026],[53.103129310178112,29.472403310888339],[53.10183229043416,29.475827286919724],[53.10056142085611,29.479167722864236],[53.099118271553365,29.48307908186554],[53.097815767444672,29.486474319889744],[53.096512301615128,29.489932099814503],[53.095269853367988,29.493145358773923],[53.093987339974824,29.496579893649965],[53.092861826515581,29.499653543987566],[53.092401785446171,29.503370239502747],[53.091977817770541,29.506826813600494],[53.091469324016046,29.510248962765793],[53.091091153424884,29.514226545712571],[53.090624194983043,29.517896373690625],[53.090179930229226,29.521655291687715],[53.089751130879627,29.525264138802136],[53.090704575655245,29.528517544498637],[53.091610438529543,29.531545872137478],[53.092537039537547,29.534727240161359],[53.093059827074377,29.537569110980947],[53.093563708561604,29.540367956866202],[53.094039950801758,29.542961748706038],[53.095240413217837,29.54658247457753],[53.096089924674551,29.549245703457569],[53.09713914884189,29.552533223414834],[53.098201096429456,29.555985773508127],[53.099330902291925,29.559459405529989],[53.100451580356427,29.563021034132134],[53.101591209409648,29.566594683948342],[53.102753604339405,29.570295375731387],[53.103908030505387,29.573985052997028],[53.105083451986438,29.577653758246271],[53.106330393709932,29.581555565145809],[53.107537509783178,29.585384322726274],[53.109215734933315,29.589282628708574],[53.110727939070429,29.592721695352175],[53.112009177857438,29.595736461464796],[53.113306472098095,29.598697242358462],[53.114768776391294,29.602122251698045],[53.116243228446386,29.605435267565472],[53.11774644644202,29.608873332944775],[53.119133249468476,29.612050235345613],[53.120715043848726,29.615675407338301],[53.122648031220685,29.618789936460566],[53.125088593050791,29.621630022217005],[53.127810232027137,29.624763465497338],[53.130595623213878,29.627986989628312],[53.13345085997225,29.631235599271207],[53.135985081492734,29.634191812000918],[53.138429745194593,29.636953901736685],[53.140943038709281,29.639885085750603],[53.143416343435895,29.64284823159543],[53.14585691848287,29.645673326497896],[53.148375222710712,29.648587516704993],[53.150792793159198,29.651437589113936],[53.153344067381873,29.65433481728159],[53.155612221307067,29.656964697199854],[53.158288969065957,29.660065091350557],[53.158654246103978,29.661100835841332],[53.158695236261806,29.661217063276794],[53.159060307916,29.662252197876803],[53.160251870487372,29.665784917423633],[53.1612955778741,29.668732412138066],[53.162220847839869,29.67144374978983],[53.163324147781857,29.674593331095803],[53.16450584061036,29.678047035290376],[53.165735250108298,29.681632805685702],[53.1672499297607,29.686028988836885],[53.168268517190207,29.689078463697776],[53.169312242904326,29.692008959418516],[53.1703499957055,29.694929446327777],[53.172245511439037,29.700309167933163],[53.169761603593017,29.703585606845067],[53.16799702587479,29.705871784541412],[53.165647226767135,29.708935361105951],[53.164299697550682,29.71073797205695],[53.15950104361076,29.715065832539231],[53.15686384114062,29.718055066907123],[53.154951756297159,29.720183055326622],[53.15269164588203,29.722704681177703],[53.149886400418495,29.725905741804862],[53.146834254966976,29.729309536951074],[53.144135056801936,29.732366704407827],[53.139602761378875,29.734241635872777],[53.134907653173251,29.73617038192765],[53.131649503120528,29.738511833808538],[53.128926997191243,29.740501874616754],[53.125800787318489,29.742737469515678],[53.121687088231688,29.745717993428791],[53.118572834793994,29.747973604079501],[53.115690463666176,29.750051465045082],[53.111717948088916,29.753408188862515],[53.110448423963227,29.754480821857975],[53.107323597606907,29.75711945704726],[53.104571607610879,29.759458495683493],[53.10170070642117,29.761870403038415],[53.098009070432433,29.765004431764716],[53.098237723270401,29.766920876730548],[53.098683317395377,29.770582739937865],[53.099120967574819,29.774215591670934],[53.09947761178416,29.77729129838324],[53.099926528664987,29.780737144994081],[53.097916140046998,29.784469172431937],[53.09620501238782,29.787705501809903],[53.094819412876937,29.7902491363321],[53.093166337855727,29.793391522109534],[53.091334157548317,29.79679372339579],[53.089523988956181,29.800164948020946],[53.087744844536353,29.803488203414751],[53.086075848947317,29.806596564455766],[53.084336766043556,29.809837859167676],[53.082603694130356,29.813061158979007],[53.080985724910761,29.816097570856332],[53.078831164550017,29.820098453608612],[53.077354416697702,29.822838005290659],[53.07574137557657,29.825912427759651],[53.073788138982877,29.829486501799519],[53.071892879671303,29.833012639804277],[53.070935925718388,29.834668688940241],[53.068544294301631,29.838977325702324],[53.066433030827895,29.842739235512383],[53.064036039342788,29.844054583407249],[53.06037418704333,29.846016528471669],[53.057330752296359,29.8476791622729],[53.053997614906791,29.849466471485758],[53.051181011010463,29.850990354651593],[53.048148623075228,29.852613997860026],[53.045204110741807,29.854219740227414],[53.042021893759227,29.855898214230013],[53.039032419323341,29.857529909289617],[53.034919588525632,29.858681260029925],[53.030950061584321,29.859732608574124],[53.028975932800165,29.861631446530762],[53.028532786917779,29.861988015873575]]},"properties":{"OBJECTID":20,"gis_id":"FP926","denomi_vol":2,"owner":null,"Shape_Length":131112.08601442105}},{"type":"Feature","id":21,"geometry":{"type":"LineString","coordinates":[[53.161498242921141,29.316460348229782],[53.161253463936845,29.316611345086447],[53.160767951927909,29.317360687188071],[53.160345462810248,29.31813927689976],[53.159875166331823,29.318955382904228],[53.158688553702746,29.319219484457133],[53.15759199762784,29.319460249878997],[53.156225887653292,29.319698707332496],[53.155143359516927,29.319904487262711],[53.154072825453078,29.320102280590714],[53.152981227259616,29.320365054757563],[53.151912034026822,29.320593044593053],[53.15177369618133,29.321366769098109],[53.151552822273658,29.322182591964324],[53.151324864397942,29.323060415586983],[53.151045877917923,29.324015190782838],[53.15079467294764,29.325083006094719],[53.150603663474222,29.325954870235208],[53.150326559465263,29.326984651362444],[53.15000177310192,29.328020148101629],[53.149772416236793,29.329000211568804],[53.149500301593392,29.330029999180972],[53.149259238441942,29.330991818090418],[53.149028166342639,29.331951645967379],[53.148781070705148,29.332942459354051],[53.14852000923856,29.333924254903661],[53.148236830702366,29.334816904162523],[53.147906580222319,29.334875643989108],[53.146731081793924,29.335162322147148],[53.14551762763778,29.335463963935641],[53.144297197473868,29.335755589534852],[53.142979894307338,29.336070114145638],[53.141988152517563,29.336317999219691],[53.140816691901314,29.336576682799663],[53.139368550758618,29.336926056966142],[53.138284944737904,29.337185843198704],[53.136956646137399,29.337508349483471],[53.135921945314948,29.337779192280806],[53.134692532696569,29.33806881303758],[53.133471649416805,29.338357474262832],[53.132303589873608,29.338653129512746],[53.131098191672088,29.338907776913054],[53.129895724479752,29.339206426044623],[53.128701275640076,29.339484084370454],[53.127479849626638,29.33977571568596],[53.126285384573137,29.340065372490518],[53.125212726923827,29.340344171442748],[53.123858515517732,29.340642651265529],[53.122650058054788,29.340938296634135],[53.121443604996962,29.341231941556359],[53.120222189805169,29.341518574129065],[53.119003756137317,29.341811204113238],[53.117781327991359,29.342104833938656],[53.116601843291505,29.342391511688028],[53.115369124581925,29.342692367418575],[53.114185932206311,29.34298380347796],[53.112982483839559,29.34327245367713],[53.112593011715639,29.343349014785893],[53.111924888032767,29.34349926386669],[53.110565646033599,29.343821740668862],[53.109291273752234,29.344135311923655],[53.108076849605034,29.34441794806758],[53.10698725399633,29.344678725379481],[53.105786794343722,29.344971378834085],[53.104608313979178,29.345255060372065],[53.103364917666859,29.345550665215033],[53.102199419262909,29.345831356707162],[53.101010925283873,29.346133029092019],[53.099768556400832,29.346410632226],[53.098523126065622,29.3467251175638],[53.097382619736301,29.346990958650135],[53.096184168721322,29.347276617102057],[53.094992700528465,29.347565278837354],[53.093785268087331,29.347846926783685],[53.092598806497861,29.348126598314547],[53.091408345750551,29.348409259874419],[53.090230843495362,29.34870494190794],[53.088879605038613,29.349017427897596],[53.087654169206168,29.349322055924993],[53.086413781861737,29.349610666553861],[53.085174416076782,29.349884272749577],[53.084006889541968,29.350185968542657],[53.082851377461139,29.350465672233177],[53.081611824713491,29.350750068472191],[53.080388568411848,29.351047913206035],[53.079223080459521,29.351321608243808],[53.078053618742139,29.351581294709355],[53.076582504912587,29.351941648666859],[53.075655766667353,29.352122607445136],[53.074369474789776,29.35240016198162],[53.073123108856002,29.352681766291703],[53.071949692679524,29.352916444297691],[53.070870143628845,29.353138233988982],[53.069661772444462,29.353382874214461],[53.068870576246638,29.353516625026916],[53.068439481521025,29.353589498806237],[53.067288981643017,29.353857207236331],[53.066131526050661,29.354098911819726],[53.06488917764694,29.354365514667926],[53.063717806712312,29.354610095569043],[53.062527344765051,29.354856863545812],[53.061313007338676,29.355085497736837],[53.060125589207495,29.355338166800539],[53.05897914516936,29.355564877661624],[53.057777737018576,29.355825532137121],[53.056536399304647,29.356084135555104],[53.055309007933097,29.356363764132123],[53.054147640928221,29.356555454883647],[53.052938239351484,29.356820096315975],[53.051716873340972,29.357077727365553],[53.050494517948493,29.357328355776204],[53.049262168445225,29.357584973303357],[53.048075733366467,29.357848644583992],[53.046833858828265,29.358096948506955],[53.045650004511515,29.358342920004048],[53.044409668746283,29.358600528988568],[53.043114380940374,29.358883076684233],[53.041886068239755,29.359113696000453],[53.040650715974358,29.359377311503881],[53.039417359115511,29.359640928536848],[53.038179044558255,29.359881537796582],[53.036927686175702,29.360167137112793],[53.035685354336565,29.36042474363537],[53.03441906061687,29.360682323612142],[53.033211703715736,29.360919966398704],[53.031932384410922,29.361207535732497],[53.030644174590343,29.361435087904418],[53.02938781295169,29.361728680554403],[53.028194164508555,29.36193684780774],[53.026955095066,29.362221951600763],[53.025639874065305,29.362487478051261],[53.024421473187232,29.362764113589712],[53.023210093209109,29.363021756502238],[53.021919842003449,29.363278307352523],[53.020705507291673,29.363508946545512],[53.019395289331904,29.36376547637693],[53.018162909186088,29.364045096847178],[53.016958553977929,29.36427674414497],[53.015796118757407,29.364515441383009],[53.014596765453163,29.3647430942897],[53.01332545508351,29.365017672220191],[53.012155033525758,29.365258357143162],[53.010915066645673,29.365516260156273],[53.00974325632324,29.365770659490362],[53.008528923757467,29.365999294641153],[53.007314555630401,29.366249934515718],[53.006114158026499,29.366507589400371],[53.004872831251063,29.366764199801409],[53.003649478221874,29.367014830039519],[53.002438144415144,29.367242468611249],[53.001221730432938,29.367526109068898],[53.000033311881786,29.367784780790572],[52.998791005922591,29.368026388853551],[52.997593643870573,29.36825804227928],[52.996346302384502,29.368528647865503],[52.995213843587791,29.368752377185235],[52.993962512965922,29.36902097779954],[52.992770697796196,29.369257846978257],[52.991841060687221,29.369664620430061],[52.990915040954768,29.370030600057181],[52.989811159284677,29.370504386948536],[52.988707353997107,29.370926166447237],[52.987621449729176,29.371392974600653],[52.986500589420729,29.37187074148413],[52.985460702726947,29.372274592493824],[52.984367794708135,29.37275339276729],[52.983225952383577,29.373240137706262],[52.982102137506182,29.373693901654061],[52.980948903674737,29.374175894160807],[52.97990617418494,29.374092435736198],[52.978865066787911,29.373984240988115],[52.977737078259622,29.373893948562053],[52.976609044634607,29.37383066102031],[52.975381235376254,29.373729252784617],[52.974089560305437,29.373608772063914],[52.972729978571941,29.373500213695866],[52.971583011005478,29.373414900967109],[52.970355249189062,29.373282492152082],[52.969111413033787,29.373215074144927],[52.967855659557685,29.373109632774714],[52.966607873827755,29.373014203433438],[52.965355117400257,29.372904769226924],[52.964091347895483,29.372818323648602],[52.962867576402651,29.372685919970483],[52.961642779348736,29.372572516427073],[52.960392606354155,29.372474872842215],[52.959140294948639,29.372334649045097],[52.95789250997332,29.372237222810597],[52.956647739169739,29.372129795725623],[52.955397974216559,29.372025367967794],[52.954091312044575,29.371913871128022],[52.95283854899558,29.371808436332252],[52.951500920833617,29.371709905476177],[52.95022917813386,29.371610451421294],[52.949002330233618,29.37153605262997],[52.947647762758386,29.371413500796024],[52.946371041418509,29.37130803894512],[52.945208128780315,29.371202708778284],[52.943954345684048,29.371114275737561],[52.942705569709176,29.371014845732468],[52.941420857681379,29.370911379788328],[52.9401361595447,29.3708019100456],[52.938927896282252,29.370713652956024],[52.938129822470437,29.370580608094958],[52.937118768329455,29.370405445467767],[52.935761348067992,29.37018888428641],[52.934500719075324,29.370005433024339],[52.933424755959507,29.3698391960171],[52.93202444357771,29.369597588121852],[52.930785800334533,29.369399162088822],[52.929586050093889,29.369227783864517],[52.928371408283333,29.369003384597768],[52.927032939242345,29.368796846158617],[52.925697496389766,29.368572311233688],[52.924126765383669,29.368363996244813],[52.923038518305361,29.368172255552413],[52.922030402396651,29.368032099880455],[52.920898570139641,29.367841796263651],[52.919695871716243,29.367640412684271],[52.918537047615182,29.367472085217329],[52.917087818823674,29.367231418918273],[52.915644579103805,29.36699175857947],[52.914504734162911,29.366816447779406],[52.913320966165685,29.366640088185054],[52.912321899256803,29.366458943163391],[52.911240952508223,29.366287700190632],[52.91044642132001,29.366189789661238],[52.909555720865612,29.366033312874695],[52.909292829988942,29.36637328913525],[52.909471099025424,29.366734788535734],[52.909823802253783,29.366727863716832]]},"properties":{"OBJECTID":21,"gis_id":"KU627","denomi_vol":5,"owner":null,"Shape_Length":26702.841357317884}},{"type":"Feature","id":22,"geometry":{"type":"LineString","coordinates":[[51.214713113189617,28.505269490652452],[51.214664031676506,28.505386411138822],[51.213722623777798,28.505884776352481],[51.212681481592867,28.506583009967219],[51.211647752482826,28.50735074957246],[51.2105593166849,28.508098353708437],[51.209405223039639,28.508899321625091],[51.208203152489737,28.509636598407909],[51.20652581921923,28.509067792594138],[51.205813082284031,28.508863254400236],[51.20491788526266,28.509500956724064],[51.202775143653234,28.511060998048833],[51.200537016198723,28.5126746306047],[51.198035459909789,28.51445679372565],[51.195475353447463,28.516310342810321],[51.19278706483199,28.518226437013052],[51.190006904747385,28.520220038164197],[51.187198868228002,28.52224414850264],[51.184479518031573,28.524209654716099],[51.181787064394456,28.526171939849881],[51.179053290576029,28.52811017002043],[51.177942694937698,28.530668106793268],[51.176670038526332,28.533615051408088],[51.175415100234346,28.53646618830027],[51.174157980391094,28.539365517247443],[51.17286602530811,28.542358122227306],[51.171537476798882,28.545439135436865],[51.1703577830664,28.548164108528788],[51.169131079745696,28.550985781691196],[51.167848571070643,28.553937239486203],[51.166622198176064,28.55678965724162],[51.165419183950419,28.559564539824205],[51.164287463804754,28.562204052886681],[51.163032007024796,28.565078397741324],[51.161687586403879,28.568175879649825],[51.160351696163055,28.57123239266426],[51.159174596256705,28.573921100201012],[51.157984900571257,28.57669759055576],[51.156733817443531,28.579593364428003],[51.155430090156145,28.582574338513442],[51.154178844642971,28.585459558371646],[51.152913622309242,28.588318929501781],[51.152093343111147,28.591530727537044],[51.151247676852151,28.594739274529022],[51.150450285398819,28.597746941784692],[51.149741232446104,28.600789490485106],[51.148869006944857,28.604111471136147],[51.148047147496392,28.607278755317783],[51.147222297877747,28.610437596660596],[51.146370990314267,28.61368239761525],[51.145606970032574,28.616571366874702],[51.144800098961255,28.619688415605836],[51.144632197895646,28.622882768359172],[51.144461756804844,28.626376513343075],[51.144298846654252,28.629425663221003],[51.144144076275879,28.632804883740363],[51.143961696812816,28.636118366917973],[51.14379123262232,28.63938252058486],[51.143667623371336,28.642139526893221],[51.141296601426134,28.643690399874501],[51.138570244113872,28.645476484424393],[51.135638604073627,28.647392786749091],[51.132483727545498,28.649470181388548],[51.129461779096154,28.651423794481264],[51.126341728256321,28.653473611509071],[51.123239394462544,28.655488382687381],[51.120300413697592,28.657407716007373],[51.117317159384939,28.659332163233767],[51.115234815874501,28.66221438401336],[51.113173130345615,28.665079949536615],[51.111180144363608,28.667824801039291],[51.109173187254655,28.670633345512123],[51.10707834241768,28.673550664404114],[51.105073445551902,28.676342806744042],[51.102992965989124,28.679214417221626],[51.100969466313344,28.681953777035613],[51.098904243735248,28.684832471039275],[51.096951136779062,28.687494928210594],[51.095501331546295,28.689513329352877],[51.092633562453535,28.691374723579131],[51.089552102416128,28.69338600536868],[51.086620236733971,28.695363847909181],[51.083766520302092,28.697259050078639],[51.080924866968083,28.699106032419085],[51.078163875589915,28.700996115556844],[51.075376772986331,28.702846505508706],[51.072560090806512,28.704735179466891],[51.069836497712593,28.706525801359721],[51.066928922563321,28.708460202119461],[51.064097337200785,28.710354100218428],[51.061142007058947,28.712304306415479],[51.058204104654131,28.714251140074946],[51.055407497833414,28.716113188155685],[51.052429235048173,28.718077491743358],[51.049652961344769,28.719928573274302],[51.046677809740373,28.721909002797773],[51.043794410127809,28.723831344296936],[51.041022370658418,28.725671860271646],[51.038230067837674,28.727677883915078],[51.03540972399211,28.729700382129998],[51.032651060538647,28.73166742056096],[51.029726780075904,28.733758211289036],[51.026854242957818,28.735837998850972],[51.024102168572611,28.737732328046697],[51.021321581290259,28.739768327442523],[51.018776486309108,28.741920587575265],[51.017270013810375,28.744479311189473],[51.016109348023804,28.746890804159161],[51.014920486406467,28.749556753591612],[51.013653324272006,28.752136935163648],[51.012373257435719,28.754821959953077],[51.011191330176324,28.757372928426971],[51.009744984713862,28.759770329824175],[51.008421326158249,28.76198882073264],[51.006055063098039,28.764180638114329],[51.003782241133578,28.76631483753815],[51.001498223787891,28.768432158761268],[50.998508773290048,28.770210590150111],[50.99552793848359,28.771965416489792],[50.992381870537983,28.773845130702806],[50.989187445946797,28.775730507960017],[50.988003882239084,28.776436322747468],[50.986131643681297,28.7775527875988],[50.983144863114909,28.77934313087508],[50.980083195780139,28.781150914754551],[50.977030032016749,28.782973848437074],[50.97404165243227,28.7847072946896],[50.972088126907025,28.785623126087376],[50.968980076698124,28.787063756739986],[50.965892296342815,28.788491050240911],[50.962780352668233,28.789960014345674],[50.959700127166698,28.791390604831673],[50.956540582232982,28.792862208327612],[50.953348731959807,28.794358909574107],[50.95011006090548,28.795855163850923],[50.94699771728127,28.7973021948801],[50.943606228992536,28.797686790196096],[50.940373183693069,28.798005518527663],[50.937173891079674,28.798327983361698],[50.93404177111249,28.798677070489916],[50.930760781371482,28.798986520691948],[50.927503992301808,28.799320204553624],[50.924186564556251,28.79968427723048],[50.920845415213783,28.800049415218282],[50.917443524184542,28.800389972262369],[50.91547649391817,28.801091638624889],[50.915405374307412,28.80111028289349],[50.913823914790981,28.80152485038851],[50.913699818292955,28.801557380183834],[50.91132080428352,28.801885846545115],[50.910882764066876,28.80176075968204]]},"properties":{"OBJECTID":22,"gis_id":"BG703","denomi_vol":4,"owner":null,"Shape_Length":47493.951257127061}},{"type":"Feature","id":23,"geometry":{"type":"LineString","coordinates":[[53.404788383264609,28.532281094697847],[53.404432755811065,28.532545574722686],[53.402362209377443,28.534064069616726],[53.401934550761247,28.534377695800114],[53.401390232916079,28.53466247346601],[53.401351040306885,28.534682977877637],[53.400789147690155,28.534976945668308],[53.400749983127547,28.534997435885685],[53.400255869425337,28.535255939886973],[53.400118323610783,28.535327899328905],[53.399856162499539,28.535465051677647],[53.397176050130611,28.538803256960122],[53.396389010412747,28.539406805148204],[53.396348269827051,28.54054786461424],[53.396251686763293,28.543746454928687],[53.396107655887562,28.547489714729892],[53.396019096366068,28.550242373332839],[53.39589066338241,28.553937443465536],[53.395751587735283,28.557834258918685],[53.395627112642877,28.560935863352309],[53.395548424736766,28.56341539035671],[53.395440262278434,28.566882322110303],[53.395328033885058,28.570215217931871],[53.395221239024551,28.573372929425307],[53.395096604257411,28.577018673146782],[53.39493405498083,28.580863655266086],[53.394819808294564,28.583911876740459],[53.394592971455246,28.587957074077323],[53.394442562019165,28.59077313007294],[53.394255176235013,28.593768721749331],[53.394045845479155,28.597096906879056],[53.393821426227738,28.600703788073503],[53.393615167393513,28.604038703120427],[53.393423180058605,28.607238919775348],[53.393184063315523,28.61097926417629],[53.393013536898394,28.614083976778524],[53.392786565262,28.617641186398714],[53.392614827160457,28.620441545763786],[53.392417454688086,28.623591779095221],[53.39218386195143,28.62732914529137],[53.391920834571991,28.631518804677938],[53.391762671589625,28.634338265737263],[53.391566674992298,28.637453915418831],[53.391355604831134,28.640840241005574],[53.391143222008246,28.644309482484879],[53.390935235007937,28.647685209779315],[53.390724078867883,28.651151276655309],[53.390513745545398,28.654506183811957],[53.391037563172979,28.658030734440814],[53.391696813256686,28.661867119427235],[53.392051355365687,28.664688854238776],[53.392532501564112,28.667887660579019],[53.393063040113368,28.671353505114148],[53.39355770224266,28.674663815280322],[53.39402266355961,28.677751632320444],[53.394570255060422,28.681522860822351],[53.395250291587026,28.682381052868937],[53.397156855774519,28.683091213699726],[53.398849965196426,28.683716848463209],[53.402477272791266,28.684633932097746],[53.405189272810489,28.685360151541968],[53.411039660486523,28.686845561508775],[53.413209150702052,28.688930317889774],[53.415464564498734,28.691068006623983],[53.419091072446193,28.694559618919577],[53.418550728359932,28.696322540794807],[53.417500172310888,28.699583616507926],[53.416808308897039,28.701763062750594],[53.415990212148408,28.70525745342567],[53.415029666222942,28.709422105135395],[53.414205458420923,28.712922474614999],[53.413490226062287,28.716062825323657],[53.412758772363688,28.719188350491688],[53.412054664216797,28.722178747146391],[53.412643372459904,28.724921070622294],[53.413050096045644,28.726750070324417],[53.415423102026857,28.729964014594614],[53.41453001903993,28.733634894069109],[53.415188438691125,28.736826790759849],[53.41587592048122,28.740102311458127],[53.416614756686599,28.743621743360681],[53.417332014361016,28.746974640251718],[53.417987448593564,28.750020246381727],[53.418667583968499,28.753285898961668],[53.419357355275153,28.756525759146054],[53.420068355958747,28.759866685831412],[53.420814245130266,28.7633760835859],[53.421517031862777,28.766731235458355],[53.422148021848074,28.769646785210522],[53.423131648634289,28.774322368935096],[53.42353437323365,28.776233064672017],[53.424307587814795,28.779843296877495],[53.425281458842768,28.784364501140416],[53.4261400848142,28.788467295463551],[53.426695039842684,28.791123883736127],[53.427434112015732,28.795422381215086],[53.428479057994593,28.799462098294356],[53.428962349194272,28.801731948220308],[53.429702963650612,28.805189179175006],[53.430423980298187,28.808586471632648],[53.431017285253141,28.811396609170245],[53.433620838319904,28.812686166779411],[53.436794586899147,28.814296094020825],[53.440454038060686,28.816070274878498],[53.443787303794629,28.817694456278339],[53.447278599314203,28.819421842452577],[53.450787083279671,28.821139712152579],[53.454102026677667,28.822768582847839],[53.457687147404002,28.824543770822885],[53.461445881820573,28.826671853717603],[53.463021191136562,28.830282754733453],[53.463787532773793,28.832012474770696],[53.465278291632693,28.835458205851172],[53.467491861071643,28.840569791715208],[53.469141518746099,28.844359090561699],[53.470003157738404,28.846338292918709],[53.471231943942492,28.849160001684083],[53.472716431074609,28.852571070886363],[53.474054656427292,28.855644938408329],[53.475980909849653,28.860066622477124],[53.476842546779544,28.862045825869323],[53.478804613801408,28.866551561129633],[53.480143834226539,28.869625430413961],[53.481610406168983,28.872994477113487],[53.483310791411789,28.876896847843803],[53.483021103284848,28.880314885171654],[53.482753783054626,28.883462915442518],[53.482513894050015,28.886295943422482],[53.482216082946486,28.889803978317577],[53.481979254927595,28.892592006148512],[53.481796295577077,28.894748026920443],[53.480645270772669,28.89797504882258],[53.478986923612474,28.90262164179104],[53.477666454881756,28.906322518828397],[53.476148467302821,28.910577231581943],[53.476196579450466,28.91310155728069],[53.476248411512806,28.915807906690269],[53.476318758757053,28.919474380288822],[53.47483619291809,28.923413094019605],[53.473771637493989,28.926238175036861],[53.472514612082769,28.929578084796805],[53.471240551244499,28.932959982759741],[53.469555498302071,28.937433522697486],[53.466907956555836,28.938624603860664],[53.46302756433095,28.940369323195679],[53.459844523696987,28.941800816510089],[53.457208624572125,28.943879007615209],[53.457035358037437,28.944353938398809],[53.45692723379549,28.94465030812669],[53.456785556804824,28.945038644266926],[53.455408060010747,28.948817463088726],[53.454154889158211,28.952253385474084],[53.453000963170375,28.95541839508347],[53.453464255038647,28.95803820824171],[53.454954884614175,28.958681991114634],[53.456608826652527,28.958158209961841],[53.456867149727834,28.95750699516644]]},"properties":{"OBJECTID":23,"gis_id":"FG904","denomi_vol":2,"owner":null,"Shape_Length":52868.121253591504}},{"type":"Feature","id":24,"geometry":{"type":"LineString","coordinates":[[51.101037182404596,28.691862525940362],[51.100512281424315,28.691641207361094],[51.098664075343351,28.690940708868386],[51.095855877079366,28.689848553075112],[51.095536638332362,28.689602495880248],[51.092694356557779,28.691447347891323],[51.089613658807409,28.693458128673882],[51.086682131963606,28.695435744846542],[51.083827690289851,28.697331430759665],[51.080986637741113,28.699178022262206],[51.078226063072648,28.701067821167253],[51.075438554446514,28.702918483398747],[51.07262168111528,28.70480728509558],[51.069897937795858,28.706598005772399],[51.066990695412635,28.708532182009236],[51.064158955715619,28.710426186160745],[51.061203440467125,28.712376511110328],[51.058265719376941,28.714323232273994],[51.055469021659874,28.716185337610167],[51.052490786645755,28.718149624468825],[51.049714696377627,28.720000584418418],[51.046739545950118,28.721981015279045],[51.04385609840584,28.723903392390191],[51.041085546634285,28.725742921677295],[51.038294725529376,28.727747875661876],[51.035474239769684,28.729770478142118],[51.032715522448129,28.731737559403335],[51.029791538242051,28.733828138417564],[51.026918271470556,28.735908454616485],[51.024166421666614,28.737802627997944],[51.021389843708299,28.739835694506901],[51.018859600681608,28.741975394618578],[51.017362752026884,28.744517778474044],[51.016204172569005,28.746924941153207],[51.015015175770166,28.749591198315006],[51.013747542465758,28.752172344817954],[51.012467893366079,28.754856502116834],[51.011284206609972,28.757411269816309],[51.009835544005782,28.759812515756813],[51.008505366660266,28.762041938783106],[51.006129520587599,28.764242625476289],[51.003856719282844,28.766376813495526],[51.001564791625562,28.768501465388688],[50.998565892837675,28.770285519697353],[50.995585142913491,28.772040296733341],[50.992439129070291,28.773919979765886],[50.989244666343822,28.775805380015935],[50.987989194866024,28.776554077236391],[50.986189174364945,28.777627476824467],[50.983202197973696,28.77941793505925],[50.980140451567955,28.781225763532277],[50.977086946418389,28.783048906034441],[50.97409400355135,28.784784999149746],[50.972136048210416,28.785702908223932],[50.96902773600705,28.787143662658348],[50.965940296217966,28.788570798454906],[50.962828443079147,28.790039716735738],[50.959747965829699,28.79147042737203],[50.956588605681986,28.792941945375997],[50.95339660198043,28.794438716285068],[50.950157771303019,28.795935043841812],[50.947029170357418,28.797389633563174],[50.943618471082253,28.797776409601283],[50.940384707767322,28.798095206501383],[50.937186148237373,28.798417597927248],[50.93405366080578,28.798766726673442],[50.930772155899334,28.799076225634579],[50.927516247448608,28.79940981997326],[50.924199210432249,28.799773849836221],[50.920857508975892,28.800139047377904],[50.917482733683102,28.8004768917604],[50.915547916840545,28.801192459372913],[50.915503572895851,28.801204380552221],[50.913785304938806,28.801666300150529],[50.913778228540203,28.80166820197131],[50.911294919409336,28.801987242829583],[50.910857997278903,28.801848344686995]]},"properties":{"OBJECTID":24,"gis_id":"AG701","denomi_vol":4,"owner":null,"Shape_Length":23300.389846672533}},{"type":"Feature","id":25,"geometry":{"type":"LineString","coordinates":[[51.150377979172127,29.295813875443585],[51.150686175823083,29.296147749862115],[51.151109124044105,29.296812365059306],[51.152124830368848,29.296773198357535],[51.155194302988015,29.296564915548331],[51.156933002782111,29.294608700380728],[51.159729073618536,29.293595197558457],[51.162061945104547,29.292733866169719],[51.165884285352845,29.291331301835925],[51.168663618035652,29.29029510497843],[51.172970605075442,29.290772593385789],[51.175060474380828,29.292623315541292],[51.17712831834875,29.294425779283095],[51.18045764028443,29.295733796672831],[51.184876480589864,29.295916086465699],[51.192347894274924,29.296347447368849],[51.195350434240801,29.299890715543896],[51.196970388942397,29.299906678143525],[51.199840816450902,29.299371947467147],[51.202659359451864,29.298128947663663],[51.204138482640772,29.297524486198025],[51.206951079081634,29.296622960173554],[51.208264683541394,29.296492219793272],[51.209622363656969,29.296214311764604],[51.209693214473255,29.296199808438061],[51.209730874287864,29.29619209926792],[51.211995334215231,29.295728543551107],[51.214234882237982,29.296323627170651],[51.217461574481653,29.29602341715027],[51.220254746002169,29.294942827243165],[51.223294146222429,29.293639483077488],[51.225524513623377,29.294524681172522],[51.229165175205438,29.295888663939323],[51.230699989684574,29.29648294900333],[51.233554354319857,29.297495830183205],[51.235907622447677,29.298416688554141],[51.237410987362672,29.301133233026079],[51.239217735310532,29.304348926526693],[51.240823394616989,29.308380947479616],[51.242321150656203,29.312422449153097],[51.243064708727083,29.314401363663578],[51.243807848814875,29.316155889345549],[51.245311002496052,29.318286216889337],[51.24677219205072,29.320322645158249],[51.24783242171393,29.322090953820286],[51.248987482370595,29.324035972555407],[51.250139110717157,29.326000693225588],[51.250528475933891,29.326101528646198],[51.250583379656554,29.326115747234475],[51.250594050400949,29.326118510662976],[51.251492856014522,29.326351268160128],[51.252309301930218,29.327770251746973],[51.253455077303919,29.329695993962435],[51.25558104564665,29.330563929498659],[51.258366840145115,29.330406283125296],[51.261286473896348,29.33025112364589],[51.263959632940526,29.330160793746266],[51.264536758521722,29.329953056345339],[51.264627216050442,29.329919865473212]]},"properties":{"OBJECTID":25,"gis_id":"DK626","denomi_vol":5,"owner":null,"Shape_Length":14267.582643214519}},{"type":"Feature","id":26,"geometry":{"type":"LineString","coordinates":[[51.150297780438855,29.29588323508969],[51.150622235130093,29.296195491338533],[51.151061988717295,29.296886456783188],[51.152129819799036,29.296845279759612],[51.155236926330304,29.296634442193223],[51.15698459968344,29.294668132596168],[51.159760798884612,29.29366183319809],[51.16209383213765,29.292800441495665],[51.165916306125865,29.291397825548735],[51.168675367853531,29.290369186356529],[51.172932065660127,29.290841100310995],[51.175002164157291,29.292674314106907],[51.177080905588618,29.294486275415959],[51.180438186377586,29.295805278205528],[51.184871837039537,29.295988179922507],[51.192304479523273,29.296417302593955],[51.195308662997924,29.299962513403539],[51.196978585953715,29.299978966018333],[51.199868341571189,29.299440635742421],[51.202695280834327,29.298193932985157],[51.204170087824103,29.297591235897325],[51.206970138426776,29.296693732379499],[51.208278742764321,29.296563488790781],[51.209674284327342,29.296277829630952],[51.20971194520164,29.296270120464488],[51.209782795015656,29.296255617994603],[51.211992566423518,29.29580325773496],[51.214226969117938,29.296396974148859],[51.217483062323602,29.296094028644855],[51.220289488196592,29.295008311593442],[51.22329550386501,29.293719280996207],[51.22549133815793,29.294590773407904],[51.229132345843631,29.295954886432309],[51.230667884571936,29.296549454015615],[51.233522100297684,29.297562281972795],[51.235846618292001,29.298471888095815],[51.237336978706665,29.301164939443421],[51.239141615522037,29.304376877686529],[51.240745320721445,29.308404000412864],[51.242242848097717,29.31244489324963],[51.242986937518943,29.314425227841983],[51.243733465102153,29.316187753389883],[51.245241092177579,29.318324422082714],[51.246700743283689,29.320358709494123],[51.247759410653046,29.322124413250172],[51.248914294498448,29.324069133294866],[51.250081936042797,29.326061177225657],[51.250570699959816,29.326187752879118],[51.250581371741319,29.326190516306621],[51.250636276548846,29.326204734870686],[51.251435327420872,29.326411659535953],[51.252235980118932,29.327803196132095],[51.253394939396422,29.329751096764682],[51.25556533768922,29.330637172430762],[51.258371990438796,29.330478346991036],[51.261290555196503,29.330323243637338],[51.263976243700867,29.330232489945036],[51.264665362307383,29.330015611490087]]},"properties":{"OBJECTID":26,"gis_id":"DK627_j2","denomi_vol":5,"owner":null,"Shape_Length":14277.015399914591}},{"type":"Feature","id":27,"geometry":{"type":"LineString","coordinates":[[53.402529063604057,28.531328915959708],[53.400782833675727,28.532298173084953],[53.401070911838815,28.532625533602737],[53.40110510071451,28.532663854485833],[53.401193622466472,28.532763073568493],[53.401384415958688,28.532976924610903],[53.40145880397322,28.533059576947203],[53.401471520087505,28.53307370639148],[53.401484238288617,28.533087837601908],[53.401827385526438,28.533469096279919],[53.401852808460426,28.533497341719258],[53.402054795509642,28.533721759876862],[53.402336814045434,28.534035792220141],[53.402362209377443,28.534064069616726],[53.402430604672546,28.534140228530259],[53.402803399024862,28.53457319578105],[53.403233258537767,28.535072233732006],[53.403624790605591,28.535493220732558],[53.404070377546894,28.535991277019747],[53.404437685712267,28.536420236577463],[53.404856071799763,28.536913011944318],[53.40551742585513,28.536651481574477],[53.406320850978304,28.536362109541933],[53.409155270643566,28.534595878430046],[53.412150345414886,28.532725816270226],[53.414674225934149,28.531147753993395],[53.41778863819345,28.530123666672289],[53.421038402646509,28.52905672936085],[53.423834903230514,28.528106666205989],[53.426457532957087,28.528287933083618],[53.426498284248872,28.52829074952481],[53.426797317708157,28.528311414377594],[53.431294391321373,28.528628535261365],[53.435383405278401,28.52890743991059],[53.438722187256694,28.529113740395147],[53.442753052821018,28.529383831685003],[53.445537203042043,28.529584005209337],[53.449979395830866,28.529880567414107],[53.452350248060014,28.530037769091841],[53.455396146650706,28.529788691294861],[53.459421168510467,28.529444464415022],[53.463811422230052,28.529069898278106],[53.467517343362339,28.527588690431546],[53.471671049191251,28.525953221756826],[53.47223398551025,28.525731218266618],[53.472275753897868,28.525714745846308],[53.47382420630526,28.525104071193187],[53.478293623031746,28.523334197854169],[53.478790062043878,28.523140415518224],[53.478862139480611,28.52311227992849],[53.479359598676517,28.522918097139843],[53.480445267912508,28.522494297343385],[53.483967318247792,28.521124143840773],[53.487118013941547,28.51833191477111],[53.490219453529811,28.51559838703233],[53.49326892813594,28.51289505538054],[53.496277699213437,28.510203675835498],[53.499103986080399,28.507696610906002],[53.501645851450057,28.50543700009386],[53.504839573261911,28.502586064308066],[53.505813723334541,28.499218554934799],[53.506715676466783,28.496062236063388],[53.507755414847225,28.492392016702652],[53.510239921179043,28.489755048184676],[53.512428439547165,28.487423027995835],[53.515057946195405,28.484632707448771],[53.517221412577271,28.482364415134377],[53.519322897400279,28.480149058881963],[53.52024745658899,28.477755847591766],[53.521375601774601,28.47491506873115],[53.52007756964727,28.473219661065599],[53.517413201400508,28.469764762798597],[53.515025180816941,28.466637465422615],[53.512848277029867,28.463833694036921],[53.511530909436935,28.462101010958296],[53.509787395969703,28.459830289985916],[53.507367678641579,28.456695958004445],[53.505187153595777,28.453862930205645],[53.503149147969935,28.451209584525312],[53.501354746948572,28.448912801852565],[53.50101266285467,28.445201513178507],[53.50068252317223,28.441515741069747],[53.500368545261729,28.438043760288707],[53.500004887684845,28.434232435658348],[53.499765728712681,28.431665636727416],[53.499411553614486,28.427854073724188],[53.499180746642459,28.425381045252447],[53.499539724412216,28.421912576717858],[53.499937609850861,28.418293884746436],[53.50020295137297,28.415881173833263],[53.500557540422612,28.412167174041286],[53.500905785439954,28.4093867670334],[53.501383559425115,28.405069089578447],[53.50178335516059,28.401335638621791],[53.502187163159896,28.397760708754472],[53.502589471595257,28.393773281678534],[53.502846258263787,28.39147352185503],[53.503200036069089,28.38814506199985],[53.506545793042385,28.385627322414685],[53.509013934608554,28.383776912862555],[53.512233294455442,28.381324288389322],[53.515340650061781,28.378993048228285],[53.517988491616777,28.376988076570562],[53.521391223965871,28.374430146559096],[53.524500348748575,28.372087908189297],[53.527632222359721,28.369721694406145],[53.531175846146702,28.367098351718248],[53.534255060232532,28.364722390994654],[53.537857532579032,28.3628270120123],[53.541431372685565,28.360882842574007],[53.54506085063899,28.358957240395398],[53.548650138357637,28.357035093485219],[53.551067603864034,28.356056722149017],[53.553305470870136,28.355162658649377],[53.557897869012933,28.353312654320284],[53.560622543165159,28.352211869722854],[53.564025108752503,28.350815819021221],[53.566616807963314,28.348286726664941],[53.569686634503704,28.345303723772794],[53.571814504110989,28.343182051717555],[53.574013270361675,28.34102280301104],[53.576490960095541,28.338623094445513],[53.578911969101135,28.336236324334173],[53.581221458982242,28.333978940404716],[53.583672466162064,28.331561949168016],[53.584059101272096,28.32657658462157],[53.584251896257918,28.324100779416977],[53.584505555178339,28.320963719359813],[53.584701663918217,28.318611430566705],[53.586894297298798,28.316206647268032],[53.588914298445651,28.314076848685687],[53.591700630401306,28.311083773761499],[53.594535217106866,28.30803689528404],[53.597357532936492,28.305017257702993],[53.599244580544458,28.302997419837794],[53.602428908298741,28.29959039871715],[53.604400951182278,28.29748414936606],[53.606686511540637,28.29503596583238],[53.609901717738914,28.292544331505763],[53.612066840206872,28.290871097964015],[53.614263456909278,28.289169146847581],[53.616999364919344,28.287044260178821],[53.620486485736286,28.284328408671122],[53.622169082360102,28.283010667375944],[53.625139451923559,28.280667273330678],[53.628211676636163,28.27831699108307],[53.631383182988387,28.275842560573075],[53.63442698722276,28.273468745179102],[53.636831774503676,28.271606760950068],[53.639039748319,28.268615928855194],[53.640876287360747,28.266142232888043],[53.645079704373565,28.263684223021791],[53.647035616164516,28.262553312804101],[53.649169648503438,28.261326096276754],[53.65281868620611,28.259196995339739],[53.655996203903889,28.257402897260395],[53.659552207173448,28.255395703392946],[53.662606794643352,28.25368322624902],[53.665764612608676,28.251877854235421],[53.668969172814101,28.250030281197883],[53.672786143132726,28.247200375408887],[53.675520220350222,28.245202168544417],[53.678653535275963,28.243081484415953],[53.682405822699721,28.240506702041429],[53.684903006822857,28.238799341333387],[53.688532836512458,28.23632443088961],[53.690952058949193,28.234673991011544],[53.693855776634202,28.232692062141556],[53.69630300349629,28.231010398120407],[53.699482090585569,28.22883101070979],[53.702346109156863,28.226858036795853],[53.703901575587231,28.225944950454952],[53.705506015326847,28.224998913544198],[53.708587450732047,28.223200708170697],[53.712183065888254,28.221087801154244],[53.715599450831753,28.220528119756359],[53.718236346208414,28.220085565765782],[53.721636486497133,28.219539118460997],[53.726159451597034,28.218803675473797],[53.728795603903386,28.218358121564915],[53.732991224788115,28.217671906776811],[53.73593472023812,28.21720135714887],[53.739447527262691,28.21663248638583],[53.744003996312522,28.215828127064928],[53.747789617074822,28.215241867071377],[53.751766804006301,28.214582318263279],[53.755169693308865,28.214039627560958],[53.758965128428038,28.212884813781784],[53.762269099395191,28.211872209219489],[53.764316518443223,28.211345479198503],[53.766689750742543,28.210779865093443],[53.76914637763447,28.210199345562291],[53.773342003918401,28.209187506266531],[53.777371305970007,28.208227735486037],[53.779747048812389,28.207653624390346],[53.783427772290715,28.206767964508089],[53.786208558635607,28.206087805161172],[53.788266394668277,28.205609594424619],[53.792529949734316,28.20457883394841],[53.796547247496932,28.203638803321113],[53.801071981573756,28.202560086389507],[53.804734411080297,28.201726664420928],[53.808858115174203,28.200743751918321],[53.812992572097869,28.199746601356136],[53.817410417366574,28.198705769128885],[53.821147856863817,28.197791925893647],[53.824899223225877,28.196913604412821],[53.829361218505085,28.19589907777058],[53.833050964472157,28.194997682589289],[53.83673615895102,28.194136539836936],[53.839611127186089,28.193411986865705],[53.843118524285146,28.192597395915072],[53.846991272969724,28.191678959911748],[53.85092171546551,28.190739839810536],[53.853872289593284,28.190038627413454],[53.857801974659793,28.189107007574727],[53.858740556477407,28.188519027054355],[53.858802194476006,28.188480412606197],[53.859224053613346,28.188216131774105],[53.859278556137262,28.188181988139583],[53.861186215608626,28.186986871002574],[53.864726882883993,28.184757401601875],[53.867805005983314,28.182863944351414],[53.870864150748773,28.180977215073565],[53.871223277537069,28.180753610882103],[53.871527503042614,28.180564189422885],[53.874365306179186,28.178797207427689],[53.877528188677786,28.176812835014267],[53.881330676510203,28.175809813057072],[53.883006973492243,28.173191916611067],[53.884675281114696,28.170574757885664],[53.886560609725528,28.167546299944345],[53.88841705093337,28.164643323345629],[53.890281995015229,28.161729855513947],[53.892076163445232,28.158907816184527],[53.894085943901949,28.155949394389271],[53.895997929484878,28.152949423581489],[53.897991832734839,28.149950751008685],[53.898937770725233,28.148504658568445],[53.899532820485334,28.146348202282805],[53.899881840466023,28.145083324021673],[53.900954856495154,28.141395354058712],[53.901773607331222,28.138493439986863],[53.902277374201248,28.136762056291289],[53.902093119683975,28.133525454096748],[53.901867629423286,28.129291184143156],[53.901748338127618,28.127040274069071],[53.900343335155284,28.123685012418598],[53.899062988961965,28.120608427558707],[53.898327194601848,28.117792495140531],[53.897553517140132,28.114934764930634],[53.896877534733676,28.112355931201275],[53.898103873666301,28.109313963810674],[53.899186177981903,28.106614624548424],[53.900193827240471,28.104099471641835],[53.901667094445585,28.100508469382909],[53.902997744852023,28.097144583607747],[53.904453662796406,28.093638321715812],[53.905867518259313,28.090047501207632],[53.907095577661146,28.087024038797285],[53.907831095560418,28.083847493361638],[53.908655785801734,28.080289503511342],[53.909336767475935,28.077365427023906],[53.9099371867106,28.07473929288313],[53.910781541076872,28.071046310180435],[53.911637136306325,28.067348838343523],[53.912772266752114,28.064370523307534],[53.913911445035154,28.061354206825769],[53.915053792609307,28.05839115153335],[53.916340618104812,28.054950702783874],[53.91769953906612,28.051368568898621],[53.919133945434488,28.047720263820121],[53.920523725283935,28.044203922177644],[53.921897764647937,28.040698313094904],[53.923233201231866,28.037301924182078],[53.924536359290855,28.033959005652839],[53.925901393996057,28.030464388584946],[53.927235864883158,28.027045744390644],[53.928600141473666,28.023558376013092],[53.929940325740532,28.020158492138144],[53.931277284327564,28.016745351069289],[53.932559580994074,28.013500918462064],[53.933859973246868,28.010170996979721],[53.935221134703639,28.006764133401177],[53.936548578918419,28.003370984626997],[53.937957679886857,27.999785153216539],[53.939276896832538,27.996384244235145],[53.940621847552777,27.992968109369258],[53.941966291447827,27.989556226042051],[53.943332695103109,27.98615011925753],[53.944661396312291,27.982750218878923],[53.945920372611646,27.979577017156398],[53.947115041859362,27.976508004226407],[53.948287377870756,27.973519975012792],[53.949312150061516,27.970901073369205],[53.950476406800249,27.967630249300129],[53.951704390587935,27.964138721550363],[53.952874215589993,27.960815898404764],[53.954054563553278,27.957465334614724],[53.955231164363319,27.954117014350981],[53.956393299919355,27.950759928440551],[53.957539226303446,27.947391321913599],[53.958683597541118,27.944061967049993],[53.959490212556098,27.940116831490588],[53.960170676015352,27.936784519211862],[53.960768351359611,27.933805334068854],[53.961476441207701,27.93025445336815],[53.962217120404816,27.926606850093723],[53.962987782239416,27.922767755709209],[53.96286900073985,27.918937899746098],[53.962774316295935,27.915188829143229],[53.962625261797214,27.911232174031539],[53.962554905511894,27.907401621427631],[53.96239629956267,27.903834252744769],[53.962283487132893,27.900362446119342],[53.962220383285647,27.898423385250933],[53.96206975896839,27.893648377120883],[53.963889437932728,27.891830474995924],[53.966108800799098,27.889647734354995],[53.968409910045651,27.887385327686445],[53.970638282763126,27.885187594513333],[53.972870926904335,27.882798093680094],[53.975173575095361,27.880334163448008],[53.97864890418559,27.8781010958648],[53.982218485245944,27.875769626119762],[53.985781785915933,27.873467150906166],[53.989379114485921,27.871976566052371],[53.992059742211318,27.870871735000609],[53.995477744224907,27.869446954211956],[53.998759061007547,27.868077146473244],[54.002121137356951,27.866697686514364],[54.005578078833089,27.865276202368573],[54.009021216043713,27.863817605589922],[54.012238209357598,27.86252195483867],[54.015426692310342,27.861171617605834],[54.019491780752915,27.859551108818668],[54.022466519540394,27.858189583065293],[54.02555312040608,27.856925947036299],[54.02884353832404,27.8555222762268],[54.032434144831122,27.854027937665691],[54.036012288572543,27.85252158425995],[54.039580681104468,27.851026720033385],[54.043147590905299,27.849522353381243],[54.046729731913835,27.848015253730669],[54.050285889164492,27.846526129459448],[54.054739251161081,27.845879884392055],[54.058995854421958,27.845268169765554],[54.063443221489528,27.844625670914883],[54.066205876232168,27.84274058957913],[54.068988528138959,27.840837778838246],[54.07093332190879,27.839517084431396],[54.073592291224209,27.837694893967665],[54.077193321174811,27.835217195177002],[54.082550429295296,27.832970785711705],[54.086961342660679,27.831132346605315],[54.090487806531087,27.829641689779749],[54.093638599645878,27.828306623455582],[54.096958206512156,27.826929495362624],[54.101387624287334,27.825073076002123],[54.104851134445148,27.823617103813397],[54.106853932977828,27.822756784582442],[54.110710841169656,27.821146244140106],[54.1135229246634,27.819957310685268],[54.116846807407448,27.818561686235832],[54.120816409825153,27.816877515526311],[54.124757999066766,27.815232067306631],[54.127889534083643,27.813927734688704],[54.130344944908764,27.81126266779556],[54.132968528419603,27.808612118583778],[54.134489332376084,27.807033157762444],[54.13770697635902,27.803673911505626],[54.139978071101204,27.800964413588886],[54.141571515697507,27.799043489897461],[54.14390908846201,27.795247429822791],[54.14491229288771,27.793573612588059],[54.146388213656984,27.790116119516057],[54.147840339430012,27.786870786062355],[54.149405200976389,27.783331715390009],[54.150734645718813,27.780303943361549],[54.150545654103759,27.776728508010169],[54.150679689246537,27.773747097668867],[54.150933898560702,27.770653168312286],[54.151329418790468,27.764644482869326],[54.151514869536769,27.761213234717857],[54.151622226158089,27.757492616248769],[54.151701270365088,27.753906285887179],[54.151877515437533,27.750341603771894],[54.152030800851897,27.747097233969686],[54.152137488446563,27.743725056254259],[54.15226094935629,27.740376359839829],[54.152370805472728,27.737113888778598],[54.152505961448078,27.733426039289405],[54.152633559544157,27.72984814183199],[54.152754427178145,27.726222665678716],[54.152904716649317,27.722314910474708],[54.153695027130858,27.719213519284562],[54.154480765641715,27.716140865812026],[54.155252037468749,27.713125815696774],[54.156063128351008,27.710004848731835],[54.156920490182294,27.706629853739653],[54.158935126469032,27.704149621889542],[54.160726939231033,27.701941745306335],[54.163435275543478,27.69860555879632],[54.165766041412368,27.695750692901608],[54.168171260622657,27.692753207119463],[54.170500681844537,27.689904667820009],[54.173064546091439,27.686919803281782],[54.175145988528634,27.684218381446879],[54.177689898328332,27.681167098664176],[54.179410620975801,27.680414141892388],[54.183676691930401,27.678532659023453],[54.186212807296819,27.676393173418738],[54.189306203850229,27.673864820831039],[54.191439151629687,27.672050149891867],[54.193429754741281,27.66877849044149],[54.192527590191112,27.665414646058487],[54.191671788715404,27.662186548109936],[54.190927122166372,27.658959381286639],[54.190184486763194,27.655602313672066],[54.189462370176599,27.65233276761899],[54.186557958564627,27.649818644493283],[54.183447953697844,27.64700251349139],[54.180321785239705,27.644085245396692],[54.17725055012567,27.641208400956941],[54.174715825202817,27.639041100643823],[54.171630456244401,27.636128636249733],[54.168837255816001,27.633585288005445],[54.165899651883258,27.630907949220006],[54.163052647105445,27.628347796574179],[54.160761548093333,27.626246236033428],[54.158291694357025,27.623981649206648],[54.153826062130605,27.620557241141654],[54.149911680328565,27.619297859387583],[54.14595120194025,27.618063274176858],[54.142313124309396,27.616857060377672],[54.139216403138718,27.615841342279957],[54.135681242905179,27.614716143161328],[54.132488808917358,27.613863526205378],[54.129260064898688,27.612910221271388],[54.125688134668245,27.611898946910305],[54.122714355965996,27.610957632705833],[54.121392219040317,27.608266708114474],[54.11988500089771,27.604714795899316],[54.120546916059681,27.601131964719247],[54.121165356343077,27.597292358102589],[54.12118689035151,27.595406475141907],[54.119063028730928,27.592867197321858],[54.116470998437485,27.588925541579545],[54.114483691063178,27.586659955138234],[54.111772505807934,27.583608677064479],[54.109284868169055,27.580690748456142],[54.107214067827726,27.578302806883901],[54.105045655533765,27.575869279415343],[54.103026423185248,27.573403736541096],[54.100542883551896,27.570614406060148],[54.097944002426431,27.567624908235423],[54.095528849900603,27.564769903727253],[54.09302830873628,27.56193306016721],[54.090649666171821,27.559236646430612],[54.088434650336374,27.556641555036972],[54.086021990620743,27.553869430034361],[54.083066545180195,27.550450597008759],[54.0808098785756,27.547884926286304],[54.081419915946711,27.544033664094279],[54.081872218585218,27.541054641934686],[54.082128121173938,27.537946324301174],[54.082557124487067,27.534900989330744],[54.081625411061637,27.531064842366732],[54.080681689512438,27.527563079778979],[54.079864801303522,27.524383079005208],[54.079059939705346,27.521120224852396],[54.07704278374019,27.517899963767686],[54.075022299804388,27.514555633956746],[54.073373375005175,27.511861767876017],[54.071525033126065,27.508924071565382],[54.069710220183687,27.506033336059481],[54.067748997707739,27.502878494033393],[54.065800708722065,27.499799706000616],[54.063806828682914,27.496616872945605],[54.061921644472562,27.493488889947599],[54.059961420889742,27.490352979755858],[54.057245396839242,27.488818224213563],[54.057196081975533,27.488790356993533],[54.056886439605016,27.488615378613417],[54.056843915901965,27.488591348145341],[54.056481433605391,27.488386509580089],[54.05442222024498,27.487858948473118],[54.053836048634402,27.48771087573331],[54.051953588694268,27.48723532769267],[54.051537310306692,27.487216861833964]]},"properties":{"OBJECTID":27,"gis_id":"GR834","denomi_vol":2,"owner":null,"Shape_Length":167836.65583519891}},{"type":"Feature","id":28,"geometry":{"type":"LineString","coordinates":[[53.464127783443587,28.406262095559843],[53.464004932163583,28.40656461473063],[53.463642554670237,28.407246705967616],[53.463851751580435,28.407825552839633],[53.464651403787357,28.408051735811181],[53.466633492490807,28.406805958502158],[53.468051550849488,28.405915075717299],[53.468085194755965,28.4058939385671],[53.468683679392015,28.405517937038535],[53.470252668641599,28.403409330883314],[53.472001349432965,28.401074078021377],[53.473775038297575,28.398699862599408],[53.475607705739101,28.396270721304226],[53.47745646408265,28.393822477854567],[53.479240651088737,28.391411066783544],[53.482534400041203,28.390076108465941],[53.486170035431215,28.38861019425039],[53.488864372969623,28.386843766301801],[53.491388902457722,28.385180420917813],[53.494093313490879,28.383390287111585],[53.496712739229388,28.381658081392928],[53.499320266027006,28.379937795489198],[53.501770820175459,28.378285420299488],[53.504397150078709,28.376567269597754],[53.506980690095062,28.374857968070557],[53.50947912802102,28.373195681143901],[53.511851614957529,28.37165824508611],[53.514355193398742,28.370014854246232],[53.517095535334278,28.368206786887377],[53.519700371598844,28.36650659246056],[53.522606046053568,28.36520251311142],[53.525652173389588,28.363831877719129],[53.529341662841382,28.362224930851376],[53.531871352088039,28.361112676626483],[53.534138421011619,28.360122074180879],[53.535747000369646,28.359387815116115],[53.538771102534703,28.358061156433269],[53.54116193175642,28.35699975239881],[53.543387292491531,28.356021348747436],[53.545295278409945,28.352949638607065],[53.547098674886939,28.350069413994216],[53.548773206119684,28.347404856359219],[53.551185612103708,28.345422640915626],[53.553391748200276,28.343642980636453],[53.555474029211496,28.341947127467968],[53.557691225406174,28.340141447544536],[53.560091370168557,28.338186949768406],[53.562455521627172,28.336254424605052],[53.564830655416294,28.334321909682231],[53.567210778822172,28.332377420795197],[53.569721904900831,28.330345008146757],[53.572287954333873,28.328222751269017],[53.574686927334419,28.326314341820758],[53.579418439508828,28.32248508892263],[53.581648822390406,28.320600343368184],[53.584088164584387,28.3185859177519],[53.586375430157467,28.316020057092295],[53.58760760974846,28.314651213224494],[53.589228727771037,28.312786964204442],[53.59047070326536,28.311447295337235],[53.591856044077275,28.309882475287534],[53.593316070352635,28.308216131964063],[53.59494411218823,28.306458797451931],[53.597056346335492,28.304053953215153],[53.598244320312297,28.302778217467694],[53.600375725847798,28.30038815153468],[53.60158183385046,28.299016406579902],[53.603306908903186,28.297100335282604],[53.605787957434117,28.295006915213218],[53.608100168899909,28.293074362410294],[53.610621465394601,28.290965892758379],[53.613117662088918,28.288819560365035],[53.615611644616919,28.286774293555155],[53.618220894326356,28.284609912531455],[53.620390501903628,28.282775940866244],[53.622050248238786,28.2813025239134],[53.623904224230557,28.279672927068432],[53.626592258319675,28.277585646726184],[53.627971265622179,28.276333793062857],[53.630781070385602,28.273976978076163],[53.632903416669897,28.272183187526739],[53.635292650845727,28.270177685554447],[53.63783583567438,28.268031360694074],[53.640358984238695,28.265927022112262],[53.642429308555116,28.264192192743938],[53.644434688091657,28.262525256663956],[53.64651108013954,28.260769397244612],[53.649271932450951,28.258457184244765],[53.650810911073016,28.257728135584657],[53.654055114976806,28.256188664210509],[53.656310184745188,28.255127109961876],[53.659980118492797,28.253382060495856],[53.662484004880227,28.252185772670842],[53.664176043078861,28.251378902999171],[53.666658938850794,28.249739664474152],[53.668757733701831,28.248359884828009],[53.671572080434451,28.24649290529047],[53.673972660894911,28.244929459735864],[53.676342379312239,28.243356931972922],[53.67936265216747,28.241355141746052],[53.681560381974727,28.239894492612336],[53.683742108418933,28.238454820299829],[53.686344635071443,28.236729581371595],[53.689148991244139,28.234871588572066],[53.691722509287438,28.233179319025993],[53.694074193711096,28.231617806166874],[53.696694685282779,28.229883597095984],[53.699358175265061,28.228117426024781],[53.702259757032422,28.22619301834975],[53.704473388095174,28.224963819621404],[53.707200452657915,28.223431736022363],[53.709942668712138,28.221899577100185],[53.712235216324189,28.220551325931321],[53.715197738050165,28.220122314929757],[53.71760985898208,28.219704974463532],[53.720428299730841,28.219241115325921],[53.722183067958667,28.218920079316298],[53.725312846713116,28.218401613509041],[53.727486143291422,28.218029029668568],[53.728891366634464,28.217783600171501],[53.732670444600373,28.217123843637328],[53.736030880486254,28.216549649383381],[53.73961924151714,28.215983670876462],[53.743180847251658,28.215352627897939],[53.745837318006842,28.214892628394086],[53.749750191439134,28.214232028713109],[53.751021570056963,28.214016449255819],[53.753774980816075,28.213545548321676],[53.755576584729397,28.213244409636843],[53.758234382196513,28.212580139887596],[53.762222672158259,28.211601579100513],[53.764922476593952,28.210924592301865],[53.767779130543694,28.210228761112067],[53.771061221948301,28.209392436585212],[53.773652337587706,28.208778274932136],[53.776714736440276,28.2079407073517],[53.779074532616747,28.207403422340516],[53.782885230137566,28.206475623062406],[53.786042523381873,28.205699137495973],[53.788742394680348,28.20503713274433],[53.792310196566746,28.204139113978901],[53.795179682805617,28.203440340665921],[53.79695361862295,28.203011311114704],[53.800607367684762,28.202109371824946],[53.803062395500767,28.20150313311024],[53.804918073229125,28.201057233557027],[53.807262373493629,28.200502826275642],[53.810226960734695,28.199765116110164],[53.812585188378513,28.199192744773825],[53.816480609256942,28.198217092378243],[53.819076400877968,28.197590022948145],[53.821784258113659,28.196942030094576],[53.825227273979237,28.196087859563534],[53.82786616053847,28.1954428036154],[53.831497856569044,28.19454086831081],[53.834202637775647,28.193888893312245],[53.837896290592184,28.192975021333339],[53.840724091195995,28.192294938516206],[53.841212777233913,28.191492461310741],[53.841479429050395,28.191509555247286],[53.841911721843715,28.189840509478863],[53.842495727768792,28.188689631771048],[53.842886295584449,28.187919941705605],[53.844238011049939,28.185936433239476],[53.845619231102276,28.183896397596953],[53.846818700284807,28.182085023939727],[53.848823518063071,28.17914240519649],[53.851935683329486,28.176815584746279],[53.853678155094698,28.174608033233081],[53.85339669848679,28.172870074818967],[53.851610013045303,28.170785263794578],[53.85107758801972,28.168895021455995],[53.850348462493692,28.166305654545102],[53.84955704475815,28.163460150116517],[53.848865879909347,28.161018282477517],[53.848138699554696,28.158450097801964],[53.847362775423271,28.155770924748563],[53.846600940202052,28.153036866205905],[53.845900003709637,28.150448230410081],[53.845267676920173,28.148207720224644],[53.843335726465135,28.146388218398208],[53.841108482502719,28.144610165941838],[53.839187787553612,28.142368807637961],[53.837207539568588,28.140235219322012],[53.835368306327389,28.138423639394027],[53.833536985248877,28.136660706817441],[53.831701491698183,28.134819016384082],[53.829707506802713,28.132902764613455],[53.827783114404099,28.130921885200202],[53.825704350314439,28.128880777778377],[53.823563882827074,28.126779707591311],[53.821672215727908,28.124897332699611],[53.819330949683653,28.122595727772822],[53.818156374922793,28.120470523053019],[53.819164234355618,28.118000389018501],[53.820150947106676,28.115635373535525],[53.821131539992699,28.113186734569211],[53.822257542097176,28.110463207293201],[53.823327567373092,28.107804288992639],[53.824285298948716,28.105426664276635],[53.825288294765144,28.102994330672679],[53.826392278660343,28.100317736223658],[53.827451722662779,28.097715273610863],[53.828556159047146,28.09500984508739],[53.830706125004404,28.09297798014375],[53.8309435525548,28.092745917659364]]},"properties":{"OBJECTID":28,"gis_id":"JM607","denomi_vol":5,"owner":null,"Shape_Length":58520.371503629307}},{"type":"Feature","id":29,"geometry":{"type":"LineString","coordinates":[[51.984495926358008,29.868324139265262],[51.984403907498418,29.868277142164402],[51.984361812863398,29.868255643014567],[51.983615219901438,29.867783358432145],[51.983478173028878,29.867696663424951],[51.981674961360433,29.866641002999007],[51.981246709901697,29.866390509316723],[51.980696954607915,29.866068941497097],[51.980194584848974,29.865775087181248],[51.979864124209364,29.865581785802998],[51.979527541238369,29.86564816551493],[51.977967369898998,29.867436581060677],[51.976279076839575,29.869509693274953],[51.974451003935428,29.871814500094995],[51.972356910091506,29.87420610697605],[51.970653072260674,29.876265678224566],[51.969362727098535,29.877859269923363],[51.967472738369942,29.880057966512627],[51.965913003737874,29.881905794518595],[51.964103030270635,29.884069532072957],[51.96243932925541,29.886049977769783],[51.960776599944573,29.888091880752274],[51.95898749566684,29.890233337110949],[51.957190397237547,29.892360273559817],[51.955474795704149,29.894411143278152],[51.953535498729707,29.896721692629288],[51.951668196099021,29.898986184170358],[51.949916127587528,29.901071284981739],[51.948005338064625,29.903362466807607],[51.946212658310721,29.90555689472648],[51.944467528025932,29.907619897353591],[51.942533542753004,29.909935384549538],[51.94072893312314,29.912089685243153],[51.938796360929736,29.914352523197934],[51.937203484561969,29.916274693802887],[51.936015696032335,29.917706354368832],[51.934861796244036,29.919648039858554],[51.933885128712298,29.921195348152729],[51.932730651245926,29.923054768089571],[51.931175538410848,29.925349427399169],[51.929791837166981,29.927841924409702],[51.928446037047443,29.929945798404368],[51.926923836409827,29.932461072024143],[51.925397360399849,29.934925301654129],[51.924118964331228,29.937004398291542],[51.922807958341757,29.93909310505369],[51.921581882327345,29.941130395767434],[51.92022678621138,29.943299091662656],[51.918935532391302,29.945383234831333],[51.917610670437625,29.947560558523875],[51.916307539592744,29.949671174209975],[51.914916480490518,29.95188149750118],[51.91334601452423,29.954459341562998],[51.911932071698345,29.956728416376063],[51.910618902831089,29.958874156703462],[51.909215063098259,29.961156046249773],[51.907825783527791,29.96335809099017],[51.906445477064352,29.965457361736412],[51.905011457276125,29.967930113348583],[51.903665282143379,29.970239526301278],[51.902234104758975,29.972465269830117],[51.900904098081703,29.97445625736049],[51.899840831773183,29.976684818318297],[51.89843407732765,29.979072040247011],[51.897205454540938,29.98166106828927],[51.896209316117535,29.983513527804693],[51.894981107546812,29.985555315796553],[51.894280756796881,29.988204903891116],[51.893341332216835,29.990896595618064],[51.891921361569715,29.993112354899548],[51.890600578967558,29.995050443313303],[51.889004762341344,29.997367118321161],[51.887551927457309,29.999498067791752],[51.885901745774788,30.001902612763391],[51.884321972076734,30.004098313075964],[51.882734262652335,30.006259628288586],[51.881315762546599,30.008534242055141],[51.879601828258672,30.011035882691097],[51.878245128151576,30.013057057455587],[51.876925521015075,30.014960405770839],[51.875489130292074,30.017032944781494],[51.874021174322223,30.019118358530509],[51.87290569922822,30.021129384690155],[51.871188726416676,30.023257214759511],[51.869709163085147,30.025287257270637],[51.868145024137561,30.027639781690048],[51.866481061276453,30.029824881218701],[51.865231047484841,30.03250598653684],[51.863965821947822,30.035017354354366],[51.862897602372584,30.037037872308968],[51.861639853476426,30.039560071392692],[51.860606393478299,30.041620335678285],[51.859241148610657,30.044205498870753],[51.857999637032748,30.046706122871942],[51.856911733893959,30.048898025431498],[51.855845620887003,30.050899286928683],[51.854716102669819,30.053108374696702],[51.853517750860185,30.055355201224184],[51.85242813318699,30.057565441409068],[51.852944573699837,30.059190759993676],[51.853666352747375,30.061349196176305],[51.854285830231568,30.063270684179876],[51.854159751773686,30.066280825882533],[51.85411769622727,30.068504670623778],[51.853992030425033,30.070794624484773],[51.855154005143987,30.07171206416362],[51.855618255241509,30.071983528299938]]},"properties":{"OBJECTID":29,"gis_id":"DS625","denomi_vol":5,"owner":null,"Shape_Length":26917.940447101708}},{"type":"Feature","id":30,"geometry":{"type":"LineString","coordinates":[[51.556461985628495,29.391073628923966],[51.554856779103247,29.392815303419535],[51.554315997325716,29.392528654221479],[51.552834567885697,29.391714848718827],[51.551548493476396,29.391022947814836],[51.550196694545818,29.390312083626366],[51.548853998945745,29.389583984877042],[51.547523710839769,29.388863426053568],[51.545865195064295,29.388526131388886],[51.544494331782012,29.387471099331151],[51.543270431139064,29.386526778454162],[51.541949279684914,29.385520484189342],[51.540770394594396,29.384649896863237],[51.539336434409044,29.383532336186931],[51.538116426254767,29.382592379545816],[51.53694298735811,29.381685018020391],[51.535698521002104,29.380747666876939],[51.534782364083568,29.38005042734412],[51.533500226356466,29.379049543858926],[51.53229246375335,29.378117851585039],[51.531102164500794,29.3771732951231],[51.529660588553405,29.376116170196024],[51.52853482526104,29.375259534954793],[51.527305622065818,29.374295399256621],[51.526180748745993,29.373415544210776],[51.52481568472281,29.372396736791739],[51.523467451582682,29.371342741547704],[51.522405382970454,29.370529502503711],[51.521312824076801,29.369673132949714],[51.520235529318811,29.368850756937395],[51.519150432904127,29.368037578343859],[51.518192119156559,29.367253522737389],[51.518187948928329,29.367250110780624],[51.518009874858308,29.367104415528654],[51.514364420643155,29.367734051149249],[51.512354533217312,29.368049362646417],[51.510140558135291,29.370295655809951],[51.507229975613392,29.373150538130698],[51.504969315948337,29.375407080193423],[51.502698557362812,29.377684561609801],[51.500513031274117,29.379880206110279],[51.498334317957259,29.382060186473534],[51.496196299607483,29.384133540266539],[51.494632050324569,29.385673910945126],[51.492908248255119,29.387387447174955],[51.490828205902957,29.389462263274275],[51.48843386860441,29.391838333312666],[51.486424005144187,29.393850567293274],[51.484898125235304,29.395358447406032],[51.482408203295456,29.398472020035783],[51.480163223301219,29.401273641411468],[51.478428546015579,29.403483027203858],[51.476151461374258,29.4050252128723],[51.474095766920321,29.40642283881672],[51.471597297594471,29.408109038383227],[51.469112475867483,29.40981662789244],[51.466635827421776,29.411528686856215],[51.463354239395748,29.413843451863254],[51.462411482474479,29.416266830223542],[51.461342837463754,29.419078150035396],[51.460677917419304,29.420885000817659],[51.459728471844159,29.423431650351031],[51.457861835437136,29.425819086730776],[51.45607788974192,29.428319824296828],[51.452426440962533,29.42947205998362],[51.449330820716419,29.430506218659602],[51.446394934413924,29.43146705134512],[51.443603685330338,29.43242491555856],[51.440239104420449,29.433561362785451],[51.437158538686887,29.435353870963283],[51.433980090279491,29.437199719967374],[51.431380445171115,29.438701013446071],[51.428923623948343,29.440129275901224],[51.428617338967449,29.442011067404604],[51.428173084721344,29.445108149877928],[51.427774182923962,29.447951966752306],[51.427334105877655,29.450846867278344],[51.426922348474797,29.453534256715315],[51.426539920317083,29.456206085261481],[51.426072921460332,29.459208592156948],[51.425691321635227,29.46175360756116],[51.425329741621212,29.464705812548221],[51.425701694895103,29.467817450775243],[51.426135475229948,29.470666696320755],[51.426492182684896,29.472879222689865],[51.426892827195438,29.475548033087339],[51.427269854739869,29.478230173107367],[51.427168093176,29.481179645134098],[51.427059143003774,29.484037278760116],[51.426941396447013,29.487175556588891],[51.425689372848048,29.489594289744673],[51.424722433280579,29.491402536757278],[51.423484797093224,29.493854698442696],[51.423172743873494,29.495957122630511],[51.422797459786146,29.498623577654133],[51.42240974668762,29.501494628219415],[51.422141434645916,29.503519343111012],[51.421879983686637,29.505310582265977],[51.421507672477468,29.507966460615513],[51.421142656852766,29.510540021648985],[51.420783220045998,29.513239526266453],[51.420403920209239,29.516066257864569],[51.419976894330752,29.518987632234175],[51.419764351978699,29.520564350294766],[51.419469676663319,29.522744187101846],[51.41797090353348,29.525817608285656],[51.417139095556095,29.527601671354521],[51.414315565272354,29.529210161439746],[51.41180263325947,29.530613503036815],[51.408749941984432,29.531585149085629],[51.405121345260135,29.529817981803784],[51.402642608043273,29.528512862977326],[51.400208567600302,29.527293454979056],[51.398568814121255,29.526264757183398],[51.39595433321913,29.524647641415427],[51.394870264040939,29.523954183947712],[51.393441039231732,29.523048785548013],[51.392093162447708,29.521270281842906],[51.390578059725257,29.519295421785493],[51.390194540954532,29.516665628784789],[51.389882837246077,29.514081003300603],[51.38953200285561,29.51124988507566],[51.389152900803147,29.508264715402515],[51.388782767568259,29.505677155477109],[51.38850805579311,29.503333624547363],[51.387568720181157,29.499523320496767],[51.385998510873755,29.498075491923061],[51.384959944218927,29.496165417495732],[51.382512371968765,29.491777198404229],[51.381195796146194,29.489362263037513],[51.379765773023074,29.486765838884978],[51.377182551748668,29.484858563021422],[51.376067259947149,29.483217710601423],[51.375230928133654,29.480697541628597],[51.374308476316834,29.477844539833939],[51.373417378648128,29.474995942113964],[51.372059089785225,29.472547136732441],[51.370773920920719,29.470118491493203],[51.369439647778087,29.467660508716083],[51.368115802443086,29.465204814557556],[51.366784243807693,29.462740082100137],[51.365380055054153,29.46013787223875],[51.364011887495245,29.457629033045901],[51.36268093547065,29.455127295476391],[51.361305465094276,29.452572308542848],[51.359914597651738,29.450010631035511],[51.358505630160693,29.447403917741546],[51.357102885468485,29.444783207506099],[51.355721297071959,29.442167702520887],[51.354201972902203,29.439388921549611],[51.353678400286654,29.436859492379689],[51.353168629236528,29.434352241915651],[51.352608838680212,29.431688457932271],[51.3520598214972,29.429147438332009],[51.351602788136233,29.426963697382085],[51.351080211280305,29.424476058769123],[51.350740878139561,29.422673871878374],[51.350532138933985,29.419701644048523],[51.350436437982879,29.417603379017478],[51.350298768294685,29.414795283740386],[51.350164018631418,29.412407767676296],[51.350021220129314,29.409704594641049],[51.349902445991901,29.407093101542106],[51.348218028761046,29.405473985982393],[51.344714054579256,29.402027321180078],[51.342420489028434,29.400771903942594],[51.339964718216244,29.39948380608125],[51.333182105267767,29.395723656427002],[51.330695237404456,29.395160284284948],[51.326182236158807,29.39199868714061],[51.321675255044383,29.389532140304119],[51.320145018820718,29.388330485611551],[51.315956702578838,29.385088895587796],[51.314049616636034,29.383631986631379],[51.309109785897945,29.379616500097665],[51.305554134737754,29.377041535314682],[51.302251625910962,29.374490852851029],[51.29940621259464,29.372344354320393],[51.297027638023806,29.370469860091916],[51.294719599119254,29.368691028224987],[51.292665836439241,29.367126914403176],[51.290079359007535,29.365070195252059],[51.28732555930798,29.362929380519045],[51.284871537752892,29.361046992281466],[51.282757251148652,29.359405079804755],[51.280960943860123,29.357976110140406],[51.279407646522991,29.356785902796773],[51.277707136638853,29.35545235636565],[51.275461014671535,29.353713407950742],[51.273186484638217,29.351953440793118],[51.271092468217219,29.350346942189859],[51.269241726234512,29.348916776602145],[51.267325971617488,29.347413248823639],[51.265130996574364,29.345701873820822],[51.262874911764904,29.343943414420131],[51.26118340438444,29.342643096183231],[51.259658578269175,29.340264253927785],[51.2589803674271,29.340215187150179],[51.258972187093264,29.340214595611119],[51.258923591374248,29.340211079719573],[51.258382207997201,29.340171908834673],[51.256212643898806,29.338358983316635],[51.2540575940588,29.336554497883355],[51.252107318946287,29.334884279128346],[51.250423662996255,29.333417719947704],[51.248535204900001,29.331801101912433],[51.246390070389474,29.32998605952524],[51.244326271414941,29.328214132774889],[51.242228044565543,29.326417655826585],[51.240180597778412,29.324647193395695],[51.237738339096737,29.322568553710383],[51.235661269786036,29.320783318207162],[51.23256565675139,29.318158377600486],[51.228629037798918,29.316192863081039],[51.226311366651927,29.315019572289703],[51.225178263412936,29.314149793567079],[51.223308028790868,29.312705595437283],[51.222227443597411,29.311788705698831],[51.220466216267198,29.309370667879261],[51.21862450869488,29.307113450360834],[51.216189085197968,29.304202820053064],[51.212261903543165,29.299381731814684],[51.210655093147857,29.297369230239482],[51.20975768650576,29.296271388937171],[51.209719319874793,29.296224452300908],[51.209705764753927,29.296207869299931],[51.209578879251985,29.296052641453617],[51.209552180958156,29.296019978399354],[51.209550877271091,29.296018384729337],[51.205892220502577,29.291542230806055],[51.2008838976448,29.28544199383489],[51.198814965971863,29.28296496915539],[51.197345877068365,29.281196673206662],[51.195750257113012,29.279264775214035],[51.193894022484493,29.276980467868171],[51.191230404384598,29.276145302661433],[51.189478168134563,29.275579976453013],[51.187125660107249,29.274835342060239],[51.184619285847319,29.273961282289072],[51.18237212288858,29.273204095627907],[51.179800177390355,29.272372346394732],[51.176827122814259,29.271425273321071],[51.174920468414811,29.270783527336853],[51.172083470039894,29.269880267313312],[51.170516189356142,29.267457520840733],[51.170694227030381,29.264981602490003],[51.169901580761596,29.263760956092224],[51.169872321049269,29.263715896905943],[51.169872189995225,29.263715696704352],[51.169850582154602,29.263682419725381],[51.169850365440894,29.263682082443612],[51.169850304559297,29.263681990459904],[51.169836361996751,29.263660520044322],[51.168961674099336,29.262313487301519],[51.167516469250366,29.260118745847198],[51.165996491922947,29.257892697823507],[51.164238260395393,29.256296928835852],[51.164167244773033,29.256232475768854],[51.164071586458171,29.256145653163166],[51.164001804827556,29.25608231766677],[51.163895000477638,29.25598537916855],[51.163044548400151,29.255213478841782],[51.161089265790622,29.252167370439516],[51.159587447143174,29.249828470048278],[51.157604697603205,29.246755068662825],[51.1559013933988,29.244100447048133],[51.154444647664739,29.241856639723547],[51.152989689081771,29.239571813748391],[51.151496327065857,29.237267960493345],[51.149501676551324,29.234120275462612],[51.147741029191252,29.231417593319595],[51.145982527681348,29.228660735885569],[51.145016171051438,29.225474051825746],[51.143608880556457,29.223312994890296],[51.142037817913938,29.220894584369063],[51.140722789522059,29.21884915773078],[51.13936841437814,29.216764625843062],[51.138282496271778,29.216358648158479],[51.13557218561381,29.215317991660765],[51.135472958079198,29.215279890126933],[51.135471906074962,29.215279481426801],[51.135457445736805,29.215273929938142],[51.135407830973847,29.215254879138673],[51.135070392401929,29.215125313775541],[51.132343593042052,29.214090445086985],[51.129593432460716,29.213051339021071],[51.126733501416041,29.211953355156737],[51.124272124188906,29.21102252182931],[51.121445932529248,29.209950606326899],[51.118587441278258,29.208842565790039],[51.116673961565809,29.206261719185665],[51.115118112687348,29.204185526683755],[51.113263324485757,29.201700522662613],[51.111670612653057,29.19958131578969],[51.110128756370536,29.197514182459912],[51.108486979867756,29.195317171377468],[51.10681829880231,29.193078127192479],[51.10516106532188,29.190863095911215],[51.103375306699213,29.188469702519587],[51.101664744101001,29.186169816636156],[51.099854014416984,29.183777635219542],[51.098034157539843,29.181324730734573],[51.096352253604088,29.179073163508882],[51.094638728398408,29.176773330670581],[51.092970291280842,29.174539042693329],[51.091260515944505,29.172244483806161],[51.089571163045846,29.169967421023085],[51.087620658999256,29.167352269415687],[51.085824369470579,29.164975597638357],[51.084448173901322,29.163131640248881],[51.082480277941336,29.160515582318201],[51.080963584451617,29.158455948792955],[51.07927863633163,29.15622410984815],[51.077600761078429,29.153970107301774],[51.075997824608542,29.1518211264329],[51.074538157673885,29.149871587568391],[51.072847711018369,29.147590789456839],[51.070339541984715,29.146284274117384],[51.067383265693529,29.144749904183726],[51.064754821967085,29.1434062029711],[51.062457443532182,29.142191872714612],[51.060200248325586,29.141001721673636],[51.057956289532669,29.139845112453667],[51.055051737476838,29.138330349916725],[51.052264483568131,29.136886211581391],[51.049581854716557,29.135478194913684],[51.046972652310103,29.134110299343291],[51.046177027947827,29.131351403016904],[51.045414364494363,29.128685300074714],[51.044675772013186,29.126114920320664],[51.043939868225308,29.123597367130213],[51.043186178411922,29.120941273971503],[51.042432132637799,29.118347609832231],[51.041665588499214,29.115729203652936],[51.041410231986411,29.113045605065441],[51.041143291556665,29.110331763844698],[51.040889584293076,29.107610133080556],[51.04060940434303,29.10489795787775],[51.040336725187004,29.102183645923088],[51.040074515020549,29.099477302599805],[51.039784374940027,29.096565728327665],[51.039533375788018,29.093755955728938],[51.041193257029953,29.091686122989071],[51.041224257767851,29.091647466606915],[51.041226258542999,29.091644970346117],[51.041243986149404,29.09162286060473],[51.041257257201416,29.09160631485932],[51.041549807760035,29.091241496513724],[51.042046006446434,29.090619729256606],[51.042067944642454,29.090592238679537],[51.042078972279867,29.09057842206715],[51.042086441121988,29.090569063532719],[51.042108377243579,29.090541578365059],[51.043236512665786,29.089127915480063],[51.045055402772896,29.086864015874887],[51.046280258759651,29.084639641703642],[51.047232353759405,29.082924589833798],[51.047304751176412,29.08074447684179],[51.047377857698329,29.078687990078883],[51.047465898189039,29.076038976435914],[51.046260278756556,29.074601236362437],[51.045733914656118,29.074425652684408],[51.04519476562907,29.074684042121149]]},"properties":{"OBJECTID":30,"gis_id":"NU804","denomi_vol":3,"owner":null,"Shape_Length":93897.764129363524}},{"type":"Feature","id":31,"geometry":{"type":"LineString","coordinates":[[54.166759120178654,26.847522937575057],[54.169676617957883,26.846840584880418],[54.171555486082717,26.847934313743849],[54.172421709786775,26.85086948376188],[54.173416121537976,26.854429334394393],[54.174525316839322,26.858327650015291],[54.175612155566355,26.862117218280726],[54.176617158878926,26.865733387673043],[54.179763258850777,26.868996357770417],[54.182846627715065,26.872230645786502],[54.185163635953117,26.874632726519962],[54.187605585658282,26.877172654641225],[54.19037863327258,26.880057624388701],[54.193516679749806,26.883342443750216],[54.196571433302552,26.886544310945965],[54.19938505743081,26.889434454835989],[54.201894015948852,26.892036427057974],[54.20462369522722,26.894872905144613],[54.207263376880292,26.897590219606091],[54.209864557509441,26.90034281609314],[54.212481966722478,26.903055087329971],[54.215120787235222,26.905821888841039],[54.217613752443462,26.908387200534943],[54.220060717206067,26.910883875578836],[54.22254585347725,26.913469260332409],[54.22493450785089,26.91599177065207],[54.227366254159342,26.91850607913474],[54.229842159242523,26.921070864078072],[54.231851588474086,26.923166099036447],[54.233875848187182,26.925275141254048],[54.236057569220492,26.927533927908051],[54.238178651338551,26.929703496067081],[54.240347962455651,26.931961978257853],[54.24277742472605,26.934494057918116],[54.245305243881432,26.937125059302343],[54.247801581734294,26.939710276948034],[54.250209006505905,26.942230527534047],[54.252592594741891,26.944700638923827],[54.254649663442414,26.946837140638241],[54.25696957134911,26.949242761328076],[54.259312057718432,26.951655560661642],[54.261587473551181,26.954035418965084],[54.263826342808855,26.956369405356469],[54.265908167766938,26.958540091987054],[54.268413262050991,26.961113880442959],[54.270598203703337,26.963388723962787],[54.271969935016486,26.965892170562167],[54.273199251607501,26.968156592593928],[54.274707549418288,26.970918303795674],[54.276655374498915,26.974534200498436],[54.278670912296334,26.978145532652498],[54.27967823423549,26.979991406936161],[54.278923606431626,26.982757461492444],[54.278188571716342,26.985430102365179],[54.277276332748272,26.988758050485892],[54.276305260512821,26.992297729622493],[54.273702265712821,26.993725886768626],[54.270374681314721,26.995503817983856],[54.267206362464975,26.997223878359243],[54.264628794561332,26.998633321777891],[54.262546700388924,26.999731204588585],[54.258880441054458,27.001748083902665],[54.2564401867727,27.003105826793931],[54.254124820269091,27.005448938424315],[54.252236580299233,27.007422387464576],[54.249706956672647,27.010936167618912],[54.246113465978446,27.014090895646923],[54.244465597612944,27.015640181573929],[54.242688524618558,27.017174389148362],[54.242727407230831,27.020532941827032],[54.242794716501081,27.023778495312072],[54.242826272011406,27.027124860591979],[54.242899970127688,27.030193212128871],[54.242910185347689,27.032802062380089],[54.243279670055301,27.035677560888256],[54.243662055789677,27.038988897559456],[54.246083136355821,27.04171174626768],[54.248205098252015,27.044197581594457],[54.250229166589492,27.046549698051876],[54.252225600323236,27.048881387625759],[54.254256587715453,27.05120471289915],[54.256310992496758,27.053562767697152],[54.258268928475601,27.055830453197089],[54.260324711855169,27.058220972213352],[54.262384665819461,27.060577524307835],[54.265063796585586,27.062170526194848],[54.267870353292253,27.063890742050408],[54.27149274934726,27.064720113173383],[54.275166368000413,27.065568393679648],[54.278715869423458,27.066389420158963],[54.28244772273311,27.066771556227348],[54.285632040698538,27.067074162658781],[54.288688002653146,27.067475715231936],[54.291618713465382,27.067794663288069],[54.295359225660533,27.068207566056916],[54.298688399009755,27.067145111330259],[54.301248958155334,27.066310545903363],[54.306112506460259,27.064762610438258],[54.307293995250447,27.064467586286735],[54.309351385638465,27.065364675500298],[54.312817619009124,27.066988584007753],[54.315294585216876,27.06815106967726],[54.318990905367293,27.069855994616798],[54.322228827576659,27.071344415374316],[54.32528441001562,27.072768335657752],[54.32825380047943,27.074111565786009],[54.330694324626833,27.07523629996323],[54.33207906492877,27.077181363518513],[54.333340385790763,27.078920294298101],[54.334717123670444,27.080787777753304],[54.33619051661168,27.082830830163957],[54.338365639722952,27.085780776943313],[54.340177331656456,27.088349743086436],[54.339974876652875,27.091208374681916],[54.339694702312357,27.094801556402256],[54.339610377195115,27.09699123712566],[54.338456761607979,27.10091000219456],[54.337619515208935,27.103865266069903],[54.336836621932271,27.106654610054989],[54.336070751946927,27.109363053691734],[54.335253383628299,27.112219405848435],[54.334423068361708,27.115192819737899],[54.333607257352369,27.118085282937937],[54.332806113011387,27.12089003253379],[54.332070128416433,27.123499744624016],[54.331392024447354,27.125903000869823],[54.330617368743205,27.128649580855232],[54.32996169286713,27.13095624510256],[54.32927658308617,27.133430796485726],[54.326521528790174,27.135167497332919],[54.323686880749186,27.136953743271892],[54.321082595845297,27.138595479022584],[54.318401527538064,27.140280797078546],[54.315664379817029,27.141987533562013],[54.312993181638873,27.143675187240028],[54.310273683169321,27.145375382806559],[54.307563637702536,27.147098266031286],[54.30486940807549,27.148789813570041],[54.30214429815625,27.150503264677116],[54.299449742167482,27.152201461454307],[54.296775878808823,27.153875188455512],[54.294155429153044,27.155527341567019],[54.291427701241602,27.157231488982703],[54.28867637673126,27.158968957244927],[54.286037496991476,27.160643146340963],[54.283445301205823,27.162261793707128],[54.280337712716296,27.164219955869328],[54.27740915764354,27.166073272073888],[54.274591527790321,27.167822669287705],[54.271668331899527,27.169655655591928],[54.268524715048713,27.171626356414244],[54.2661363460697,27.173142641359782],[54.26339972147327,27.17486632173545],[54.261109091950409,27.176300974151872],[54.258600182974156,27.177889182306494],[54.256283305704606,27.179351871420455],[54.253163077065679,27.180366785001123],[54.249742170801888,27.181492279665413],[54.247400116950622,27.182215948450235],[54.246624446764216,27.18372923242077],[54.24635382918003,27.186394632624118],[54.246372083490726,27.187162665602074]]},"properties":{"OBJECTID":31,"gis_id":"JF815","denomi_vol":3,"owner":null,"Shape_Length":54684.798540254007}},{"type":"Feature","id":32,"geometry":{"type":"LineString","coordinates":[[52.590042937718138,29.036678321679997],[52.589886231395262,29.037055511504828],[52.589884404321957,29.038640754925154],[52.589179996046305,29.039511709118031],[52.58768037704111,29.041456392106053],[52.587656724887744,29.041487063024526],[52.586115172214541,29.043434957835114],[52.584626087948322,29.045343045031878],[52.583102683671243,29.047278638678456],[52.581582225294184,29.049179823063856],[52.580345459874934,29.051285907649955],[52.579103409512065,29.053367817697438],[52.577850421594881,29.055450628823543],[52.576597479996252,29.057535366807382],[52.575447598491898,29.059462204612871],[52.57422461718334,29.061514027543986],[52.573026656947299,29.063513903792106],[52.57177469615246,29.065595673269971],[52.57053072190692,29.067675463119343],[52.569279837684981,29.069755111789831],[52.568074801659158,29.071821966282116],[52.566792769242554,29.073942816383351],[52.565551802524134,29.076026574187207],[52.56429886200106,29.078112305340163],[52.563072826968046,29.080190171528258],[52.561802856386421,29.082278974121152],[52.560557915280228,29.084369683354673],[52.559303961217893,29.086463415717429],[52.558076832561049,29.088542444715355],[52.557095267260635,29.090109703539976],[52.556342409622125,29.091764122329248],[52.555380928338792,29.093849295234982],[52.55441947360206,29.095925428241845],[52.553450010770902,29.098010579547712],[52.552436543142882,29.100168622996076],[52.551422047834478,29.102352638800994],[52.550402527831956,29.104537732411703],[52.54938104209171,29.106711783333672],[52.548371586950751,29.108868793125829],[52.547353093036655,29.111055816682093],[52.546337593543981,29.11323486805404],[52.545316088699771,29.11542491496505],[52.544294598572222,29.117612934782041],[52.543270076797022,29.119819965200669],[52.542259579776427,29.121986038069814],[52.5412460734834,29.124158124926328],[52.540208565051294,29.126362172910351],[52.53919312212291,29.128524162226938],[52.538182655492086,29.130697143462484],[52.537177358920246,29.132871480399832],[52.536125564522251,29.135038548242754],[52.535081102984016,29.137217594892903],[52.534024663810548,29.139378668709359],[52.532974271155545,29.141532650183027],[52.531920946449162,29.143697470052739],[52.530929482239983,29.145814579716209],[52.529872037981292,29.147967683931501],[52.528824624471532,29.150147633319989],[52.527751129492664,29.152364701451102],[52.526679707031448,29.154550698665869],[52.525630335396684,29.15671161323808],[52.525355620330451,29.157282964788681],[52.524587848507572,29.158879740345679],[52.524461297840105,29.159133939417369],[52.524276538402724,29.159505058762296],[52.523516489632406,29.161031708473285],[52.522474078323093,29.163205655950396],[52.521421639448299,29.165348775192644],[52.520358315245822,29.16750763447196],[52.519320102689242,29.169683157077511],[52.518948911972949,29.172280129093032],[52.518665328332951,29.174366977639487],[52.51838190498178,29.176344823678583],[52.518085240256795,29.178515545723741],[52.517733946422844,29.18115053648998],[52.517422264505974,29.183201271338159],[52.517207314904361,29.184280563749336],[52.517393550336081,29.184333802777346],[52.519300369165038,29.185049921371991],[52.519667210073308,29.185386478150143]]},"properties":{"OBJECTID":32,"gis_id":"BK620","denomi_vol":5,"owner":null,"Shape_Length":18222.871393358408}},{"type":"Feature","id":33,"geometry":{"type":"LineString","coordinates":[[52.589804108128845,29.037040783693907],[52.589802262114915,29.038640682457977],[52.589802255208127,29.038648269974772],[52.589129382676994,29.039480835769066],[52.587630799237445,29.041424109043035],[52.587591719274755,29.041474784631092],[52.586078692087732,29.043385817750085],[52.584561130745321,29.045330714125171],[52.583037929075566,29.047266061025915],[52.581529396200665,29.049151716374499],[52.580290796195314,29.051260926378109],[52.57904888516584,29.053342599682875],[52.577795940489743,29.055425337626911],[52.576542947914483,29.057510155140562],[52.575393019654264,29.05943707607479],[52.574170055475555,29.061488864043636],[52.572972148540913,29.063488650770761],[52.571720178936211,29.065570436114282],[52.570476203794257,29.067650221886787],[52.56922516645605,29.069730124541291],[52.568020161735213,29.071796931279337],[52.566738250590411,29.073917570112151],[52.565497244953946,29.076001391062007],[52.564244249541545,29.078087216223498],[52.563018283759398,29.08016496201563],[52.56174836849388,29.082253673235002],[52.560503334301799,29.084344532873036],[52.55924932936356,29.086438353780643],[52.558022460189491,29.088516931698319],[52.557039437572477,29.090086520835388],[52.556285226633975,29.091743913129761],[52.555323809892691,29.093828935108075],[52.554362390083078,29.095904996943244],[52.553392983992524,29.097990024482293],[52.552379509278502,29.100148074832404],[52.551364987134612,29.102332151911874],[52.550345513857195,29.104517141705895],[52.549324039029358,29.106691166831652],[52.548314547088204,29.108848257867621],[52.547296032119199,29.111035317361679],[52.546280537558786,29.113214355642519],[52.545259039616148,29.115404384022924],[52.544237526483862,29.117592447017479],[52.543213001757174,29.119799487894852],[52.542202525631268,29.121965515004387],[52.541189054079268,29.124137519844879],[52.540151572560234,29.126341512965684],[52.539136074723054,29.128503610801147],[52.538125547463054,29.130676731304487],[52.537120425018827,29.132850683227176],[52.536068783239983,29.13501743847694],[52.5350243505126,29.137196417607562],[52.533967984124104,29.139357338569774],[52.532917568493708,29.141511363208085],[52.531864069271265,29.143676543816053],[52.530872641853612,29.145793567842389],[52.529815308406071,29.147946448382253],[52.528767832016861,29.150126524412766],[52.527694421770882,29.152343414282267],[52.526623012275834,29.154529383854484],[52.525573553817381,29.156690474068935],[52.525269207599607,29.157323450777582],[52.524531173587768,29.158858373949773],[52.524382284383307,29.159157443994904],[52.524197524618408,29.159528563241523],[52.523459803803092,29.161010367045822],[52.522417327574011,29.163184442992236],[52.521365005455742,29.165327320452342],[52.520301552412775,29.167486435253672],[52.51925994778982,29.169669072605046],[52.518887679614721,29.172273553907239],[52.518604096690773,29.174360395129252],[52.518320673961313,29.176338223014337],[52.518023976424388,29.178509178150371],[52.517672729233958,29.181143810915749],[52.517361278804252,29.18319302879387],[52.517117578169383,29.184416665376688]]},"properties":{"OBJECTID":33,"gis_id":"BK620_j3","denomi_vol":5,"owner":null,"Shape_Length":17922.193590896208}},{"type":"Feature","id":34,"geometry":{"type":"LineString","coordinates":[[52.587680377041089,29.04145639210606],[52.587630799237445,29.041424109043035]]},"properties":{"OBJECTID":34,"gis_id":"BK620_j4","denomi_vol":5,"owner":null,"Shape_Length":6.0094563661303022}},{"type":"Feature","id":35,"geometry":{"type":"LineString","coordinates":[[51.273417315072834,29.353557141452477],[51.273634068587491,29.353319015723059],[51.274739434483401,29.353360634770226],[51.275192011795205,29.354222006738116],[51.275962410699407,29.355084353592339],[51.276479244173494,29.355733116608366],[51.277161687388755,29.356670345611871],[51.277709706997875,29.357418316780681],[51.278112945440171,29.357959004399561],[51.278867729432925,29.358968280433686],[51.27950881028238,29.359833379822291],[51.280191187304126,29.3607254673169],[51.280863349724832,29.361644650733059],[51.281535445661966,29.362536752647046],[51.282238634702253,29.363491961358847],[51.282931463021583,29.364420113689622],[51.283603599445975,29.365312202754225],[51.284255036551755,29.366168234316557],[51.285080798385209,29.366717024116735],[51.285906615362386,29.367283859429186],[51.286443349258143,29.367634702572609],[51.287320747502434,29.368219469018026],[51.288012345539634,29.368678273378968],[51.288982692240999,29.369335034858977],[51.28999426419329,29.369991695913036],[51.290943957630972,29.370621409753035],[51.291955554826572,29.371278055629492],[51.292843418786958,29.371898865642748],[51.293627953252589,29.372411590521267],[51.294536397361526,29.373014291136698],[51.295434543954798,29.373617011880899],[51.296126164509587,29.374057722595325],[51.297106918266202,29.374714397222196],[51.298046338155778,29.375326031709687],[51.298985456845465,29.375829353568378],[51.299914962157054,29.376567354267692],[51.300389815319605,29.376864123507875],[51.301102190106683,29.377340864619523],[51.302269038208678,29.378186617176432],[51.303022671872753,29.378672277899515],[51.303797004427395,29.379184966918995],[51.304736480348616,29.379787526145179],[51.305490272246125,29.380318301075896],[51.306904925318221,29.381307850553807],[51.307689576992949,29.381811463821276],[51.310074643173927,29.383376362625121],[51.312666485136525,29.385139291619009],[51.314535381755455,29.386353327102434],[51.317736408321743,29.388448661537989],[51.318810379579872,29.389168129115458],[51.321051426891366,29.390706094506356],[51.326150959319172,29.393428419011173],[51.330342420128808,29.395710551541384],[51.332520784823558,29.396887462107678],[51.335772271979238,29.398440705938008],[51.339324586785438,29.400552679090474],[51.341926235683196,29.401881788251718],[51.343527057514279,29.402870464705192],[51.343539649797108,29.403556356288373],[51.343427388316812,29.403890583174746],[51.343192709641663,29.404604185860556],[51.343114307815384,29.404905695038568],[51.34310430797597,29.404944149769989],[51.343040059336332,29.405191225841349],[51.342907601949413,29.405651858931247],[51.343002526036074,29.40630143888902],[51.343171346889157,29.407474297860112],[51.343329922790431,29.408665233450858],[51.343435584949269,29.409441139755721],[51.343562853469678,29.410514826077236],[51.343689551978457,29.411417032312439],[51.343847840847054,29.412517713983686],[51.343974635719178,29.413446995379093],[51.344175671885253,29.414998832138732],[51.34431292935335,29.415973210614162],[51.344429457177668,29.41691154290152],[51.344577483036623,29.418021274559258],[51.344799456036256,29.419663308235485],[51.344937242404349,29.420791116123169],[51.345095922209246,29.422000097367029],[51.345201218049731,29.422658672452275],[51.345264491823698,29.423082698178874],[51.345307664825093,29.423660202637535],[51.345403016971296,29.424427106883851],[51.345529599630567,29.425284183057503],[51.345719645841612,29.426619435607769],[51.345773401502605,29.427278143489961],[51.345899569116654,29.428008865711767],[51.345984469638545,29.428730669613028],[51.346111550454182,29.429732148179717],[51.346249184454017,29.430805801440574],[51.346397435607926,29.431969679758026],[51.346524825078049,29.433061409580176],[51.346672780482677,29.434135034964591],[51.34682079839321,29.435226708617162],[51.346958476498088,29.43630938535734],[51.347095826155417,29.437292784404839],[51.347233512260075,29.438375460472876],[51.347371142020798,29.439440085775075],[51.347508864924293,29.440531786369355],[51.347667179864672,29.44161440758117],[51.347794475051998,29.442670033575929],[51.347953073617468,29.443833880872454],[51.348090780445226,29.444916554838763],[51.348228426638101,29.445981178069292],[51.348376508491363,29.447081874782306],[51.34852456695333,29.448173545915605],[51.348662253281539,29.449247193298476],[51.348799940566344,29.450320840347416],[51.348937637051286,29.451394485235845],[51.349085642360272,29.452468104568723],[51.349223402687151,29.453559800959184],[51.349371387593834,29.454624394377415],[51.34949877995831,29.455698066772584],[51.349646740133096,29.456753634310179],[51.349784450823243,29.457827278956731],[51.349932475106911,29.458900896160905],[51.350059910180143,29.459983588805581],[51.350207882856722,29.461039154941094],[51.350355918686333,29.462112771075901],[51.350493584687406,29.463168363650265],[51.350631375771982,29.464260056586049],[51.35076910575421,29.465333698840002],[51.35091718735039,29.466416338721562],[51.351054925562728,29.467489980277612],[51.351182259890486,29.46853657321039],[51.351330319779805,29.469610186872398],[51.351478380840724,29.470683798371116],[51.351626416069244,29.471748386144618],[51.351753855520435,29.472822053247484],[51.351891734539798,29.473931793397412],[51.352039839472361,29.475014430435092],[51.35216725860203,29.476079071385172],[51.352294060478904,29.476963208943726],[51.352442203598457,29.478054870125888],[51.352579943692369,29.479119482813037],[51.352728066134546,29.480202118112405],[51.352823346012762,29.480914858746068],[51.352950810583508,29.481988523024611],[51.353056997051965,29.482872713677704],[51.353152843132996,29.483747906338628],[51.353311258746039,29.48482148761811],[51.353427516351161,29.485633449030779],[51.35352252670647,29.486264958627594],[51.354009641128805,29.486931533430589],[51.35454851989212,29.487652116119317],[51.354809368273166,29.488007406074335],[51.354858731984493,29.488074642264703],[51.355242915224231,29.488597913608096],[51.356030259754725,29.489570536000532],[51.35668229300898,29.490191531150032],[51.357499947979775,29.490974530078411],[51.358214017694813,29.491631451608665],[51.358713409005269,29.492634113868437],[51.359089995480907,29.493571275726051],[51.359327578965861,29.494258358747803],[51.359546292142959,29.494825451579562],[51.359932705691335,29.495877619373623],[51.360139414556009,29.496496988646019],[51.360457938493859,29.49753393957328],[51.360590424395831,29.498583471546688],[51.360847191632601,29.499361688032703],[51.361301471511602,29.50009686244066],[51.361786977026334,29.500857545707582],[51.362376176459286,29.501791592997122],[51.363072986856167,29.502952477243834],[51.36323453665846,29.504069804668763],[51.363373084339912,29.50494960635082],[51.363503082864248,29.505733370599707],[51.36366624030115,29.506644847859057],[51.36380628791521,29.507532873773282],[51.364038844433288,29.508077613250592],[51.364420612771852,29.508996887612987],[51.364683172005449,29.509832356717201],[51.364609311242148,29.510539131949315],[51.364413972925597,29.511461828199025],[51.364254179062407,29.512561426753781],[51.364161118040698,29.513456282883599],[51.363956799826958,29.514245229691522],[51.363742026468451,29.515343077006836],[51.364173279458484,29.516414676054499],[51.364453057437402,29.517204583460877],[51.364846609065125,29.518233058109026],[51.365407221204379,29.519735657390175],[51.365592682231927,29.520343001823026],[51.365970981451134,29.521382920470757],[51.36630004580369,29.522410886996653],[51.366705446469517,29.523310674137793],[51.367448340047389,29.524198482463401],[51.368093865667483,29.524895101693886],[51.368498599868026,29.52539766749231],[51.368947831383366,29.525852376231889],[51.369689613811822,29.526703328434781],[51.370457700045151,29.527593623099076],[51.371192530670839,29.528449930614087],[51.371963211597503,29.529280041844125],[51.372512385557343,29.529947307601748],[51.373305732966273,29.53078251320089],[51.373872947572579,29.531383743145767],[51.374493296792302,29.532103721816046],[51.375260216663335,29.532928379774287],[51.376037291145288,29.533823714621754],[51.37678601372901,29.534612411783552],[51.377538789895048,29.535505692660838],[51.378180645069577,29.536222969567451],[51.37863802751653,29.536740594904515],[51.379418605168688,29.537614094394677],[51.380054839734299,29.538309905297854],[51.380849566719263,29.539207060990087],[51.381317429533361,29.539741799847786],[51.381813702602322,29.540270487944401],[51.38261794028756,29.541186512937113],[51.382946191484301,29.54152844306531],[51.383090585925892,29.541957495583087],[51.382994443035585,29.541987283842573],[51.38265445995259,29.542097991309777]]},"properties":{"OBJECTID":35,"gis_id":"BR608","denomi_vol":5,"owner":null,"Shape_Length":25281.646702428898}},{"type":"Feature","id":36,"geometry":{"type":"LineString","coordinates":[[52.179437410851044,28.312380076186923],[52.179663821155017,28.312241675131563],[52.182696427188731,28.312195378431529],[52.185131018045134,28.31228489913018],[52.185195513970271,28.312287268877427],[52.187688317048568,28.312368317297512],[52.190154030075668,28.313586860195805],[52.192474545144712,28.314726891914471],[52.194777351382598,28.31586265501647],[52.197196431200418,28.317050059638664],[52.199885347506182,28.31838558878805],[52.200833975041647,28.320165334588491],[52.198769163105872,28.323423143980733],[52.19824120167916,28.324347784099835],[52.196679385366764,28.327094277369493],[52.197407112641457,28.329636809104567],[52.198283394718459,28.332511016373374],[52.200187525697203,28.334241506902138],[52.202151192673462,28.336006157491315],[52.20350151386733,28.338353914547664],[52.204997902037512,28.340901629097857],[52.206493865963743,28.343468320474077],[52.206955414096562,28.346216257499151],[52.207381399598816,28.348865434427598],[52.20782522046057,28.351604565252657],[52.208272301991727,28.354334217873859],[52.20873681903322,28.357188627027483],[52.2107875624692,28.359264983209592],[52.212635815477249,28.361167097148162],[52.214512967829755,28.363082207035021],[52.216502788680508,28.365122211966195],[52.218385682945382,28.367045845326984],[52.220229172005958,28.368937419275266],[52.221965992969281,28.370706872028222],[52.223975520054445,28.372760660968339],[52.226043605847458,28.374877505880473],[52.228015216562035,28.376893725289424],[52.229813622358897,28.378728305140982],[52.231136914182272,28.381381648347496],[52.232449989930544,28.384034023488663],[52.233782134112786,28.386748040070433],[52.234942886806465,28.38902959381193],[52.236076031726803,28.391274215188307],[52.237356570541309,28.393800533689774],[52.238169159209669,28.395427969327169],[52.240706508297919,28.397102934574942],[52.243207985159124,28.39874342018301],[52.245640689970358,28.400325358199556],[52.248177093080685,28.401981384404827],[52.250632090660986,28.403554387435801],[52.252927701279901,28.40507198917156],[52.255382031629019,28.406677917128199],[52.257600266569234,28.40811661274881],[52.259829026904995,28.409565857661686],[52.2621093843361,28.411057403424252],[52.264369986424178,28.412534642762594],[52.266152077308242,28.413689873663483],[52.268033667596335,28.414920724437046],[52.270513543447947,28.416533744888739],[52.273131375695684,28.41825582471192],[52.274921933625606,28.418989536364968],[52.27693620876277,28.419832525854464],[52.278376758692673,28.421615274328612],[52.27993126138449,28.425176416132423],[52.281352811338095,28.427942365805798],[52.282314293700111,28.429783504243336],[52.282861124065292,28.430837033773848],[52.281418229195666,28.434161472012896],[52.281981307019834,28.435177160752399],[52.2826279491062,28.436372289019054],[52.283752465334111,28.438468495692575],[52.284970067253987,28.44062392936042],[52.28638032500524,28.44323763103435],[52.286004102819597,28.446312994874368],[52.285831101402174,28.447787456202413],[52.28543689856297,28.450867606409457],[52.284467830930879,28.452787914618792],[52.284332919033197,28.455211133741205],[52.284251420817142,28.457679397424986],[52.284156804583901,28.459694537178827],[52.284053370975649,28.461957953847097],[52.283997734567834,28.463777581833174],[52.285800427913792,28.465049599233019],[52.287916252118393,28.466552636196734],[52.28985330991727,28.46881861399212],[52.291715639423394,28.470975009697984],[52.293842833476916,28.473466711219075],[52.29592175023852,28.47587514204681],[52.297381295080086,28.477603815316797],[52.299399071565958,28.47993606986444],[52.301277377698383,28.482118285388768],[52.302514763856735,28.483569668926979],[52.30138906555478,28.486437990427198],[52.300208066850303,28.489466862542326],[52.299366880748146,28.491673850056149],[52.298258691073912,28.494532940931499],[52.297227213147863,28.49716079910009],[52.296147158229836,28.499917314715745],[52.295245673382269,28.502232487180382],[52.294177779739101,28.50498270911163],[52.293067527165739,28.507654705997513],[52.292068152302015,28.510001533476377],[52.29073205982889,28.513236795118566],[52.28969389168563,28.516233820187029],[52.289666863347733,28.516311841094495],[52.289632885962789,28.516324147514467],[52.288183285066445,28.516844239725785],[52.288154447864137,28.516854585469993],[52.287122799466395,28.516486773009497],[52.286483049761998,28.514205206628052],[52.286422227187217,28.513950008739993]]},"properties":{"OBJECTID":36,"gis_id":"CD637","denomi_vol":5,"owner":null,"Shape_Length":29173.649253607371}},{"type":"Feature","id":37,"geometry":{"type":"LineString","coordinates":[[52.179475599022844,28.31241005502886],[52.179681387967875,28.312274658020712],[52.182694186562124,28.312231428921791],[52.185129384300723,28.312320971450283],[52.185193919020008,28.312323342666136],[52.187677003894798,28.312404074915992],[52.190134185083735,28.313618403332249],[52.192454717029527,28.31475844064132],[52.194757525842427,28.315894207650757],[52.197176552846585,28.317081585994622],[52.199854010925065,28.318411423514295],[52.20078810531642,28.320163905985801],[52.19873314819823,28.323406165179236],[52.198204772387847,28.324331530866999],[52.196636099104488,28.327090082745443],[52.19736763672006,28.329645941243051],[52.198246762447162,28.33252947811129],[52.200158371404434,28.334266762943415],[52.202117691544018,28.336027506192124],[52.203465225810589,28.338370423292346],[52.204961665357949,28.340918224442007],[52.206454497222573,28.343479546537608],[52.206915031495505,28.346221452664054],[52.207341000702669,28.348870537819849],[52.207784829230867,28.351609713857357],[52.208231909883139,28.354339377469692],[52.208698145279826,28.357204338857393],[52.210756720623351,28.359288624661062],[52.212604921916189,28.361190687125479],[52.214482098936706,28.363105822486919],[52.216471909367201,28.365145818932778],[52.218354797321005,28.367069445552772],[52.220198304867729,28.368961039606866],[52.221935150512344,28.370730517800919],[52.223944646501216,28.372784274979264],[52.226012728032565,28.374901114979522],[52.227984359313453,28.376917358113328],[52.229778756133499,28.378747846213532],[52.231099544181369,28.381396172465276],[52.232412569097647,28.384048450960741],[52.233744794078014,28.386762635065303],[52.234905635886555,28.389044358008704],[52.236038765644153,28.39128895637527],[52.237319270325443,28.393815206952986],[52.23813614309725,28.395451225148552],[52.240682136658933,28.397131897687633],[52.243183731115472,28.398772460277044],[52.245616471218838,28.40035442005253],[52.24815298783912,28.402010521469951],[52.250607887024863,28.403583460841517],[52.252903333357949,28.405100954372298],[52.255357814231495,28.406706980648835],[52.257576096817353,28.408145708704122],[52.259804789565273,28.409594909497969],[52.262085108225534,28.411086430742014],[52.264345780571446,28.412563714946671],[52.266127863475113,28.413718940813681],[52.268009425228527,28.414949774126413],[52.27048925616748,28.416562766543692],[52.273110381519317,28.418287011033996],[52.274904610659483,28.419022228328039],[52.276909148981304,28.419861141397522],[52.278340525274906,28.42163253736577],[52.279893590843734,28.425190393386956],[52.281315683626396,28.427957396144556],[52.282277196891165,28.429798597739545],[52.282816841605147,28.430838285069434],[52.281373724737875,28.434163228582122],[52.28194454885886,28.435192891809862],[52.282591077832933,28.436387810125801],[52.283715739814369,28.438484293722141],[52.284933362075193,28.440639765441816],[52.286338473672565,28.443243929308327],[52.285963486202249,28.446309192732794],[52.285790493363834,28.447783565492134],[52.285397020856536,28.450858001013501],[52.284427410049979,28.452779386307526],[52.284292101189742,28.45520971941005],[52.284210597576894,28.457678122134283],[52.284115990378695,28.459693059622591],[52.284012544766249,28.4619567381312],[52.283956349524487,28.46379457570325],[52.285774886213311,28.46507777260565],[52.287886709240659,28.46657796692805],[52.28982077260099,28.468840442794768],[52.291683093586109,28.470996830001777],[52.293810283226215,28.473488528464028],[52.295889133383888,28.475896881000715],[52.297348692519833,28.477625570730464],[52.299366582727558,28.479957958251163],[52.301244799516944,28.482140072190159],[52.302469026943363,28.483576020532102],[52.301350447656496,28.486426197508887],[52.300169388545427,28.489455223324789],[52.299328189850932,28.491662243230913],[52.29822005864127,28.494521179826666],[52.297188601637224,28.49714898156865],[52.296108527951681,28.499905540402906],[52.295207024524089,28.502220759740908],[52.29413926670086,28.504970631720489],[52.293029219725057,28.507642131768737],[52.29202983022325,28.509988993422084],[52.290693293958569,28.513225320314813],[52.289654990563527,28.516222733586019],[52.289633444882732,28.516284928815612],[52.288185550193361,28.516814203496114],[52.288168133718884,28.51682056906726],[52.287140761781458,28.516477055794393],[52.286523769101784,28.514200503307471],[52.286497714524529,28.513956024450206]]},"properties":{"OBJECTID":37,"gis_id":"CD638","denomi_vol":5,"owner":null,"Shape_Length":29151.702486753929}},{"type":"Feature","id":38,"geometry":{"type":"LineString","coordinates":[[52.286345410326348,28.513944071309176],[52.286355293422723,28.514179677746249],[52.28708687889106,28.51650620558927],[52.288151731826623,28.51691175441437],[52.288257636415466,28.516947701728817],[52.288277983736371,28.516954608230566],[52.289116085245844,28.519252500473847],[52.288267396318382,28.522857732810792],[52.287822976720037,28.524777353211878],[52.287314744101074,28.526984500040161],[52.286737802704451,28.529421350134935],[52.286190751778541,28.531732409767621],[52.285628876063313,28.534127135123974],[52.285085856312229,28.536540246425144],[52.284510141595334,28.538961319891207],[52.285142711840045,28.541467108320099],[52.285813833223116,28.544124028215784],[52.28613472632528,28.545363264496462],[52.287555476234161,28.547274707350855],[52.288000851768345,28.549953513035671],[52.288150455940375,28.551324341317951],[52.288484562530257,28.554224738079956],[52.289866507728256,28.555703733704654],[52.291839893611453,28.558639209067426],[52.293638463429197,28.560542634876988],[52.295532633399048,28.564365372099459],[52.296935945576301,28.566849865682531],[52.298024297264767,28.568892920218047],[52.299465856628643,28.571469003030391],[52.300484608072352,28.573295274926767],[52.300968290243404,28.575329823005688],[52.301641918612845,28.578028947891571],[52.302579445509302,28.581420139215432],[52.303577127503161,28.583934362422308],[52.304721341650463,28.586569513103132],[52.304844578640186,28.589428305843249],[52.304936236948286,28.591416355560682],[52.303069858191733,28.593652637565015],[52.30163928736669,28.595355234389533],[52.299902691045681,28.597428532736675],[52.298269109597079,28.599362441329045],[52.296189811797518,28.601824605289753],[52.294127970289544,28.604282812171402],[52.292315425865567,28.606429249308803],[52.290840632674971,28.608197246755719],[52.289087267982097,28.610298035870173],[52.286908622676265,28.612889699038796],[52.285433618956681,28.614621611525997],[52.286187018393186,28.617191513116172],[52.286790576336891,28.619363403310089],[52.287519534893136,28.621962251831434],[52.288115489606355,28.62399099514111],[52.289423578983381,28.624889071343251],[52.29207560341748,28.626796641220416],[52.293658631982403,28.629093637751108],[52.294670432186173,28.631198528763534],[52.295789286049086,28.633423788553831],[52.29699730780959,28.635816288917773],[52.298041508829968,28.637917119421854],[52.299208611574031,28.640275264771052],[52.300399652155541,28.642652946094831],[52.301499856679612,28.644863590534793],[52.302704211814948,28.647313218252862],[52.303907697378961,28.649699605785948],[52.305960979049672,28.65174313092513],[52.307978169443359,28.65375591010995],[52.309902950336003,28.655652613724136],[52.31171696709049,28.657461403584225],[52.314080399677337,28.658015644568579],[52.316475527484378,28.658629599592409],[52.319412211678802,28.659410251345687],[52.322340440073923,28.660197841316062],[52.32536835133935,28.660001560341851],[52.325626832503886,28.660337782321278],[52.325724205687834,28.6604644368898],[52.325417814648354,28.660608043751033],[52.325326773435876,28.661043089526061]]},"properties":{"OBJECTID":38,"gis_id":"AC607","denomi_vol":5,"owner":null,"Shape_Length":19405.452621442593}},{"type":"Feature","id":39,"geometry":{"type":"LineString","coordinates":[[54.24627098319467,27.187173361410853],[54.246241543713403,27.186387688761553],[54.246515530038508,27.183727938156174],[54.245221918992137,27.182924872883902],[54.243404418090634,27.183552260616036],[54.240219684815237,27.184607766622342],[54.23671191295464,27.185767289396566],[54.233606869717789,27.186758804444803],[54.230566602397346,27.187780872740756],[54.227056807361592,27.188913029413971],[54.223849106975841,27.189967685478234],[54.220302979252708,27.1911350329596],[54.217092924620502,27.192178198099217],[54.213994732395157,27.193185186150927],[54.210769386195786,27.194230147961683],[54.2074799766526,27.19531209026793],[54.203841967911409,27.196508730029407],[54.200473638465112,27.19761372017501],[54.197446412095992,27.198596944958183],[54.19435265631418,27.19961484783515],[54.190862200447377,27.200753212485125],[54.187745528331959,27.201775009057499],[54.184601009374674,27.2027984209663],[54.181515109466609,27.203796631212686],[54.178324595276557,27.20483851425238],[54.175266066547252,27.205847669267097],[54.172184616379077,27.206863052864119],[54.168988884972983,27.207905352816358],[54.165680577594685,27.209006180539131],[54.162194813748762,27.210137126034539],[54.159103236659647,27.211145231420144],[54.156268816086389,27.21206154691631],[54.152869671134958,27.213153421380841],[54.149703877314877,27.214195877438033],[54.146464546885611,27.215250275268183],[54.142329889804302,27.216604505214086],[54.138228721715116,27.21729090757719],[54.134077516623627,27.21798549659859],[54.130697109887393,27.218535783486672],[54.12744342066005,27.219063803274299],[54.124131702151331,27.219590540134291],[54.120814800039255,27.220121598756226],[54.117477342975228,27.220665684947406],[54.113975167080632,27.221235577223126],[54.110587160039181,27.221780695753036],[54.107029326784335,27.222353760172023],[54.104117299198855,27.222836483604976],[54.10096993465968,27.223343539681984],[54.097914111721146,27.223823118202237],[54.094784357694543,27.224330400596941],[54.091796647251556,27.224809016936952],[54.088783342455066,27.225300562486911],[54.085741974591372,27.225802732102309],[54.082660234117398,27.226303979892666],[54.079480232393209,27.226798571517151],[54.076096714573289,27.227354206576106],[54.072102784456639,27.227993837688434],[54.068075494898814,27.228652947236593],[54.064825860161989,27.229199861516808],[54.061405179050659,27.229725017926214],[54.058403101505185,27.230154565292782],[54.055427498841034,27.230748346142459],[54.05083171631081,27.231496505089492],[54.04849656123907,27.233445171077499],[54.046715328333548,27.234846338596167],[54.043346931003619,27.237603392181029],[54.041420814025592,27.240595951640113],[54.039916729806329,27.243042862465394],[54.038684881827457,27.245025327962338],[54.036270018993314,27.248116934685619],[54.034495963261001,27.250363989391126],[54.033266935324718,27.251945469038343],[54.032509231943543,27.254887030837487],[54.031643846738199,27.258159609149736],[54.030769197817321,27.261492886063252],[54.02983747114083,27.264787525796269],[54.031419028800705,27.267739513106832],[54.032801606459167,27.270302423987651],[54.034240956924954,27.272915420312177],[54.035666404507801,27.275484491372112],[54.037096132110939,27.278084472868478],[54.038518713600666,27.280670755993558],[54.039938169346478,27.283281772474734],[54.041387551104862,27.285927707402248],[54.042868677844382,27.288672663270258],[54.044476568815014,27.291607996652132],[54.045981222505212,27.294347113470145],[54.047444192464113,27.297042465218524],[54.04885391300499,27.299600300625197],[54.051540779669438,27.30134603901983],[54.054221208938039,27.303092827925351],[54.056941985233905,27.304844940840912],[54.059467380362257,27.306446219754537],[54.062064417755593,27.308109884774368],[54.064157537118895,27.309449237981688],[54.066926888936059,27.311190926632793],[54.0696162812932,27.312903798892233],[54.072367118018704,27.314588600701562],[54.075144604513433,27.316319035281396],[54.077798070054975,27.317967837783627],[54.080562693032569,27.319713690699786],[54.083087754360101,27.321258173160601],[54.085340672072221,27.322686333075936],[54.087969683501804,27.324316394860951],[54.090429496176611,27.325859280110979],[54.093442116159764,27.326926714524173],[54.096652668825207,27.328063571127334],[54.099605951907819,27.329093435969412],[54.102894185274245,27.330258857969884],[54.10589966132919,27.331325785623413],[54.108719866274562,27.332332374102563],[54.111772828898538,27.33340858465413],[54.115068719404405,27.33411431607929],[54.117897674592122,27.334696809751541],[54.120277181181727,27.335177374834831],[54.12354514110109,27.335754530217407],[54.126775873316063,27.336427294955254],[54.13028693562741,27.337141055397989],[54.133660700429303,27.337858644244648],[54.137268962739199,27.338594557390888],[54.140962534156614,27.339354706505137],[54.144412551451779,27.340060087934454],[54.147717177754664,27.340724030147946],[54.150666789314201,27.341344464686575],[54.154152707855431,27.342034563013897],[54.15759305677723,27.34273040467378],[54.16084914000561,27.343422367647239],[54.164149995320081,27.344045246328353],[54.167736646893715,27.344755131354137],[54.171189411563176,27.345466691967207],[54.174401630749969,27.346103305550184],[54.177223851271819,27.346679978077667],[54.180032668010774,27.347254730306428],[54.182777676421125,27.346148390048878],[54.185891924048718,27.344892280892171],[54.188446890764212,27.343861214384752],[54.191829238909285,27.343486084913359],[54.195392939283153,27.343123232034298],[54.199860267346288,27.342690661149124],[54.204019989012409,27.342233660539303],[54.207857820789407,27.341817388838841],[54.210326846546032,27.341583122438124],[54.213020290277214,27.341265365754488],[54.216331861113538,27.340878823302173],[54.220382769038771,27.340525158659478],[54.223551317457549,27.340198727803465],[54.227099564068013,27.339841507836898],[54.229980529473302,27.339497862603519],[54.234500277913071,27.339017824238855],[54.237747740294196,27.338327195995145],[54.240993947897309,27.337620655992627],[54.243767664096744,27.337017391490519],[54.246438818914676,27.336474764676325],[54.249604355683303,27.336362411871523],[54.253255618158441,27.336223146275096],[54.256632331960212,27.336152767114569],[54.259626331192536,27.336031836694307],[54.262233734249541,27.335914442422752],[54.265409695318866,27.335790231537064],[54.268813848722083,27.335632116406295],[54.272194102846782,27.335520821557612],[54.275380440628389,27.335385306663312],[54.278669630093553,27.335278822749725],[54.281937041783259,27.335133477183202],[54.285315161204039,27.335006028254725],[54.288475744959058,27.334890009488458],[54.291165795295939,27.334810904053697],[54.293748689568581,27.335165093196171],[54.297628866387164,27.335681147630353],[54.301121343058149,27.336144385793183],[54.304414289561272,27.336576101910033],[54.30695227895427,27.337880540770168],[54.309294320900413,27.339085452737891],[54.312047812757186,27.340476260800092],[54.312913477160379,27.343306721262653],[54.311025544214068,27.346258696193164],[54.308958882902729,27.349462308551306],[54.306894470860513,27.352692194701916],[54.304136199009378,27.355242024842045],[54.301991953318613,27.357205638516607],[54.300264575310422,27.358798476912167],[54.298292246525968,27.360633911229947],[54.295877016005193,27.362908851208577],[54.293433640913051,27.365207278687585],[54.29116786348861,27.367342635955449],[54.288757428545999,27.369618922145612],[54.286251934717434,27.371986833837259],[54.283860381773238,27.374259419903471],[54.281480210675355,27.376497755070027],[54.27900598491275,27.378834655391238],[54.276824390584189,27.380856700067653],[54.274361656513321,27.383205794424207],[54.271849494335306,27.385567834317403],[54.269050041675996,27.387324076398265],[54.266113350295782,27.389182682622646],[54.263139017092854,27.391032616381111],[54.261307996339767,27.39220081625913],[54.258023855215122,27.39421849242855],[54.255764028991202,27.395645400562017],[54.253409846830209,27.397115512306893],[54.250723814334165,27.398796376613667],[54.248151828235017,27.400396192368273],[54.246069934787805,27.401689631920565],[54.243522479502907,27.403300062241552],[54.239934831015248,27.405546898777427],[54.237074198968912,27.407330497623757],[54.234603642042337,27.408850220860053],[54.231321339698219,27.408769830538279],[54.227805216501103,27.408684409012373],[54.224674274336465,27.408596439259714],[54.221815698994327,27.408528782380404],[54.217892262622591,27.408425764109214],[54.214674958779085,27.40834275373755],[54.21110490836876,27.408249115633446],[54.208948496884489,27.409899588516957],[54.205935043470291,27.41219467800909],[54.203548764880061,27.4139933511319],[54.201306086263145,27.415677241351318],[54.19861558970554,27.417722021722586],[54.200000831971565,27.4211705405868],[54.199934372267691,27.423959122137386],[54.199852722574107,27.426859536157643],[54.199560755358767,27.431182979180608],[54.197380891600965,27.43497744403135],[54.194037439104179,27.434889207433784],[54.191615920213636,27.434836220007504],[54.186797852173967,27.434719725433027],[54.183651362050355,27.434645337230933],[54.181545743641202,27.434597003821086],[54.176444218162843,27.434490548964348],[54.172687012807131,27.437044161646458],[54.170186906857971,27.438776175875574],[54.167708861831109,27.440486876243749],[54.165223112695074,27.442170760042249],[54.165683514359699,27.444858078460495],[54.166284745834467,27.448706063389839],[54.166877168383621,27.451960256715584],[54.167401715844456,27.45516124665717],[54.167958584027403,27.458464044520024],[54.168455963175141,27.461509670815303],[54.168938656369342,27.464328050521942],[54.169422950325618,27.467146117364383],[54.169309747374285,27.469238328641818],[54.165055506036914,27.470280907426371],[54.162210182486682,27.470973457299817],[54.159024125428921,27.471528468129449],[54.155947046031642,27.472035986437714],[54.152893206706864,27.47254668538033],[54.150230545812583,27.472956633895716],[54.147724743308004,27.473389870120162],[54.144478631604265,27.473916126060729],[54.141169976533718,27.474463773799297],[54.13715152257226,27.475149141590393],[54.132286612270015,27.476068125903279],[54.12798014608633,27.476880515187027],[54.124747739171966,27.477511520244864],[54.122179096827303,27.477995439808662],[54.120882241639805,27.480283934243314],[54.120737050180558,27.480540141300526],[54.117133697600501,27.48048545542045],[54.113335455530546,27.480418681027686],[54.109897258111957,27.480367049588359],[54.108983753634597,27.480286149712985],[54.106903786210033,27.480101924074855],[54.102681982052729,27.480799825965097],[54.098665765571866,27.481472309524541],[54.098051431580835,27.481775118485984],[54.096921119682015,27.482332245305329],[54.093184450313608,27.482895802830349],[54.089762579258732,27.483420377656749],[54.086272935898094,27.483914425464864],[54.08325559305429,27.484374113762605],[54.080563729109116,27.484763576601019],[54.076849558312198,27.485310395807865],[54.071359294932279,27.486109857280763],[54.067219713408619,27.4862605531786],[54.062983200584597,27.486431332790165],[54.0591419994212,27.486567707689641],[54.056408121359439,27.48666997203491],[54.055758877913988,27.48669715819258],[54.052075755098805,27.486851329046679],[54.051506923334799,27.486775307774554]]},"properties":{"OBJECTID":39,"gis_id":"FR815","denomi_vol":3,"owner":null,"Shape_Length":92382.578431856135}},{"type":"Feature","id":40,"geometry":{"type":"LineString","coordinates":[[52.507673449176181,28.947228893196765],[52.507743223459919,28.946981755166906],[52.508136013483416,28.945046646656611],[52.509294629599808,28.943718370800624],[52.510586866700457,28.942260577650952],[52.513121577771763,28.94120226296512],[52.513732011580075,28.942364564186455],[52.51498135179871,28.944674276249259],[52.516159503089717,28.946847155402804],[52.517462317977198,28.949298371013004],[52.51876223677035,28.951722531269365],[52.519669208321723,28.953406608450301],[52.521164497789542,28.956203043869778],[52.522139224425871,28.957954017555434],[52.523459873515442,28.960447629210197],[52.52613853860759,28.961846462745459],[52.531358055037693,28.964605789395577],[52.536105537977242,28.969335062766536],[52.536371444215462,28.969663829891314],[52.536706144951438,28.97161134240902],[52.537102454435967,28.97400412836712],[52.537690008861603,28.975448323429404],[52.539812385304444,28.976939607002993],[52.54219967689977,28.978578350495145],[52.544623744964277,28.980269644174466],[52.547056197305785,28.98193049180103],[52.548730941451005,28.983847882913899],[52.550463226149347,28.985852501405166],[52.552313970002245,28.987874227082184],[52.554076473772469,28.989913639741314],[52.555932489621526,28.99202413812295],[52.557697199833484,28.994193312970854],[52.559971693576607,28.996656365940556],[52.561989742345574,28.998945375133687],[52.564102797709531,29.001402448482228],[52.56644775292466,29.004084642325573],[52.567669692706758,29.005469138081743],[52.569529414752488,29.007617738794885],[52.571174637741919,29.009493582951826],[52.5735155484928,29.012223064697821],[52.575348342951713,29.014125614214091],[52.577356280136115,29.015512445172153],[52.579342908897445,29.016814162841261],[52.580876466930754,29.018636278114318],[52.582572654642775,29.020630939271726],[52.584444123001091,29.022837831702294],[52.586364639929059,29.025057652119681],[52.588390763039662,29.027463443086507],[52.590109676390071,29.029465905900899],[52.590561032005553,29.031897909883472],[52.591102649429857,29.034611358113988],[52.590457924107923,29.035915961430103],[52.5900253528661,29.036518308655875],[52.589996373510608,29.036558661567469],[52.589979007692129,29.036549029139294],[52.5896997412937,29.036937897717991],[52.588340140512997,29.038666082985873],[52.586852591614054,29.040605840532418],[52.585467885395786,29.042388654272159],[52.58417301437543,29.044073703515156],[52.582908642912713,29.04618811500524],[52.581719396697565,29.048169348190218],[52.580417185489075,29.050325701440538],[52.579083120726963,29.052586210632363],[52.577779093231932,29.054794335975906],[52.576419455797833,29.057057086360835],[52.57501274964843,29.059286999706661],[52.573735427160265,29.061583001419049],[52.572375778877479,29.063859320008241],[52.571006819564211,29.066208059025961],[52.569629351461863,29.068502617282551],[52.568226221468883,29.070808904697774],[52.566841284864971,29.073132999613851],[52.565595959436685,29.075184771399215],[52.564228986821,29.077515395844628],[52.562840871839839,29.079805531444411],[52.561435060554821,29.082123041844302],[52.560024242436512,29.084451846044143],[52.558627978645461,29.086733213514464],[52.557495994426993,29.088657260625826],[52.556310731617941,29.090623761598263],[52.555149481471261,29.093051319507911],[52.554012219679073,29.095485197444386],[52.552849045341738,29.097905783294667],[52.551703472269558,29.100308219738181],[52.550555713483682,29.102737683109503],[52.549569368121539,29.104799811391818],[52.548436512983606,29.107202024056527],[52.547280735131608,29.109620271734283],[52.546136028940701,29.112037867977929],[52.545838139171892,29.112664968512],[52.545836099216004,29.112663171876779],[52.54579110668071,29.112632548549477],[52.545322391249336,29.112267004559193],[52.544946747876217,29.111952388523822]]},"properties":{"OBJECTID":40,"gis_id":"JS634","denomi_vol":5,"owner":null,"Shape_Length":23901.129630290103}},{"type":"Feature","id":41,"geometry":{"type":"LineString","coordinates":[[52.633718338485757,28.68350282187766],[52.634074857718943,28.683786303581023],[52.635149151564789,28.684293066034808],[52.635961392336235,28.685317854646222],[52.636892241925487,28.686443943985832],[52.63776916896277,28.687543914288259],[52.638714733554835,28.688664705531078],[52.639455002099389,28.68951510140219],[52.639063559363912,28.692198343800726],[52.638628395719181,28.694872255954596],[52.638230645351094,28.697263768498321],[52.637910782839647,28.699638377929443],[52.637519364609226,28.702432454956231],[52.637213373313138,28.704268346996685],[52.637117752068875,28.706922232448537],[52.637071449183686,28.708528838688625],[52.636556269215248,28.71011167777915],[52.63586411941624,28.712426935682288],[52.635245179475568,28.714460485004835],[52.634382500744842,28.71726791397413],[52.633476948201995,28.720072124921977],[52.632666499970114,28.722729263387542],[52.631891008963535,28.725312733627838],[52.631069588447794,28.727884229703612],[52.630244356315139,28.73043035441405],[52.628686938707389,28.732608364917951],[52.627154145662956,28.734703512868851],[52.624488786451906,28.735879340337291],[52.622048995026411,28.736911859254434],[52.619414217452146,28.737995852490272],[52.616470478050722,28.739393505244092],[52.613648113292285,28.740698551069784],[52.610863888008176,28.74199155191377],[52.608170439265606,28.743264702154661],[52.605489161572059,28.744505790550434],[52.602742528916473,28.745844975584497],[52.599994120509081,28.747060117733469],[52.597468827685312,28.748249297917344],[52.594863193362919,28.749486587162846],[52.592518341889921,28.750562159472402],[52.589951917810851,28.751743398047939],[52.587327535219174,28.752970569093016],[52.584702985449027,28.754206812649585],[52.582005599650536,28.755450950870838],[52.5795889111779,28.756587391445699],[52.577086457223402,28.757740681368091],[52.574884349123217,28.758804435239966],[52.57222027450068,28.75998049053576],[52.569707440040609,28.761267878981091],[52.567070549869356,28.762406319021132],[52.564480263699778,28.763571500724222],[52.561868042540858,28.76474164358606],[52.559277768442762,28.765959784746741],[52.556692664180979,28.767187411057954],[52.55439186779904,28.769382580909703],[52.552080632411624,28.771579089622179],[52.549986762991139,28.773648203600423],[52.546954974134856,28.773767274007152],[52.544705955318051,28.773879799125773],[52.54188721384174,28.774090726422436],[52.538974681381653,28.774224551297603],[52.536011165440399,28.774421324941315],[52.533222573761613,28.774531277222987],[52.530463091801494,28.774714993139387],[52.527117085752977,28.774886612235363],[52.525453151534641,28.774981208208942],[52.525220170228316,28.774994451351521],[52.522617706034481,28.776066065450834],[52.52030249591818,28.776922515337905],[52.517852316551668,28.777988569448667],[52.515045967393647,28.779084933445283],[52.512372011289585,28.780180990623752],[52.509579198307932,28.781339260482873],[52.506752930956438,28.782511994160018],[52.504080414608346,28.783622280006217],[52.501283969778186,28.784696564596601],[52.498265535180245,28.785218485458817],[52.495783867128665,28.785641260878094],[52.494005756243105,28.785952405065323],[52.493872737399052,28.78597568016928],[52.492957750065948,28.786135778654881],[52.490274585059545,28.786549871829759],[52.487418201929266,28.787056669334859],[52.485105809778766,28.787537278449385],[52.482209245855721,28.787935243428745],[52.479337020697415,28.788360040626706],[52.476350313369771,28.788930775145165],[52.473299407284088,28.789433514272854],[52.470524191970327,28.78992152838952],[52.467653149125042,28.790378443277941],[52.464731426998732,28.790868258623586],[52.461751617558093,28.791387033636106],[52.458868491178215,28.791879949640851],[52.455892199675979,28.792362026722859],[52.452881990327263,28.792912466124832],[52.450149404364126,28.79335458629949],[52.447113737875775,28.793803310133534],[52.444082538374182,28.79429095211805],[52.441164937295611,28.794844811633425],[52.438175747982775,28.795342577107252],[52.435511604278339,28.795750458273698],[52.434913284642235,28.79609475476358],[52.437512420148053,28.797958278073626],[52.437860638754707,28.79977848287848],[52.438287887179257,28.801945519944823],[52.438745078517556,28.804268936619621],[52.439176826896833,28.806481298601351],[52.439237975273677,28.806794624629468],[52.439238054740841,28.806795038917922],[52.439650371235068,28.808983462462677],[52.440057276084126,28.811058046272045],[52.440544272365869,28.813504535576385],[52.441018681650604,28.815956218982635],[52.441500728826959,28.818364699661778],[52.442006113209985,28.820894645360802],[52.442441736875466,28.823173308923156],[52.44285899765584,28.825418890541677],[52.442841049628022,28.825824813162622],[52.442801453528034,28.826720314984549],[52.443326495628419,28.829258300142392],[52.44389532615957,28.832094781647353],[52.444395719586346,28.834548314330853],[52.444978010010701,28.837484037397058],[52.445572579926946,28.840375800695025],[52.44611889774324,28.843119215510661],[52.446671790504062,28.845829996773581],[52.44718665239521,28.84841748169217],[52.447735456385807,28.85112017694124],[52.448259712679942,28.853787966602983],[52.44884389688157,28.856614497616601],[52.44941033579731,28.859460653982435],[52.449895818208034,28.861836067493744],[52.450462766579761,28.864625600996714],[52.450998866263603,28.867305259479469],[52.451583245554609,28.870185050449528],[52.452130649385033,28.872924823678812],[52.452663016756127,28.87557301657657],[52.453355899003746,28.878216644588427],[52.45408429350158,28.880976818912085],[52.454761335933185,28.883616035014047],[52.455450957001354,28.886149871042885],[52.456133728872118,28.888723628265808],[52.456715757284996,28.89099614545642],[52.457389190037617,28.893552594682021],[52.457888822730354,28.895432870118508],[52.458484310170043,28.897690722149104],[52.459075057631388,28.899900975620508],[52.459781971309454,28.902623062957723],[52.460492671002434,28.905228019422157],[52.461192375550453,28.907963973991141],[52.461598762098753,28.909448598343506],[52.462039456154713,28.911632683037251],[52.462630972875743,28.913687561970075],[52.463264964995751,28.915886324284291],[52.463775533661632,28.917749844605613],[52.464388773829775,28.920202288570586],[52.464513074402738,28.920651172189721],[52.464603774483813,28.920978713232802],[52.464851719510378,28.921874095363449],[52.46510353643815,28.922862439278589],[52.465670629231198,28.92494481289069],[52.46605000540854,28.926365817788472],[52.466714608710049,28.92900800525835],[52.46843180581579,28.931099017938525],[52.47054260764871,28.932485642641669],[52.472680737804154,28.933994362969752],[52.475175771215227,28.935624366584122],[52.476997930172494,28.936867563205777],[52.47942529415652,28.938555531741223],[52.480594563874142,28.939372081946914],[52.482915740258989,28.941004763962816],[52.48531261710113,28.942646596112716],[52.487672032237924,28.944350795148804],[52.489863082130221,28.945894712892041],[52.492204820677628,28.947614431860412],[52.494533190437345,28.949236009403247],[52.496658632498018,28.950728320223323],[52.499040342105644,28.952447414564329],[52.501405042407789,28.954100785230775],[52.503493999779167,28.955585386309696],[52.505726502851147,28.957180813457285],[52.508084023953629,28.958826902919011],[52.510498048073622,28.960537056723009],[52.512956136937369,28.961431484502484],[52.514660035164781,28.962025741366734],[52.516969200636161,28.96281914601067],[52.520420808278153,28.96401734379576],[52.522388802108814,28.964684140208337],[52.524823215147386,28.965558256226206],[52.527659689849962,28.966494408881776],[52.530025542042935,28.967314526943195],[52.532836732293866,28.968262877436651],[52.535588431719361,28.969311812468906],[52.535846251157949,28.969852196623307],[52.536172950515983,28.971191125664095],[52.536789334311592,28.973555432427172],[52.537206251483809,28.975387836502623],[52.538774047280391,28.976942099121],[52.54063666114002,28.978754077399071],[52.542528651478563,28.980648195770801],[52.54419330126079,28.982288645935348],[52.546142078978072,28.984226555360905],[52.548083347621336,28.986135670108432],[52.549979766782833,28.987993088082337],[52.552015972677928,28.990011820657497],[52.554066322033826,28.992046850654795],[52.556049826099752,28.994007795466015],[52.557825738042361,28.995755568206295],[52.559805163208281,28.997712173901192],[52.561622715125885,28.999528692977638],[52.56374473566563,29.001615934527774],[52.565500398934837,29.003568053200453],[52.567361264780722,29.005680883456503],[52.569301674271983,29.007852680347153],[52.570922974550072,29.009676203379041],[52.573125560324357,29.012179032731588],[52.575303068743928,29.014635990362091],[52.576301049320783,29.014903689433972],[52.57704739479783,29.01510388356154],[52.579538302299852,29.01674931414734],[52.581567811602881,29.018812474595681],[52.583149365492979,29.020952426445039],[52.584962284491823,29.02306953633196],[52.586778302262807,29.025227245080632],[52.588659731835236,29.027363516662824],[52.590345974062565,29.02939944147715],[52.590792944330943,29.031882204558418],[52.591350440484796,29.034698594197799],[52.590602698205117,29.036042911901905],[52.590298226550814,29.03639910805737]]},"properties":{"OBJECTID":41,"gis_id":"KM619","denomi_vol":5,"owner":null,"Shape_Length":59176.921020213682}},{"type":"Feature","id":42,"geometry":{"type":"LineString","coordinates":[[52.286268746036939,28.513937888102557],[52.286314772604982,28.514185920670155],[52.287068918609322,28.516515922778112],[52.28823529684022,28.516973507331127],[52.288242922346917,28.516976206273679],[52.289073869855891,28.519254491343077],[52.28822736589472,28.52285044271057],[52.287782926076126,28.524770139003053],[52.287274712160048,28.526977209711571],[52.286697791186576,28.529413963796511],[52.286150731609972,28.531725054057443],[52.285588814220972,28.534119954756509],[52.285045805273725,28.536533018885635],[52.284468315885682,28.538961547679904],[52.285102811342824,28.541474964371616],[52.285773955457778,28.544131981741653],[52.286096512500734,28.545377642840087],[52.287516339177806,28.547287843947558],[52.287960253585631,28.549957867560085],[52.288109769856241,28.551327898893842],[52.288445139561226,28.554239273015373],[52.289832959050393,28.555724556214745],[52.291806400665479,28.558660116376778],[52.293603335993083,28.560561812716944],[52.29549558266833,28.564380669875913],[52.296899142914484,28.566865603720334],[52.29798746061465,28.568908597512628],[52.29942918238968,28.571484971589946],[52.300445645949921,28.573307141149421],[52.300928309686469,28.575337413949217],[52.301602081155217,28.578037111686861],[52.302540189042219,28.581430409640994],[52.3035387270914,28.583946790985738],[52.304680730370841,28.586576854982681],[52.304803711142348,28.589429726078972],[52.30489478740472,28.591405153329106],[52.303036965179473,28.593631181125733],[52.301606416291257,28.595333753937446],[52.299869847828568,28.597407015508345],[52.29823631651648,28.599340867280208],[52.296156976008938,28.601803081702496],[52.294095132070204,28.604261288123034],[52.292282555053049,28.606407763051013],[52.29080769303863,28.608175842033653],[52.289054372388868,28.610276579774776],[52.286875843607575,28.612868102335437],[52.28538908005801,28.61461382089724],[52.28614734680886,28.617200331760007],[52.286750852644374,28.619372036720186],[52.287479874482159,28.621971115917624],[52.288079380137049,28.624011942938708],[52.289398088136785,28.624917310120111],[52.292044300682143,28.626820699457493],[52.293622127930007,28.629110148583795],[52.294632894703646,28.631212896336145],[52.295751898878166,28.633438451035872],[52.296959884342847,28.63583088169467],[52.298004021902152,28.637931590362072],[52.299171147076912,28.640289782761005],[52.300362203794492,28.64266749856581],[52.301462351044904,28.644878028348028],[52.302666745355751,28.647327735455551],[52.303872877597087,28.649719375771443],[52.305930335818154,28.65176705786854],[52.307947592403309,28.653779901847997],[52.30987237737952,28.655676611268895],[52.311694504298401,28.657493488928946],[52.314069428903728,28.658050425594134],[52.316463912795363,28.658664213769686],[52.319400339190956,28.659444797866691],[52.322335814792886,28.660234335316925],[52.325347755495635,28.660039091582512],[52.325592961045288,28.660358041339872],[52.325664754555426,28.66045142348597],[52.325381155346562,28.660584347035734],[52.325279159078796,28.661071751781389],[52.325770491740329,28.661067061362747],[52.325775028779113,28.66109243345268],[52.325811204708721,28.661294781387735],[52.326945491350827,28.663246788181215],[52.328500827040337,28.665788575227616],[52.329841852507741,28.668017635501847],[52.331290347676685,28.670390310290628],[52.332477998823002,28.67236875629057],[52.33335305402845,28.673839273318588],[52.335900709245571,28.675374697732909],[52.338296760162706,28.676762841610792],[52.34076047043613,28.678235982115773],[52.343270808070699,28.679702878595766],[52.345904210906369,28.681274745675292],[52.348446754903506,28.682707379748663],[52.351103463875809,28.684257102883308],[52.353233483501917,28.685533299421252],[52.355726604675368,28.686977692826254],[52.357313811581193,28.688301932646596],[52.358892164200398,28.689678617282162],[52.3617731708581,28.690598449237626],[52.364647139274496,28.691832953038318],[52.36754064295193,28.693047258519737],[52.370310718156134,28.694189265350008],[52.37308524429789,28.695331029664672],[52.375837623985653,28.696475263795243],[52.378738670448001,28.697681982747937],[52.381282401658169,28.698761850286104],[52.384390762190058,28.700032323608596],[52.387026589169018,28.701212173468978],[52.389646007215781,28.701627348475487],[52.392080998541026,28.701955463741797],[52.395543503529346,28.702515431569321],[52.3978983586236,28.70292806398453],[52.40085652689497,28.703398577773662],[52.403637692925912,28.703834483445231],[52.406429472037026,28.704229921229548],[52.409651539027259,28.704750600961766],[52.412791177312741,28.705238336202449],[52.415832684246539,28.70609998115405],[52.418050617734579,28.706079759788974],[52.420775715192171,28.705687795939191],[52.423476078426276,28.705316574860614],[52.425327987802675,28.705067816708986],[52.427534382442559,28.705401476554432],[52.427782327290437,28.704895818653064],[52.428599745601964,28.70296440978926],[52.429648855756163,28.700583478870957],[52.430776258770251,28.698023679141222],[52.431903607261582,28.695463871043721],[52.433000795635074,28.692999327442223],[52.434014631642043,28.690678087057321],[52.434902751866119,28.688682588744236],[52.435783450487605,28.686610493921236],[52.43578408648775,28.68628835328882],[52.4355265673776,28.68595217042035],[52.434851625736997,28.685582772419487],[52.43402901432944,28.685133687654083],[52.43359143072805,28.684874638076419]]},"properties":{"OBJECTID":42,"gis_id":"CF611","denomi_vol":5,"owner":null,"Shape_Length":33704.121335746036}},{"type":"Feature","id":43,"geometry":{"type":"LineString","coordinates":[[51.15022066951213,29.29591797889405],[51.150409644160199,29.296270324848507],[51.151326145359953,29.29745067744469],[51.153420809062077,29.297793608530615],[51.158212230014868,29.298122174183632],[51.162743480758756,29.298080621604822],[51.165020500417107,29.298132014209365],[51.168450399706821,29.297829748627688],[51.172383439720299,29.297553949902159],[51.176213618673174,29.297169827421268],[51.179497777813289,29.296840520275587],[51.184528750917892,29.296292456967659],[51.191147198084685,29.296770305588034],[51.193068347396107,29.296893603471315],[51.19768116674922,29.298477851190913],[51.200222134952291,29.297553641707868],[51.201939071995675,29.298195581954069],[51.202955765582786,29.2987515548426],[51.205982648725175,29.300944168542085],[51.206977659754116,29.301394863421777],[51.208920558016949,29.301220643819924],[51.21114762318588,29.300945949840688],[51.213389901822637,29.300707925911329],[51.215203244013658,29.300687157068509],[51.217456259869103,29.303991650061366],[51.220906119176519,29.308904928423964],[51.222943040885674,29.311873613494797],[51.224555921547243,29.313299848637037],[51.22644656315456,29.31477905487014],[51.228717707362563,29.315986115011103],[51.23267726125151,29.317947095177807],[51.234844860804188,29.318999475641903],[51.234290316096356,29.322942545329852],[51.233718356831268,29.324764689307408],[51.233068637682933,29.326772602379936],[51.231871043319615,29.32705053825504],[51.228577695429252,29.327796122510655],[51.224840990130311,29.328472100447218],[51.222744756355802,29.330652242439513],[51.221360452044571,29.333697008409615],[51.219965443415546,29.335366370414057],[51.218414189521042,29.337264206699182],[51.217160732252701,29.338746353687888],[51.215578390384437,29.34065335562925],[51.214550898534789,29.341882451452033],[51.212968425274774,29.343780415255576],[51.211672899874223,29.345353910560874],[51.209874858611975,29.347984176665079],[51.208159600287885,29.350504988957869],[51.206916881279959,29.352329892165351],[51.205582939628826,29.354225151699559],[51.203795551544786,29.355995228635958],[51.202458353056272,29.357342609329539],[51.200657956210939,29.359332417515219],[51.199818912773097,29.360311878540081],[51.197679162605382,29.362666354842265],[51.198038249335077,29.364506973543183],[51.199679654124168,29.365097217700367],[51.19973688988356,29.365117799015746],[51.199817840858401,29.364719671994408],[51.200106191019962,29.364647036133338],[51.200171254539164,29.364648149512945]]},"properties":{"OBJECTID":43,"gis_id":"DK627","denomi_vol":5,"owner":null,"Shape_Length":16273.216878305071}},{"type":"Feature","id":44,"geometry":{"type":"LineString","coordinates":[[51.150297780438855,29.29588323508969],[51.150460715795496,29.296239855046629],[51.15136275486703,29.297401581540555],[51.153428912813318,29.29773984558107],[51.158214320103134,29.298067998855686],[51.162743952582161,29.298026461060182],[51.165018196553625,29.298077791064902],[51.168444845941572,29.297775811833798],[51.17237746350866,29.297500042763915],[51.176206596816016,29.297116025141712],[51.179490457737757,29.296786747909646],[51.184527463643704,29.296238027284222],[51.191151988786061,29.296716314916257],[51.193082181662582,29.296840193143776],[51.19768050371497,29.298419462469663],[51.200222464945277,29.297494891275495],[51.201967712028832,29.298147416401015],[51.202991953140113,29.298707516521862],[51.206007697938936,29.300892061714954],[51.206996634155239,29.301347073815876],[51.208919535515008,29.301166083371825],[51.211139604113896,29.30089225230984],[51.213385772386921,29.300653815467676],[51.215238021009149,29.300632600796902],[51.217509087831395,29.303963567649305],[51.220958904826411,29.308876782170149],[51.222992159650374,29.311840120981849],[51.224598478096688,29.313260552705696],[51.226483467733551,29.314735336537623],[51.228748934840496,29.315939379187874],[51.232707433624562,29.317899836535531],[51.234911290877214,29.31896981966646],[51.234351094340433,29.322953094669362],[51.233777874720133,29.324779257328004],[51.233118487181308,29.326817052955214],[51.231886682882163,29.327102928409769],[51.228591679801681,29.327848887396954],[51.22487445325401,29.328521341945422],[51.222798463883137,29.330680430004286],[51.22141495655157,29.333723446309392],[51.220015498849229,29.335398133470484],[51.218464143423603,29.337296095094203],[51.217210556055541,29.338778396777247],[51.215628315747914,29.340685277433003],[51.214600782842275,29.341914423083406],[51.213018442730423,29.343812228303094],[51.211724569702163,29.345383717666795],[51.209927917602563,29.348011953563478],[51.208212687639161,29.35053272609202],[51.206969732626987,29.35235797724858],[51.205632762359414,29.354257541135301],[51.203842025946507,29.356030934851393],[51.202505923767319,29.35737721151752],[51.200708222937678,29.359364041115569],[51.199893952429441,29.360350570944796],[51.197744872994434,29.362681710793868],[51.198093414931954,29.364468273296808],[51.199694135510818,29.365043887314457],[51.199679654124168,29.365097217700367]]},"properties":{"OBJECTID":44,"gis_id":"DK627_j1","denomi_vol":5,"owner":null,"Shape_Length":16189.33994222509}},{"type":"Feature","id":45,"geometry":{"type":"LineString","coordinates":[[52.702455707599917,29.016832038656823],[52.702991683997524,29.016229790529888],[52.705056492239706,29.016405898029117],[52.703781579707609,29.01773809574637],[52.701581981159357,29.02001126375805],[52.699144983125819,29.022550355154049],[52.696333658109047,29.02543944758628],[52.693802016295393,29.028067237022011],[52.691133305325721,29.030826060488383],[52.688512805396911,29.033496685676567],[52.685906907929869,29.036208049248529],[52.683287355018287,29.038885917020075],[52.68009849581933,29.040820216175366],[52.676930386043708,29.04271965976719],[52.67378689156947,29.044627019175355],[52.670690529792651,29.046479105124718],[52.667878394635352,29.048192608803305],[52.664706883461655,29.050105291089722],[52.661516231612723,29.052045077945714],[52.658128340254656,29.054057603702308],[52.654665731449924,29.056153468069475],[52.651444143572206,29.058078680269098],[52.648155496054578,29.060071616763413],[52.644934968654709,29.062005685541653],[52.642138812099994,29.063685274558594],[52.639356436815454,29.065368006756021],[52.636405976736135,29.067139974488168],[52.633483124005828,29.068920056751473],[52.630807108047641,29.071216340190858],[52.627888562822129,29.073759767949483],[52.624992257935432,29.076315602220376],[52.622038610905122,29.078880857692774],[52.619100215347785,29.081414198459139],[52.616181267694259,29.083968736768913],[52.613261700327385,29.086521047190011],[52.610462857142515,29.088949659653409],[52.607663115888101,29.091411007591535],[52.604614930992945,29.094046956852424],[52.601781467892962,29.096526803252139],[52.5988532011663,29.099085081709376],[52.596153460932847,29.101404353291116],[52.593236105221109,29.103954306528877],[52.590319080946024,29.106499966605281],[52.587385890997261,29.109041005446503],[52.584443737799319,29.111613893064945],[52.58152781046504,29.114155388772335],[52.578669999367676,29.116641140083857],[52.575748267645942,29.11921111432293],[52.572837892110599,29.121729001055083],[52.569945772588326,29.124281579775936],[52.56700818795585,29.126818340303227],[52.564083406689399,29.129354216658822],[52.561161457880793,29.131893955118535],[52.558243001204644,29.134430464329601],[52.555312294116675,29.136980914041224],[52.552536358933281,29.139390109697267],[52.550019130604277,29.141604796729286],[52.547407866234281,29.143853011151627],[52.544841407406821,29.146056260168816],[52.542287789464389,29.148321132569336],[52.539713760508135,29.150533286867038],[52.536340044027796,29.152122817778761],[52.533031367343106,29.15368185956202],[52.529736924313823,29.155237867166729],[52.525841685012253,29.157055231747357],[52.525355620330451,29.157282964788681],[52.525269207599607,29.157323450777582],[52.524529009631209,29.157670245890003],[52.524464323131554,29.157700552196278],[52.522655795083395,29.158547848591905],[52.518904122508488,29.160316347408873],[52.515931484559978,29.161710164348062],[52.512935884951283,29.163107195859162],[52.509490913456851,29.164740120036381],[52.506210622341783,29.166283052268557],[52.503284265040328,29.167711727581512],[52.499596908059424,29.169247525422026],[52.496021526211479,29.170772589817076],[52.492412905598741,29.17230009723022],[52.489151597061714,29.173674538219501],[52.485672863788452,29.175149969686245],[52.48207660313345,29.176667762109989],[52.479047025219707,29.177964563764814],[52.474675787472286,29.179783366603917],[52.474279144855544,29.180418047317858],[52.474050574972203,29.180783786076521],[52.472579931159885,29.183136920835285],[52.472350434788218,29.183498298446484],[52.470962292821127,29.185684081126304],[52.470694339872189,29.186105990274537],[52.468482800721119,29.189508438247604],[52.466635167489052,29.192445757569953],[52.466794780010524,29.193179757165918],[52.466836906988988,29.193373478884528],[52.46692663421674,29.193786092876685],[52.467292780784369,29.193790565637034],[52.467451167697192,29.193792500177224],[52.469844084199067,29.193821703078118],[52.47066468534004,29.19398788150534]]},"properties":{"OBJECTID":45,"gis_id":"DH933","denomi_vol":2,"owner":null,"Shape_Length":31523.492060471832}},{"type":"Feature","id":46,"geometry":{"type":"LineString","coordinates":[[52.477627532633534,29.466874116235335],[52.477369840095101,29.466878571047747],[52.476168889521375,29.467428604485715],[52.475888556914938,29.469108428031419],[52.476805976636477,29.469894696757727],[52.478603088785832,29.469514667023223],[52.480392338744132,29.469189673572664],[52.481528168852982,29.468967123880155],[52.481670619986836,29.468939211816565],[52.482821199715808,29.468713759984009],[52.484902028722146,29.467394806705684],[52.487375939364043,29.465843584411132],[52.489632544903401,29.46447423993715],[52.492182195813768,29.462796824488464],[52.493506643888495,29.462056988410691],[52.495731575275286,29.46087187712395],[52.49822690512687,29.459568459979319],[52.4994197944565,29.456623244250391],[52.499576050940036,29.45555673964618],[52.50026345067613,29.455617759615553],[52.503322776155919,29.455968198713236],[52.505959870121224,29.456278164974446],[52.508032043033573,29.456504492268252],[52.51003336116748,29.456713743820284],[52.513298329511208,29.457073414289006],[52.515775695462409,29.457383201119114],[52.51790984207355,29.457555599161008],[52.519611662466225,29.457765514880986],[52.522519241850802,29.458118790038391],[52.524621370124223,29.458340154033507],[52.527100252358274,29.458595682471749],[52.529099294121643,29.458025131846046],[52.531313454757985,29.45742655603491],[52.534298634636116,29.45661383089665],[52.536724526198192,29.455955490162957],[52.538470298220986,29.455473402872148],[52.542194762277276,29.454431583833312],[52.544236951553124,29.453881724436922],[52.546461095148956,29.453284163510936],[52.549536521808328,29.452415099367041],[52.55103280238891,29.451668147261454],[52.552618348262868,29.450849856132216],[52.554314809331032,29.449962686218548],[52.55673155988903,29.448738294232641],[52.559015479744453,29.447550751794715],[52.561348323574158,29.446361267399283],[52.563704171521756,29.445142810437108],[52.565917067124268,29.444052200578952],[52.567884302214075,29.44301431997577],[52.569835494520497,29.442021422378616],[52.570986466625214,29.441408662221949],[52.571874653744338,29.440950622444447],[52.573973730410692,29.439870883206769],[52.576164726763444,29.438739247906028],[52.578404663242779,29.437593662354015],[52.580747508240627,29.436394191117341],[52.583083373860241,29.435188711590396],[52.585395245055778,29.4340072045574],[52.587712117345951,29.432816703454343],[52.589937087799591,29.431668103024577],[52.592085109282763,29.430570420392485],[52.594041178336951,29.429561723842767],[52.596430949998144,29.429132172450558],[52.599073204198952,29.428666095001489],[52.601690536948986,29.428176988251831],[52.604170084513193,29.427697727118115],[52.606696539784316,29.427227520454622],[52.609329826241535,29.42675343082367],[52.611729446120997,29.426315086134373],[52.614164061742528,29.425844775191788],[52.61740307008084,29.4252316073038],[52.620374343988516,29.424697642353742],[52.622245715115199,29.424354713867597],[52.625412270418806,29.423770217776894],[52.627252724408585,29.423405249431386],[52.629452355795991,29.42301132540933],[52.632522343662437,29.421416655031717],[52.63529230345442,29.420000993054742],[52.637346459243993,29.418925209149677],[52.640026171207374,29.417491055885296],[52.642881487633694,29.416028182726418],[52.644790819639759,29.415000243122613],[52.64656216706495,29.414115158404861],[52.64821172515272,29.413226937743644],[52.65027186597996,29.41215416023071],[52.65219308362046,29.411189239435135],[52.654061540626337,29.410122250904635],[52.65603283308932,29.409142769384466],[52.658029480015855,29.409727670942402],[52.660278735729676,29.410382250984771],[52.662872267912967,29.411136219583565],[52.665625495337231,29.411914376418036],[52.667438656400535,29.412454455412796],[52.669312776086123,29.412949599117677],[52.671086707831655,29.413489422291665],[52.673335191804483,29.412846110919208],[52.675805183288801,29.412088822078168],[52.678262153938718,29.411360525406412],[52.680709172515883,29.410610211530514],[52.683251009807414,29.409878005296143],[52.685783908662863,29.409112790246915],[52.688324748050348,29.4083805846108],[52.690868681951656,29.407579380645796],[52.693469475520494,29.406809240754104],[52.695814667224134,29.406062814796257],[52.698488314325409,29.405307761731905],[52.701051200493794,29.40452157706774],[52.703587055764949,29.403784368812449],[52.706022123659146,29.403021043167207],[52.708304197157602,29.402427088777539],[52.710613800458773,29.402110132240885],[52.713245846364742,29.40181006703256],[52.715811938908423,29.401550935227185],[52.718333214901669,29.401221744729813],[52.720923314675218,29.400932634354664],[52.723478452777051,29.400654487068298],[52.726066572537974,29.400355377382933],[52.728636662457802,29.400098249357182],[52.731179757174225,29.399866090635509],[52.733753922985137,29.399551964909055],[52.736352051304742,29.399236862188818],[52.738920186544497,29.398949729839398],[52.741584192361849,29.398643705388924],[52.744129373806807,29.398350547308532],[52.74661174436303,29.398115331948066],[52.748736744671049,29.397637681372874],[52.750982717229192,29.397151171208321],[52.753237695868101,29.396652672165558],[52.755520576376,29.396188204162279],[52.757762585324073,29.395683686362378],[52.760420977460917,29.395125636876472],[52.763003513002779,29.394558499463002],[52.764965872446865,29.394134679399563],[52.767205799631064,29.393686165904899],[52.769572629673405,29.393164791348333],[52.77200838481869,29.392614492424119],[52.774390182425542,29.392099136318162],[52.776783761260951,29.391564163304949],[52.778975103339747,29.391044216677468],[52.781188163382865,29.390540673266553],[52.783622954833341,29.389970370470653],[52.786164713033031,29.389301181764566],[52.788733233379773,29.388762035704925],[52.791082117976288,29.388225641100796],[52.793509941812005,29.387642329389099],[52.79587483592671,29.387079950931543],[52.798273664381107,29.38652761414145],[52.800860269437607,29.385912482897329],[52.803407896458239,29.385329309501678],[52.805964580143957,29.38469414031729],[52.808528166557181,29.384118986274508],[52.811210649182343,29.383483963686928],[52.813720339248633,29.382897746156317],[52.816383855100533,29.382259701274865],[52.818817387361186,29.381703849562324],[52.82094462488147,29.381345775760998],[52.823408130645646,29.380938527338827],[52.826033387248948,29.380516456233448],[52.828566826650892,29.380075284472532],[52.831019371116859,29.379654020086569],[52.833571699560657,29.379266871314179],[52.836209984952113,29.378812816862172],[52.838860192152623,29.378397778477471],[52.841484513298077,29.377936705116142],[52.844108750524057,29.377529638764312],[52.846789938072298,29.377094632604127],[52.849453100405434,29.376697611531231],[52.85208337031851,29.376263551147233],[52.85471762666559,29.375836494101335],[52.857395813812147,29.375406488869885],[52.859930948647161,29.374969607306092],[52.862279897196899,29.37459694757079],[52.864940145038545,29.374146920037138],[52.86760337267642,29.373706894980966],[52.870253601698423,29.373282858423547],[52.872904846510728,29.372843822511676],[52.875575057078784,29.372410810779517],[52.878267242077683,29.371968819670169],[52.880963433031482,29.37151783612271],[52.883597688083853,29.371094784018482],[52.886209959924493,29.370684706549845],[52.888691495585178,29.370242479196289],[52.89136771375054,29.369797473389081],[52.89407388269187,29.369353504831871],[52.896656222215903,29.368931393521876],[52.899265537035909,29.368497313644404],[52.901916765303604,29.368073281113205],[52.904565008736149,29.367644247637276],[52.907209286907559,29.367196207710702],[52.909591631382952,29.366815446357002],[52.909832893345971,29.366775969668385]]},"properties":{"OBJECTID":46,"gis_id":"DU601","denomi_vol":5,"owner":null,"Shape_Length":45166.359779656152}},{"type":"Feature","id":47,"geometry":{"type":"LineString","coordinates":[[51.556914288382359,29.391249040157703],[51.55677745667937,29.391801528388157],[51.555967954404416,29.393345935769535],[51.555574095242896,29.394097340492266],[51.554493911216547,29.39614422180723],[51.550765273236905,29.397637083185778],[51.547842394727432,29.398799687744155],[51.54410038711837,29.400304921383999],[51.540356363984785,29.40179032061091],[51.536881549468411,29.4031888474466],[51.533316746996888,29.404630284905135],[51.529757328371645,29.406049190221395],[51.525458013344789,29.407741417213625],[51.521984145790405,29.409154240847837],[51.518237313807454,29.410666524940382],[51.514869090275106,29.412012548699963],[51.511140333500435,29.413518540151795],[51.507575228638146,29.414928830257832],[51.504876882928045,29.416012519000041],[51.502271921182782,29.418577907433704],[51.49971000432906,29.421107266972943],[51.496932645210983,29.423849354681888],[51.494317463023904,29.42641142919889],[51.491583640328756,29.429124060016747],[51.488844976019408,29.431806415373053],[51.486031968223372,29.434567831866289],[51.483230854760208,29.437312557505919],[51.480562666843554,29.439921824104509],[51.477798487207387,29.4426557897207],[51.475159182719693,29.445256401400073],[51.472562475656446,29.447799491438754],[51.469879851901993,29.450435292787088],[51.467350695936673,29.452933524177524],[51.464972288344093,29.45525237925839],[51.462034140888058,29.458157355764445],[51.459058006388439,29.461112773446747],[51.456563769421564,29.463571179771005],[51.453958168745018,29.466135516665581],[51.451450004899932,29.468584220372534],[51.448841935402285,29.471180066225294],[51.446162128976972,29.473823399743402],[51.443350063341711,29.476598809144839],[51.441025268235528,29.478900836524112],[51.438203779926333,29.48166036428994],[51.435581420926404,29.484232544193741],[51.433246387857857,29.48652031753204],[51.430526584482912,29.489249400159494],[51.427839846542248,29.491866130604887],[51.425386168146694,29.494243797973684],[51.42482148509152,29.497595590518713],[51.424283842571128,29.500633685681763],[51.423669304068277,29.504197239878071],[51.423164377418331,29.507162032447035],[51.42252346202492,29.510896822530533],[51.42215848703357,29.513128176636815],[51.421702767965407,29.515782646813239],[51.421378786460195,29.517597952682642],[51.420887074161122,29.52041743457092],[51.420232583084477,29.524148051819516],[51.418657060136795,29.526883215260931],[51.417011652810942,29.529672215985808],[51.412475745125136,29.531191855473725],[51.409194000295436,29.532264966251937],[51.405914233844591,29.533367452777423],[51.404160997661883,29.533935457478563],[51.402215790658708,29.536057630522684],[51.400263194673109,29.538223578994202],[51.398116773535008,29.540599935233775],[51.396743727572435,29.542093599594065],[51.394344778493426,29.544760167000142],[51.391729085592004,29.545866836949514],[51.387895533359284,29.547517399197734],[51.387037409786942,29.547882061629057],[51.385311273696665,29.548615564593117],[51.381442597505121,29.55024334764331],[51.378844242316013,29.55133285606107],[51.375681341752447,29.552712735101203],[51.373305385566326,29.553742702059985],[51.372388821810453,29.552166746341374],[51.370482945904556,29.548915532509522],[51.369354673884182,29.546875035595093],[51.366520325014584,29.543820947700791],[51.363721473569676,29.540697563585731],[51.362274737754525,29.537119609541335],[51.360710119193712,29.533112908535472],[51.359721138085696,29.52979858853703],[51.359266126981183,29.525841367879519],[51.358849050356795,29.522433170069],[51.358517114721813,29.519746876269114],[51.357708142303089,29.512711721575808],[51.357399670237683,29.510079459992337],[51.35700312401012,29.506603508892162],[51.356727141049809,29.504397637985317],[51.356479212577987,29.502096947577755],[51.355920724712163,29.4972834322786],[51.355524169890657,29.493858216508944],[51.354957684229895,29.488918424001181],[51.354858731984514,29.488074642264703],[51.354461350769682,29.484685938258032],[51.354070241392684,29.481435665129435],[51.353674956319423,29.47798525483341],[51.353447360524477,29.474721003793285],[51.353239935782511,29.471650667667227],[51.353016772523191,29.46840676543632],[51.35278359916196,29.465182880443539],[51.352549827000644,29.461854022231392],[51.352319518988764,29.458543416211839],[51.352088359649173,29.455125534206541],[51.35185762668074,29.451821002620839],[51.351621528986243,29.448478719527177],[51.351376499438089,29.445162082397331],[51.351136549946105,29.441737660570602],[51.350910770975034,29.438484963009643],[51.35068255914409,29.435060430024965],[51.350439051241999,29.431718099561369],[51.350254938486309,29.428927036846847],[51.350018423303666,29.425774451896825],[51.349793974222081,29.42200530524395],[51.349573299396141,29.419120876175796],[51.349261711490954,29.414650182206902],[51.349112706992507,29.41247240477427],[51.348843305671814,29.408642133164591],[51.345161868773253,29.40623568455235],[51.343114307815384,29.404905695038607],[51.342375040965948,29.404425489759422],[51.340544532940619,29.403704361867494],[51.33099238220624,29.398892645497831],[51.328789620223837,29.396948415074029],[51.326282543608009,29.395327637508579],[51.320249987860194,29.391447743124687],[51.317793519607818,29.389469119841873],[51.313263464401523,29.387004123560633],[51.306998725225242,29.38623567085299],[51.301710893308183,29.382673653581929],[51.297798125386912,29.380038707379363],[51.294471853860578,29.377800413813961],[51.291827773710068,29.376007570974441],[51.288913382481262,29.374054698736604],[51.285861161907192,29.371985699848079],[51.281042442932417,29.368734487822223],[51.277891930263245,29.366642894612347],[51.275413745668338,29.364953786429055],[51.272622631810286,29.363072706671772],[51.271192444705598,29.360659399478134],[51.269440168697422,29.357721455487198],[51.267832096392873,29.355012194364921],[51.266232454362914,29.352315634076518],[51.264399186811197,29.349266061745428],[51.262572437748148,29.346229828865674],[51.260394398862068,29.342566554351198],[51.259031208717147,29.340282257768894],[51.258996927637746,29.340224811353863],[51.258974728076851,29.340187610867321],[51.257617945620623,29.337913930967158],[51.25568569512869,29.334615276678377],[51.254026202939116,29.331848834622864],[51.252233028935372,29.328890885804093],[51.250636276548846,29.326204734870686],[51.250600644460071,29.32614479132403],[51.250583379656589,29.326115747234539],[51.250462110554452,29.325911735331903],[51.248523319719453,29.322660605712109],[51.246925299817889,29.319963187154347],[51.24535617541931,29.317786549177224],[51.243987779768752,29.315904610260439],[51.243616221034891,29.313979750309201],[51.243141801991065,29.311533674375479],[51.239690754787972,29.302842557026036],[51.237834305448288,29.298627705706579],[51.23514759211232,29.296090525486093],[51.231952435065693,29.293076982708897],[51.22725207915078,29.289390177234161],[51.223427779251743,29.289089233960762],[51.217911711959843,29.290734937899888],[51.216310143583769,29.291527903862551],[51.213774214719685,29.292794821740298],[51.210285352662595,29.295899426477202],[51.209577289440503,29.296004208397466],[51.209530710318212,29.296011101165892],[51.209464289871157,29.296020930353308],[51.205719723570908,29.296574987111185],[51.20096493189331,29.297292255221386],[51.20095690959338,29.297330097644263],[51.205726644100203,29.296610576787074],[51.209490988135528,29.296053592522739],[51.209537566250191,29.296046699769793],[51.209603987736308,29.296036870544238],[51.21030534510205,29.295933081921149],[51.213799555842648,29.292823715265708],[51.216330465967701,29.291559303308155],[51.217928620044169,29.290768030450572],[51.223432788565148,29.289125874703615],[51.227234793677304,29.289425065082362],[51.231923559299993,29.293102779084979],[51.235117416157131,29.29611509555285],[51.237798732451267,29.298647181142616],[51.239652081314446,29.302854994996874],[51.243101768544889,29.311542695149765],[51.243575609071563,29.313985786645123],[51.243948555927034,29.315917842913205],[51.245321391974379,29.317805891553775],[51.246889542536799,29.319981177911981],[51.248486784115265,29.3226772842306],[51.250425586522951,29.325928434210706],[51.250528475933905,29.326101528646198],[51.250564105901098,29.326161470411652],[51.250581371741333,29.326190516306653],[51.252196568262555,29.328907693349258],[51.25398977667863,29.331865700351024],[51.255649133699784,29.334631917477605],[51.2575813605851,29.337930536234754],[51.258926134430702,29.340184094972528],[51.258960414422148,29.340241539603277],[51.258982615024287,29.340278741895013],[51.260357870560604,29.342583257737861],[51.262535939543405,29.346246585131762],[51.264362731284834,29.3492828906261],[51.26619594218586,29.352332369702236],[51.26779553178995,29.355028845690789],[51.269403624095844,29.357738143311504],[51.271155893138499,29.360676076962179],[51.272590262926343,29.363096441100165],[51.2753885258659,29.364982338978731],[51.277866828423406,29.366671528605245],[51.281017419922385,29.368763174578707],[51.285835974293427,29.372014275929903],[51.288888246838482,29.374083309568373],[51.291802634285503,29.376036180548784],[51.294446681702055,29.377829000483949],[51.297773007308372,29.380067330646689],[51.301685765370287,29.382702272179873],[51.306982224499471,29.38627010096069],[51.313249114144085,29.387038818333302],[51.317768469523607,29.389497990342441],[51.320223753952781,29.391475662037141],[51.326258099103491,29.39535670845477],[51.328762585802743,29.396975812338049],[51.330967020265916,29.39892151739997],[51.340525751302863,29.403736549096084],[51.342354059373292,29.404456811043673],[51.34310430797597,29.404944149769989],[51.345137255613068,29.406264645616336],[51.348803327103965,29.408661053820932],[51.349071550355006,29.412474593837715],[51.349220553949245,29.414652362297574],[51.34953214874087,29.419123182707917],[51.349752809489857,29.422007451236144],[51.349977256977724,29.425776574504212],[51.350213777428003,29.42892926060302],[51.350397886883798,29.431720289092329],[51.350641395543846,29.435062630466227],[51.3508696016832,29.438487107586312],[51.351095381602818,29.44173986117762],[51.351335336148885,29.445164353469139],[51.351580364396789,29.448480999709901],[51.351816456400257,29.451823217916175],[51.35204718581673,29.455127702657681],[51.352278341701307,29.458545579335119],[51.352508650588653,29.461856226946306],[51.352742427749703,29.465185128545208],[51.352975595608697,29.468408990165489],[51.353198753181601,29.471652818479914],[51.353406176732243,29.474723167314654],[51.353633823286494,29.477988156560972],[51.354029198429906,29.481439355550858],[51.354420310784526,29.484689670313816],[51.354809368273166,29.488007406074335],[51.354916631936682,29.488922067803138],[51.35548311770571,29.493861864104051],[51.355879671156501,29.49728707820065],[51.356438140142316,29.502100463768326],[51.356686084696967,29.50440129500646],[51.356962077438375,29.506607263448185],[51.35735860740504,29.510083091977851],[51.357667082599114,29.512715368093087],[51.358476060817331,29.519750622309871],[51.358808010230206,29.522437029896977],[51.359225070578681,29.525845094313595],[51.35968038678606,29.529804991155533],[51.360670561469703,29.533123313586803],[51.362235741110297,29.537131461164936],[51.363684806184132,29.54071517452212],[51.366488044718068,29.543843456980856],[51.369319591313861,29.546894526314745],[51.370445984268997,29.548931624484169],[51.372352062901932,29.552183188450169],[51.373076859996154,29.553821637249346],[51.375076797952417,29.557035428195988],[51.376732765211898,29.559939191657623],[51.378275160837866,29.562678131865418],[51.379587549951687,29.564934477182945],[51.381284507104176,29.568009601777728],[51.382876413903304,29.57085206518402],[51.384488350870605,29.573668574832258],[51.386331103073722,29.577042429008049],[51.387921578497973,29.579786076298319],[51.389460163334626,29.582475653205456],[51.391061449768905,29.585410336422811],[51.392720386380397,29.588331260555194],[51.394806585158619,29.592006338204445],[51.396745168377073,29.595393000761202],[51.397411067326232,29.596556251192759],[51.400482637967734,29.602073310716879],[51.401541731986136,29.603905213465929],[51.403938353246382,29.608219339858326],[51.406334391615204,29.612491019280984],[51.408164492706312,29.615710353660706],[51.41011610572258,29.619082879819796],[51.411884696671102,29.622224985010984],[51.413449509896779,29.624996236006321],[51.41501176486814,29.627779769585196],[51.416478615011592,29.630353649546709],[51.417393863286499,29.633151669616559],[51.418414612576967,29.636124917511999],[51.419374589216972,29.638894063080805],[51.420322945999651,29.641610469801009],[51.421648343319013,29.64543007186052],[51.42305696546611,29.649540913968139],[51.424077860389538,29.652619196700794],[51.425139128392757,29.655767022842387],[51.426384286689256,29.658097695078826],[51.427733215895884,29.660585184544125],[51.429278337292928,29.663567141879525],[51.43132099924604,29.667353794837947],[51.433134927155891,29.670797192846528],[51.435033750531808,29.674320811423058],[51.43673101543952,29.677473854264608],[51.43830689598763,29.680470653677432],[51.439818034032342,29.683285774630718],[51.441368411995299,29.686180791332763],[51.443088127701976,29.689366239526255],[51.444829241269325,29.692690681090802],[51.444848671847147,29.69272778125082],[51.444967653145262,29.692954952417779],[51.445168708001546,29.693327062692216],[51.446573085410037,29.695926178532329],[51.447834124118316,29.6959311790066],[51.448481814459157,29.695996756507611]]},"properties":{"OBJECTID":47,"gis_id":"KU822","denomi_vol":3,"owner":null,"Shape_Length":119539.95831239737}},{"type":"Feature","id":48,"geometry":{"type":"LineString","coordinates":[[51.170983181656702,28.471950809849201],[51.170734195197277,28.471860621729107],[51.167923579245958,28.472428920158411],[51.164355701011317,28.472769806426623],[51.160590922776841,28.47319001719093],[51.156866386447724,28.47355360845669],[51.153287618175028,28.473904814381847],[51.152108026225029,28.475064975080262],[51.149208411751133,28.477867839181915],[51.146241747400616,28.480670194703126],[51.143309550810955,28.483480381047791],[51.140306149492574,28.486318573918627],[51.137447881188713,28.489085917777849],[51.134600542116651,28.491797278992884],[51.131731732644468,28.494547471125827],[51.12877035472696,28.497360747891832],[51.125829497814763,28.500191650580099],[51.122858082808655,28.503033711253131],[51.116810156830681,28.508797064081946],[51.113817231235402,28.511661126806725],[51.110799816898641,28.514567704966829],[51.107792442141779,28.517413396805502],[51.104875300485411,28.520174079853181],[51.101924849230649,28.522957296333807],[51.099890225036511,28.524914808074339],[51.097895308668711,28.526807860968805],[51.097838236500174,28.53067774451025],[51.097791597325568,28.534650113371764],[51.097719681413579,28.538576939142207],[51.097664465296234,28.542367971080921],[51.097619002773769,28.546301635318905],[51.097538881589209,28.550359802084618],[51.09748393292076,28.554362442206802],[51.097427783058244,28.558274804460449],[51.097380794015507,28.562173386970169],[51.09632696667132,28.565495687276439],[51.095127676880416,28.569304612144482],[51.094187123120257,28.572311519912081],[51.093076474309818,28.575811966539227],[51.091903346210671,28.57961356237465],[51.090727019717882,28.583329950500794],[51.089487177620846,28.587210669062852],[51.088365924815008,28.590790860456476],[51.087256463910308,28.594261864857941],[51.086224845130083,28.597573579762535],[51.084740726033672,28.601075701130235],[51.083195266155457,28.6047415069926],[51.081760075139343,28.608117651823758],[51.080389811316806,28.611372299120454],[51.078760085956425,28.615198998032497],[51.07719341109425,28.618897283004983],[51.075731491927293,28.622332514153243],[51.074313578338526,28.625662698926288],[51.072970916984282,28.628861401573293],[51.071403075175866,28.632654864107163],[51.07019602430352,28.63546252899517],[51.068808184473845,28.638766862261004],[51.067476793091103,28.64185677545057],[51.066005317864381,28.645353374677313],[51.064426269578725,28.649092571223214],[51.062704463590194,28.653088431388856],[51.061168601570458,28.656726708282129],[51.058910439371708,28.660163480125238],[51.056761734817592,28.663453675368064],[51.054524751807762,28.666853566814535],[51.052286469388072,28.67028918467447],[51.050324963390459,28.673221146850267],[51.048040100673688,28.676697518993137],[51.045896658615554,28.679997295489734],[51.043740429299646,28.68326897762903],[51.041658714395396,28.686462320589182],[51.039445705580697,28.689494531255104],[51.037024114244488,28.692808778273847],[51.034753817354499,28.695944993907702],[51.032435483200899,28.699117749240045],[51.030186217300006,28.702186404733446],[51.027857387946547,28.705404099276425],[51.025592980918987,28.708485460138551],[51.023353215579455,28.711552427405934],[51.021110771317801,28.714604954226477],[51.018898542234822,28.71763653330661],[51.01660438200075,28.720772431299281],[51.014389043801295,28.723799063709318],[51.012247264375191,28.726740878336933],[51.010047582331424,28.729745584657312],[51.007176498037637,28.732637922438972],[51.004370322931507,28.73548426461166],[51.001792205479809,28.738067741426928],[50.999059415470398,28.740838383740677],[50.996327088623971,28.743637525331344],[50.994187400061719,28.745796282065786],[50.991499538969059,28.748509592255878],[50.991074818303403,28.75208745795441],[50.990567824000017,28.755983197378637],[50.990133984167031,28.759494981259483],[50.989690785455728,28.763026285060246],[50.989252907480015,28.766586031402664],[50.988778565674124,28.770193498761579],[50.988318447425229,28.773914265126887],[50.988003882239084,28.776436322747468],[50.987989194866024,28.776554077236391],[50.987921685642313,28.777095325955241],[50.984480102302747,28.779519633398714],[50.981269083191258,28.781780846672429],[50.978110937542468,28.784019544891684],[50.974993281179536,28.786219391964568],[50.970930198604798,28.787967828611279],[50.966961813245611,28.789672899274645],[50.962893461426042,28.791436355193838],[50.958912981355368,28.793130831881697],[50.955002055038214,28.794829528462976],[50.950910211291529,28.796597760664824],[50.947230817829421,28.79819055283761],[50.943718925149739,28.798726255348576],[50.939961678200845,28.799283904336189],[50.935894868669806,28.799931934481545],[50.931935389518529,28.800572528955083],[50.928130955520373,28.801157771653699],[50.924579584125759,28.801698738883779],[50.921010740536438,28.802275795762831],[50.917155806249859,28.802846613011525],[50.913181317169979,28.803337303380594],[50.912272311293165,28.803119918447674]]},"properties":{"OBJECTID":48,"gis_id":"AG917","denomi_vol":2,"owner":null,"Shape_Length":48268.780583283784}},{"type":"Feature","id":49,"geometry":{"type":"LineString","coordinates":[[54.215759601759551,29.087229034252811],[54.21867010753887,29.087919556572526],[54.221637113504336,29.088574755542023],[54.22436801436352,29.089181605107058],[54.227137546246205,29.089786539807935],[54.230033185931056,29.090406702953047],[54.231861107306145,29.089915702560933],[54.232915267240237,29.088806077110927],[54.233642229541736,29.088040846515156],[54.235943800162261,29.086213824429965],[54.238293417382749,29.084367455948417],[54.240820979314819,29.082376883326976],[54.243606731309107,29.083035651125392],[54.246603029473192,29.08387273216589],[54.249233886742196,29.084599230938366],[54.252035743925866,29.085376470986031],[54.255666121410549,29.085289013431559],[54.258871886468725,29.085194811621061],[54.262178454855743,29.084307647906339],[54.26481196705631,29.083576789905255],[54.265899986485131,29.084331459084758],[54.268656240505408,29.086353014597847],[54.270209660828179,29.08760741368301],[54.272171923260011,29.089686137713972],[54.273271517445529,29.091183936259466],[54.275745050520634,29.091637093845435],[54.277509229002632,29.091984027536714],[54.280736039667481,29.092437971680759],[54.283936518608947,29.092880117854566],[54.287036593520369,29.093305131858187],[54.289854571361417,29.093693540573007],[54.292720520430919,29.094088517649183],[54.295475855150471,29.09447035283166],[54.298196412325161,29.094847418308163],[54.300939881284471,29.095219002191591],[54.304072622216545,29.095649053823362],[54.306999731712686,29.096044607140112],[54.309870717729034,29.096438063537143],[54.313099035495142,29.096893388977907],[54.315683077210089,29.097252337791708],[54.315832048202793,29.09745026595396],[54.318893885848816,29.09713968697875],[54.321953018586534,29.097001446477922],[54.32491283066291,29.09689322768228],[54.328388511838988,29.096746541968031],[54.330157914712807,29.096653966723846],[54.332112959323425,29.096593226934036],[54.334195280254939,29.096354849097391],[54.336920695060364,29.09604655238504],[54.340145390909569,29.095663159137544],[54.343427725765011,29.095330054169047],[54.346425307181093,29.094982410880007],[54.349410912028297,29.095081086346969],[54.351891944078822,29.09514582756719],[54.354254069137639,29.095193036188284],[54.35694438356407,29.093745334220074],[54.359789933215254,29.092184403868512],[54.360910441348111,29.09062725185856],[54.361924097589416,29.089247921546772],[54.363037885527618,29.087684183643891],[54.364351677408266,29.085877836485714],[54.365568278688635,29.084221106115258],[54.366546812257056,29.082848284605795],[54.368700767878018,29.080899421569669],[54.370705774132702,29.079053838356987],[54.372426697782743,29.077499063119944],[54.373678718402019,29.076302309919232],[54.375682834706367,29.074475535647284],[54.377135098633424,29.073164386453801],[54.37977016524988,29.071255839414171],[54.381386320234867,29.070099472940917],[54.383012218004318,29.068937120464998],[54.385274649739621,29.06733673255836],[54.38783996253072,29.065474461430398],[54.390391529064473,29.063650330863819],[54.392311248780523,29.06226610284407],[54.394604775088233,29.060656217225706],[54.396517692226709,29.059406793471574],[54.399086763744847,29.057754492149282],[54.401107461977233,29.056491268069355],[54.4027434000364,29.055012216981698],[54.404903516819211,29.053121480619019],[54.405763568137324,29.052377308151172],[54.406899632278169,29.04958014398694],[54.407782619380612,29.047501789312204],[54.409467501978064,29.046726787855988],[54.411715615447733,29.046082095575727],[54.41394453679009,29.045379839427145],[54.41659723493634,29.044596291097907],[54.418909423143319,29.043900592554671],[54.421417699724245,29.043125437919873],[54.423907307633279,29.042361223582812],[54.425209922042775,29.041979819422924],[54.427354150245606,29.040425315491103],[54.429924108982561,29.038560880871042],[54.432202753913025,29.036908826973477],[54.434397575020405,29.03530427514649],[54.436504792172549,29.033782527636514],[54.439047452244942,29.031909137492704],[54.440902282636664,29.030579847941667],[54.442865956984697,29.029119124020205],[54.445019085835618,29.027553420818126],[54.447332930970497,29.025866694427663],[54.449379122565148,29.024372684171126],[54.451600449491515,29.022754145744631],[54.454028502630315,29.020986041644594],[54.456386075767881,29.019262122739153],[54.458786047396877,29.017512307290314],[54.459761197021692,29.016802903137204],[54.459803551694876,29.016772089810107],[54.461066203420742,29.015853508991192],[54.463261826292403,29.014242179006636],[54.465703179704086,29.012467548554628],[54.46820551460528,29.010617010276391],[54.470646380813655,29.00883531051851],[54.473017811911447,29.007103756632091],[54.4754307959318,29.005360679946161],[54.477692444555494,29.003712378599342],[54.4800627363432,29.001992235313018],[54.482365240884192,29.000313821315913],[54.484732198539476,28.998606544980959],[54.486889898379502,28.997009645587564],[54.488953127425717,28.995518045251924],[54.491200646813382,28.993878897932959],[54.4932665932402,28.992364662543221],[54.495519371782606,28.990720445972492],[54.497740014639128,28.989103116792823],[54.499896179825441,28.987525226961527],[54.502194388238067,28.985849347429369],[54.504354790588231,28.984284956065668],[54.506452951513033,28.982751418428702],[54.50889421359085,28.981294551404293],[54.511556655955694,28.97973322688528],[54.514171432943648,28.978192976025415],[54.516672994614034,28.976709477044704],[54.519250835093132,28.975179168004008],[54.521783804275046,28.973689987087116],[54.524335410921843,28.972171504088255],[54.526928494340652,28.970628465522719],[54.529268019216168,28.969247363007295],[54.531829590937313,28.967728655364699],[54.534580658862438,28.966087500625338],[54.537174249448256,28.964553304000273],[54.539772712578149,28.962981563795037],[54.542294591099079,28.961459964305668],[54.544572946300484,28.960096782983797],[54.547202770668036,28.958514396304945],[54.549739514528902,28.956980244480299],[54.551954436023351,28.955649488526895],[54.553296193973438,28.953359705683081],[54.554711810884932,28.951107463158454],[54.555805254494523,28.948392939621762],[54.556676744675904,28.946260441973816],[54.557675585039419,28.943783520816709],[54.558659551477419,28.941363236453689],[54.559655077197704,28.938963208169291],[54.5606211956542,28.936510282398636],[54.562248295754088,28.934506639835721],[54.563862171362111,28.932517310957159],[54.565500941793431,28.930505328518393],[54.566834529802399,28.928810463600719],[54.568083196870141,28.927282817832573],[54.569448386990935,28.925568837697654],[54.570811598831476,28.92386237886619],[54.572213044926414,28.922146680605721],[54.573639883082365,28.920394854550139],[54.575225293667771,28.918438443142072],[54.576983064185498,28.916264170434285],[54.578809834041721,28.913977424746655],[54.5802947163358,28.912331966372527],[54.582546308449963,28.909867895225361],[54.583891618964358,28.908397476065673],[54.585250236466607,28.906887051987976],[54.587027876289483,28.904914130420178],[54.588811512826709,28.902916999787703],[54.590604564317921,28.900928942753769],[54.591973430214118,28.899415019399271],[54.593878362542867,28.897262579509864],[54.594757643586433,28.895932359787583],[54.596130206981719,28.893899239594987],[54.597490914394328,28.891847456134258],[54.598884633071954,28.889734256163816],[54.600017595194053,28.888001637569136],[54.601402489924723,28.885907266764637],[54.603045642428071,28.883400136539901],[54.604451572761647,28.881273509839442],[54.606081254438394,28.87878006993872],[54.607871684112801,28.876048817846769],[54.609462563777448,28.874919167742174],[54.611848977495697,28.873195215893638],[54.614064107373061,28.871594149653696],[54.616289736417578,28.869984594392985],[54.618552113339781,28.86834632170526],[54.620538269124019,28.86690955124498],[54.622524423303972,28.865483523841082],[54.624435655349416,28.864111378399453],[54.626080083930006,28.862929876498267],[54.627938628287012,28.861577661180679],[54.630100700362483,28.860021090387864],[54.63209609197655,28.858582834464411],[54.634205244237904,28.85708189631578],[54.636521806151784,28.855407284175982],[54.638910412905211,28.853646166621875],[54.641487975111701,28.851785627338803],[54.643192536739726,28.850562508771649],[54.645446455673628,28.848936948271135],[54.647693286991768,28.847309452356349],[54.650046118710009,28.845624274617435],[54.652383742226178,28.843923329614871],[54.654621842748114,28.842314802103502],[54.656485869758313,28.840960356248839],[54.658750170838239,28.839334385075155],[54.66112526601303,28.837621229165872],[54.663669317686541,28.835786994644653],[54.665658362179599,28.834339890083839],[54.667652794860878,28.832889123331242],[54.669891246526085,28.831273963221065],[54.671913182872323,28.829842928132216],[54.673918687800885,28.828390932817456],[54.676267850147553,28.826652002734239],[54.678192421856245,28.82525593839777],[54.680151612859824,28.823903319615631],[54.682070736951914,28.82249992878614],[54.683867041751945,28.821189368872737],[54.685891632711922,28.819527146438837],[54.688013290388817,28.817753858175486],[54.690104569715935,28.816006150458158],[54.6922487321226,28.814222078702485],[54.69427969720391,28.812559078720714],[54.696313815025071,28.810880632604388],[54.698568256722147,28.809136754598445],[54.700815171831273,28.807178202047638],[54.703090046942634,28.805268338074534],[54.705186681905964,28.803561703211212],[54.707354718876736,28.801772036455077],[54.709430970055443,28.800074797531188],[54.711560357182243,28.798318262497805],[54.713683624530113,28.796547841189362],[54.715579402416914,28.794992177805259],[54.717652995893204,28.793271890332441],[54.719767218007817,28.791523983287671],[54.721888681285151,28.789780330080838],[54.724049770778535,28.788008352209022],[54.726298086512351,28.7861317597667],[54.728426202765533,28.784375949533139],[54.730708485978816,28.782519611460604],[54.732990320782349,28.780609792863753],[54.735120046333279,28.778862383588834],[54.73722014503057,28.777113875898188],[54.73934712890081,28.775356224001396],[54.741615078888003,28.773478481474882],[54.743492106703371,28.77194429862093],[54.745402529727272,28.770370790648851],[54.747252160414561,28.768833442105549],[54.749547652492637,28.767484426422932],[54.752055673630188,28.766027972262489],[54.754719472607491,28.764454141993326],[54.756658797211784,28.763308734287179],[54.758486057054618,28.762276593879648],[54.761098220706423,28.760756391293143],[54.763914061924297,28.759107041288793],[54.765990832634614,28.757895865521085],[54.768151093911172,28.756628265592166],[54.770652563509955,28.755160102977985],[54.773006392920095,28.753790501431116],[54.775150894841772,28.75253414361325],[54.777276128047184,28.75129302928223],[54.779577360963685,28.749945435833027],[54.784549554458657,28.7476440092058],[54.78693003923339,28.746523937993992],[54.789330419833632,28.745399928080786],[54.791710586492307,28.744281933225608],[54.793451770042857,28.742437834773639],[54.795439166313983,28.740323579455065],[54.797399640292113,28.738211266769749],[54.799392341077755,28.73614065086683],[54.801371021071866,28.73402187230662],[54.803365332773836,28.731909201504873],[54.805088364970523,28.730058775501202],[54.806799872151764,28.728250565705086],[54.808368179460864,28.726563423310434],[54.810276705281588,28.724533452657248],[54.812097779802919,28.722583093634917],[54.81367875581109,28.72089528781736],[54.815370509447391,28.71909432990774],[54.817376841597152,28.716959420634648],[54.819177237059698,28.715035747222213],[54.820350110809933,28.712589995624278],[54.821300984229943,28.710656777770353],[54.822307289142174,28.708524196254135],[54.82333992844211,28.706433027821131],[54.824476878927648,28.704095775503589],[54.825621829820427,28.701764487174351],[54.826757174292325,28.699395018564918],[54.828841975463419,28.697524292543076],[54.831264225830829,28.695373622167672],[54.833417282173997,28.693431362273408],[54.836178948330108,28.693666352413302],[54.836250440923237,28.693663917172987],[54.836292516545022,28.693680099001686]]},"properties":{"OBJECTID":49,"gis_id":"GY615","denomi_vol":5,"owner":null,"Shape_Length":80413.120194828996}},{"type":"Feature","id":50,"geometry":{"type":"LineString","coordinates":[[54.215777891458309,29.08715355952889],[54.218701875424635,29.087811678025819],[54.22166813405989,29.088466714050231],[54.22439887904013,29.089073527201048],[54.227167878797935,29.089678346168395],[54.230029397132348,29.090291200312127],[54.231787899827872,29.089818846303793],[54.23277990913833,29.088774640797219],[54.233550547785875,29.087963434721498],[54.235858982973483,29.086130967420292],[54.238208788421467,29.084284449793479],[54.240787524043633,29.082253576576651],[54.243642459677851,29.082928705725351],[54.246641273702998,29.08376648812548],[54.249272008248489,29.084492953186729],[54.252053596231384,29.085264571869892],[54.255662262076832,29.085177635994029],[54.258850875945882,29.085083938035599],[54.262140818707792,29.084201234169992],[54.264837834353138,29.083452752871072],[54.265979961053624,29.084244949795544],[54.268736899262386,29.086267006470191],[54.270308431813312,29.087509562501278],[54.272275921944285,29.089622185706091],[54.273349374684621,29.091084372981548],[54.275771860985031,29.091528177206634],[54.277533142777486,29.091874543011567],[54.280755927775168,29.092327917983422],[54.283956157864495,29.092770030286363],[54.287056157242006,29.093195033242882],[54.289874239335632,29.093583457186345],[54.292740185280032,29.093978432281407],[54.295495626372649,29.094360282639474],[54.29821596820284,29.094737318904841],[54.300959345476578,29.09510888857379],[54.304092064529122,29.095538938668934],[54.307019158463035,29.095934488508568],[54.309890555962063,29.096328001225093],[54.313123812749929,29.09678402307787],[54.315685467680318,29.09719068483863],[54.317928234224652,29.095514533796251],[54.320090921785095,29.093921610440692],[54.322340869435841,29.092267746673993],[54.324504703070652,29.090719368450252],[54.324532952536885,29.090745661500129],[54.322367007215519,29.092295549813024],[54.320117284176504,29.093949249747872],[54.317954726950859,29.095542078326904],[54.315726030465392,29.097207713035115],[54.315883029782441,29.097388162138106],[54.318882807627681,29.097028607690866],[54.321947120769359,29.096890132785731],[54.324907147064003,29.096781905373778],[54.328381692504948,29.096635266259604],[54.330151899222876,29.096542651393857],[54.332102494286048,29.096482049508243],[54.33417897809742,29.096244338421755],[54.336904083206413,29.095936076963852],[54.340129598061267,29.095552586335209],[54.343412138284585,29.095219460588677],[54.346419345797315,29.094870699107425],[54.349415180214123,29.094969712557802],[54.351895272460759,29.095034430465486],[54.354219626814782,29.09508088391016],[54.356877639224436,29.093650564539221],[54.359698162030917,29.092103363922149],[54.360803522140024,29.090567264495977],[54.361817020065594,29.089188149924432],[54.36293065207699,29.087624633186241],[54.364244918962413,29.08581763664122],[54.365461208867394,29.084161333412624],[54.366446425104456,29.08277913602728],[54.368609369904753,29.080822140245022],[54.370614410457897,29.078976526861606],[54.372334504872697,29.07742250406989],[54.373586336641488,29.076225931410196],[54.375591709417989,29.074398014099199],[54.377049038819429,29.07308229263294],[54.379689766584235,29.071169644092592],[54.381306216195796,29.070013067381524],[54.38293241261951,29.068850502762203],[54.385194474766635,29.067250376250009],[54.387759536582685,29.065388289770617],[54.390311267140113,29.063564041194876],[54.392231427696174,29.062179494797366],[54.394527333353778,29.060567941627355],[54.3964423981989,29.059317113799096],[54.399012540416237,29.057664124950545],[54.401024543293438,29.056406338237853],[54.402653163915019,29.054933903249967],[54.40481426650274,29.053042302881224],[54.405653883938861,29.052315811814299],[54.406780497310017,29.049541926180854],[54.407680788539842,29.047422844547114],[54.409418081017833,29.046623736095448],[54.411674532695478,29.045976652267775],[54.413902928121502,29.045274561788581],[54.416556491997106,29.044490759715924],[54.418867845083454,29.04379531231605],[54.421375751831029,29.043020270813201],[54.423866351110945,29.04225575073362],[54.425147435286306,29.041880651627157],[54.42727344874455,29.040339351966647],[54.429843377092446,29.038474941341541],[54.432121855349905,29.036823008527623],[54.434316772326333,29.035218387063757],[54.436423804801244,29.033696773623785],[54.43896664888883,29.031823250477952],[54.440821248441715,29.030494124886662],[54.442784578183947,29.029033659890231],[54.444938197631181,29.027467600964819],[54.447251984331416,29.025780917173169],[54.449298149614215,29.02428692688553],[54.451519528299649,29.022668350621807],[54.453947512984641,29.02090029666558],[54.456305057788022,29.019176399777752],[54.458705155317517,29.017426494192712],[54.459767543045686,29.016653624258996],[54.459809898685407,29.016622810908224],[54.46098515475915,29.015767809538669],[54.463180799371493,29.014156464113253],[54.46562197014822,29.012381966119527],[54.468124208722266,29.010531502205406],[54.470565388975928,29.008749572209933],[54.472937066164782,29.007017842090459],[54.475350097904787,29.005274731385523],[54.477611635978569,29.003626508229416],[54.479981925466006,29.00190636826169],[54.482284577874118,29.000227847244993],[54.484651170657983,28.998520834309282],[54.486808820282853,28.996923975418106],[54.48887240551074,28.995432118228305],[54.491119596197386,28.993793209866446],[54.493185526343204,28.992278986991842],[54.495438458769364,28.990634659598211],[54.497659041261016,28.989017374833924],[54.499815178161008,28.987439506902987],[54.502113640466355,28.985763441824346],[54.504273988478644,28.98419909107567],[54.506376670689058,28.982662248291874],[54.508823460725161,28.981202084165783],[54.511486221807154,28.979640572448545],[54.51410073034058,28.978100479733524],[54.516602126172295,28.976617078449166],[54.519180156695157,28.975086657654202],[54.521713066606445,28.973597512151887],[54.524264376803167,28.972079206054499],[54.52685766230038,28.970536048206725],[54.529197276732503,28.969154892336185],[54.53175859623979,28.96763633520623],[54.534509721414544,28.965995146222319],[54.537102975402426,28.964461151052706],[54.53970095940597,28.962889700828821],[54.542223104241152,28.961367940640475],[54.54450152898243,28.9600047190814],[54.547131093188327,28.958422488610427],[54.549667874288453,28.95688831377608],[54.551767394950531,28.95562689489363],[54.551673434790018,28.955494600040762],[54.551514093979549,28.955259511867663]]},"properties":{"OBJECTID":50,"gis_id":"GY616","denomi_vol":5,"owner":null,"Shape_Length":41686.465637305235}},{"type":"Feature","id":51,"geometry":{"type":"LineString","coordinates":[[51.556631598819671,29.39113940742498],[51.554861095974594,29.392854551256978],[51.554304734585159,29.392543771365169],[51.552823701945648,29.391730186115183],[51.551537796920179,29.391038376465449],[51.550185966852531,29.390327496054478],[51.548843153292928,29.389599332703888],[51.547515752785124,29.388880335915587],[51.545855483968985,29.388542687323472],[51.544480718427366,29.387484654873973],[51.543256857056321,29.386540362594836],[51.541935877306805,29.385534197463418],[51.540756905254256,29.384663543586871],[51.539322781538495,29.383545857076246],[51.538102800250364,29.382605921864485],[51.536929450285157,29.381698626650117],[51.535685048007636,29.38076132025132],[51.53476875244791,29.380063980100793],[51.53348656295104,29.37906305698306],[51.532278740300015,29.378131317895942],[51.531088627284419,29.377186914001232],[51.529647220873798,29.37612990558549],[51.52852119273166,29.375273072727381],[51.527291888101772,29.374308856079463],[51.526167205098794,29.37342914818327],[51.524802138982274,29.372410344246394],[51.523453812668755,29.371356271616154],[51.522391733680614,29.370543025285894],[51.521299185102606,29.369686664606974],[51.520222064092103,29.368864423187894],[51.519138485938001,29.368052379372305],[51.518158955111851,29.367272138753595],[51.517997310356094,29.367143379532326],[51.514372031855807,29.36776953086768],[51.512376172222787,29.368082642381321],[51.510171519830003,29.370319459787563],[51.50726082881507,29.373174447878363],[51.505000325191091,29.375430838239303],[51.502729607806849,29.377708280307857],[51.500544069616659,29.379903943404166],[51.498365118537372,29.382084158006478],[51.496226989558636,29.384157621000043],[51.494662910641338,29.38569782533537],[51.492939198975165,29.387411276785386],[51.490859140318307,29.389486098834382],[51.488464827818838,29.39186214586212],[51.486454941961256,29.393874405653776],[51.484930535243826,29.395380833102323],[51.482441953947593,29.398492729992171],[51.48019707483504,29.401294221596824],[51.47845886104863,29.403508113290894],[51.476176706753101,29.40505373454987],[51.474120989481683,29.406451377206267],[51.471622606194806,29.408137517369358],[51.46913797536002,29.409844982124813],[51.466661530092594,29.411556894636533],[51.463389407276537,29.413864979348347],[51.462450555771284,29.416278333578315],[51.461382022806823,29.419089369910711],[51.460717139012566,29.420896119672804],[51.459765832275956,29.423447756028882],[51.457896346812078,29.425838836278675],[51.45610529952706,29.428349531793646],[51.452440777052168,29.429505893854738],[51.449345386513066,29.430539970862977],[51.446409678554197,29.431500752731729],[51.443618628393111,29.43245854439045],[51.440258166673793,29.433593604737769],[51.43718135010176,29.435383931376993],[51.434002839476818,29.437229817224758],[51.431403202158464,29.438731102093261],[51.428961846061163,29.440150380159949],[51.428658211099467,29.442015843770498],[51.428214012310136,29.445112581427168],[51.427815091561932,29.447956528438809],[51.42737498761975,29.450851627731527],[51.426963255445237,29.453538878216332],[51.426580816144131,29.45621074842262],[51.426113802403904,29.459213358386425],[51.425732281899059,29.461757864623308],[51.425371221716013,29.464705844251178],[51.425742656985733,29.467813166351281],[51.426176345026285,29.470661776678632],[51.426533053461903,29.472874330006231],[51.426933749867445,29.475543459600871],[51.427311186659509,29.478228486246859],[51.427209324648068,29.481180776284056],[51.427100377876997,29.484038453245393],[51.426982363473428,29.487183894344422],[51.425726849186056,29.489609368220382],[51.424759996183603,29.491417467208471],[51.423524947332879,29.493864500111634],[51.423213681720242,29.495961631323926],[51.422838428786577,29.498627880581186],[51.42245072868625,29.501498804862674],[51.42218239752826,29.503523691368986],[51.421920927147809,29.505315051597307],[51.421548624971287,29.507970863237784],[51.421183630549308,29.510544314201002],[51.420824204650266,29.513243701558782],[51.420444884075152,29.516070635493321],[51.420017855260582,29.518992017214138],[51.419805337600877,29.520568565584366],[51.419509970352067,29.522753561621961],[51.418009217088354,29.525831027319938],[51.417161627749834,29.527631919673269],[51.414337938439409,29.529240500980109],[51.41182102118642,29.530646068306272],[51.408746336314998,29.531624713715278],[51.40510065248742,29.52984922310468],[51.402621701737175,29.528543992636617],[51.400186221458711,29.527323862977688],[51.398544866316165,29.526294162508563],[51.395930231922968,29.524676949264617],[51.394845974320262,29.523983373031953],[51.393410768080884,29.523074183463166],[51.392058821597885,29.521290310660838],[51.390538351344155,29.519308453434501],[51.390153542785825,29.516669806808672],[51.389841797530735,29.514084841999143],[51.389490977028089,29.511253822896613],[51.389111914437187,29.508268949011111],[51.388741758949124,29.505681237408897],[51.388467235728413,29.503339288856061],[51.387530818865962,29.499540824272504],[51.385964061467874,29.498096178349019],[51.384922767161207,29.496181086321862],[51.382475206504409,29.491792884566056],[51.381158587728592,29.489377869534287],[51.379732428844122,29.48678845556616],[51.377150635040522,29.484882236379882],[51.376029103982404,29.483232202830649],[51.375191264711368,29.480707489158629],[51.374268728348355,29.477854220178305],[51.373378593950775,29.475008697089958],[51.372021811288533,29.47256260369695],[51.370736568350992,29.470133821121941],[51.369402362331684,29.467675955113648],[51.368078501073917,29.465220229943949],[51.366746945219212,29.462755504327408],[51.365342788354582,29.46015335535845],[51.363974575805614,29.457644427459648],[51.36264358088679,29.455142608408217],[51.361268179744279,29.452587749061156],[51.359877327550961,29.450026098200631],[51.358468313040085,29.447419294387807],[51.35706549228437,29.444798441365499],[51.355683975218042,29.442183071182615],[51.354162377270178,29.439400129762326],[51.353637807284578,29.436865872749049],[51.353128047668982,29.434358669027745],[51.352568300045789,29.431695079703267],[51.352019302695027,29.429154148328415],[51.351562236643034,29.426970252087912],[51.351039585302047,29.424482261522147],[51.350699849607103,29.422677925756425],[51.350490955501947,29.41970347262237],[51.350395239810823,29.417604871854493],[51.350257578025349,29.414796947989338],[51.350122833655284,29.412409493237021],[51.349980027399859,29.409706146886194],[51.349861845231025,29.407107684770057],[51.348187391114713,29.405498145624641],[51.344687189625063,29.402055190516791],[51.342398968408467,29.400802699551576],[51.33994309799531,29.399514547404166],[51.333165518255989,29.395757187369103],[51.330676372367677,29.395193300714922],[51.326158356490865,29.392028188109276],[51.321650387711848,29.389561101340973],[51.320117609915464,29.388357452449331],[51.315929504149445,29.38511602353686],[51.314022042083522,29.383658824466536],[51.309082609859587,29.379643662723744],[51.305527365304229,29.377068992329129],[51.302224546411658,29.374518069841191],[51.299378975932363,29.372371453765044],[51.297000242171499,29.370496831252687],[51.294692465424781,29.368718202314483],[51.292638460979688,29.367153904493907],[51.290051830570675,29.365097062407838],[51.28729830743768,29.362956461325101],[51.284844293987994,29.361074079797472],[51.28272972848842,29.359431952682115],[51.28093352435419,29.35800306366497],[51.279380336353448,29.356812938812215],[51.277679749971583,29.355479332630225],[51.275433731104329,29.353740462972777],[51.273159271133451,29.351980551171977],[51.271065264903484,29.350374061153438],[51.26921434937875,29.3489437592606],[51.26729852652366,29.347440177982076],[51.265103607093721,29.345728845746866],[51.262847631562458,29.343970470514801],[51.261150928346829,29.342666158412936],[51.259633370782403,29.340298655682588],[51.259033751746884,29.340255273020215],[51.258985158066785,29.340251757147257],[51.258976974639729,29.340251165614511],[51.258364308822422,29.340206837729696],[51.256184192955786,29.33838509625674],[51.254028959337475,29.336580459093202],[51.252078395167402,29.334909989564199],[51.250394743332052,29.333443433626833],[51.2485064998966,29.331826998908763],[51.246361344702485,29.330011938054668],[51.244297459008308,29.328239938821973],[51.242199180520991,29.326443414589001],[51.240151779116481,29.324672989547633],[51.237709563748879,29.322594390783454],[51.235632525359613,29.320809178251192],[51.232540748671987,29.318187492122807],[51.228608539636255,29.316224178773183],[51.226287263704158,29.315049063369624],[51.225151078042373,29.314176917740582],[51.223280071710676,29.312732123037865],[51.222195320509087,29.311811698397818],[51.220432081599114,29.309390896258595],[51.218591148737239,29.307134624686416],[51.216155715363534,29.304223986573462],[51.212228272241731,29.299402571057623],[51.210621480759826,29.297390094324697],[51.209699392851761,29.296262058704052],[51.20968583979387,29.29624547840557],[51.209647472173941,29.296198540847357],[51.20951739825751,29.296039413498317],[51.209516094568876,29.296037818925427],[51.209489398367353,29.296005160367976],[51.205858770049829,29.291563290215159],[51.200850571976574,29.285463203447769],[51.198781710840855,29.282986261188974],[51.197312558223523,29.281217887353716],[51.195716812676338,29.279285837522789],[51.193867984990234,29.27701064562774],[51.191216360116456,29.276179240850936],[51.189464065681101,29.275613896494121],[51.187111056383401,29.274869101905661],[51.184604289999541,29.273994907025141],[51.182357612582116,29.273237881915403],[51.17978602066831,29.272406247461035],[51.176812711871342,29.271459094991023],[51.174906063108281,29.270817348798605],[51.17205514549152,29.269909658587828],[51.17047432517473,29.267465978869208],[51.170652361866779,29.264990093067844],[51.169884771612907,29.263808032383128],[51.169836542726863,29.263733760694169],[51.16983628991256,29.26373337833023],[51.16981955283434,29.263707596327784],[51.169814803837006,29.26370028170275],[51.169814728506232,29.26370016627089],[51.16981450045229,29.263699818172679],[51.16892595801955,29.262331446441493],[51.167480978618045,29.260137047295778],[51.16596359753531,29.257914800843803],[51.164445110739642,29.256536628364088],[51.164278436107494,29.256385352054846],[51.164208652125197,29.256322014867258],[51.16413763856238,29.256257561782181],[51.164041978187583,29.256170737353088],[51.163011266680165,29.255235229617664],[51.161053392959488,29.252185082189904],[51.159551597560295,29.249846215670019],[51.157568846680505,29.246772810150567],[51.155865569925837,29.244118231375651],[51.154408791710651,29.241874373159455],[51.152953825423488,29.239589537782049],[51.151460445378881,29.237285651659416],[51.149465818302254,29.234138000371242],[51.147705200455491,29.231435364662623],[51.145944082260051,29.228674401144264],[51.144977776303918,29.225487877412395],[51.143573132282853,29.223330886000383],[51.142002014523911,29.220912388476691],[51.140686988675476,29.218866965098368],[51.139339525804999,29.216793070521458],[51.138266178056242,29.216391792817241],[51.135555685518604,29.215351063974715],[51.1355215789319,29.215337967984031],[51.135471965155084,29.215318917207671],[51.135456454871644,29.215312962432094],[51.135455338018701,29.215312529428168],[51.135053972467226,29.215158418440311],[51.132327283561217,29.214123592637851],[51.129577044028416,29.213084455632647],[51.126717106061093,29.211986469626474],[51.124255812586107,29.211055666612928],[51.121429451389979,29.209983687746984],[51.118559619362394,29.208871250576824],[51.116639521059483,29.206281477539665],[51.115083707602778,29.204205331545825],[51.113228936355952,29.201720350506793],[51.111636222857946,29.199601137816249],[51.110094336063867,29.197533964407722],[51.10845255791768,29.195336951105105],[51.106783883456039,29.193097913712176],[51.105126658630262,29.190882889224493],[51.103340867506645,29.188489455692121],[51.101630381559652,29.186189672209675],[51.099819639961567,29.183797472292152],[51.09799971558278,29.181344477138754],[51.09631783678627,29.179092940155808],[51.094604309956658,29.176793103274022],[51.092935873263905,29.17455881667885],[51.091226065415619,29.172264214056998],[51.089536719128368,29.169987158061595],[51.087586312354532,29.167372135866579],[51.085790027386466,29.164995469047593],[51.084413807457878,29.163151478832962],[51.082445844049104,29.160535330188573],[51.080929169481479,29.158475719734529],[51.07924427736409,29.156243956146113],[51.077566342837137,29.153989870172978],[51.075963435595014,29.151840930400038],[51.074503738151243,29.14989134785953],[51.072818470551802,29.147617537864349],[51.070318584859159,29.146315337369483],[51.067362451975804,29.144781042725757],[51.064733865800648,29.143437268974328],[51.062436250380365,29.142222813919439],[51.060179250136997,29.141032763528603],[51.057935377288722,29.139876200859717],[51.055030787641925,29.138361416230694],[51.052243481771967,29.136917254020073],[51.049560761907649,29.135509186428362],[51.046936965795112,29.13413363989277],[51.046137155889042,29.13136023133303],[51.045374489280185,29.12869411372651],[51.044635922436754,29.126123824004946],[51.043900007198232,29.123606218252508],[51.043146312168176,29.120950105017481],[51.042392304385686,29.118356570616388],[51.041624906904403,29.115735243724366],[51.041369266561532,29.113048661214069],[51.041102323076025,29.110334791030603],[51.040848625135531,29.107613237808664],[51.040568458628194,29.10490117624218],[51.04029577022127,29.102186763118343],[51.040033559057704,29.09948040707966],[51.039743409799065,29.096568715386372],[51.03949123730348,29.093745805041877],[51.041192654864524,29.091624177901572],[51.041210382474937,29.09160206906709],[51.041223657639321,29.091585521518539],[51.041225657386782,29.09158302796585],[51.04125665705341,29.09154436977078],[51.041516176417083,29.091220740260887],[51.042034286703128,29.090571515958452],[51.04204531228725,29.090557698446776],[51.042056221811158,29.090544029896982],[51.042074720339862,29.09052085475097],[51.042096656452912,29.090493365974666],[51.043202891942954,29.089107147003574],[51.045019872203333,29.086845624091609],[51.046243287251286,29.084623870037479],[51.047191530644753,29.082915760663095],[51.047263669409929,29.080743388357053],[51.047336776746157,29.078686899810069],[51.047424453463549,29.076048932174878],[51.046236395873144,29.074689126625522],[51.0453811071662,29.074979506455417]]},"properties":{"OBJECTID":51,"gis_id":"NU805","denomi_vol":3,"owner":null,"Shape_Length":93877.366596529304}},{"type":"Feature","id":52,"geometry":{"type":"LineString","coordinates":[[53.464175837610505,28.406341667440511],[53.464046265568555,28.406582293436081],[53.463691773000519,28.407249532337605],[53.463888279658015,28.407793267211073],[53.464643524310645,28.408006890391622],[53.466606897334046,28.406772874387908],[53.468030613719712,28.405878433826629],[53.46806425761978,28.405857296682054],[53.468650063881157,28.405489258943337],[53.470214353299717,28.403386969126018],[53.47196305845074,28.401051687417301],[53.473736795489735,28.39867741385061],[53.475569524802225,28.396248188914914],[53.47736791578744,28.393866653042391],[53.47741817297689,28.393800097728306],[53.479209489994808,28.391379044400278],[53.482515314091849,28.39003919328205],[53.486146590424767,28.388575037303003],[53.488836996735053,28.38681118620833],[53.491361441609108,28.38514789882673],[53.494065818159569,28.383357786056489],[53.49668527571194,28.381625556836195],[53.499292631475356,28.379905384675887],[53.50174326186594,28.3782529652863],[53.504369756093354,28.376534700232103],[53.506953151265094,28.37482549753382],[53.509451773789664,28.373163090435167],[53.511824379041677,28.371625578701952],[53.514327798462915,28.369982290549906],[53.517068192323336,28.368174188510206],[53.519676200581756,28.366471927661905],[53.522585261475406,28.365166326400754],[53.525631632278468,28.363795578726517],[53.529321314819008,28.362188553083776],[53.531850979179907,28.361076306942351],[53.534117736706328,28.360085842369784],[53.535726285373812,28.359351594962497],[53.538750618954658,28.358024833217485],[53.541141429489663,28.356963438936919],[53.543354001992412,28.355990660386365],[53.545255101651556,28.352930030079374],[53.547058554030379,28.350049720107638],[53.548736648582889,28.347379502721324],[53.551154541297237,28.34539277352351],[53.55336075541495,28.343613050936444],[53.555442958463971,28.341917264659937],[53.557660156642768,28.340111583399477],[53.560060269339616,28.338157110228323],[53.562424428813742,28.336224580039591],[53.564799568663162,28.334292063739262],[53.56717973599298,28.332347536675286],[53.569690762092087,28.330315207678535],[53.5722569554137,28.328192829583188],[53.574656114462449,28.326284272818757],[53.57938712060664,28.322455431128017],[53.581617335663402,28.320570828195962],[53.584054316986517,28.318558353271648],[53.586339486676479,28.315994844284848],[53.58757149368607,28.314626189852966],[53.589192816390032,28.312761708207908],[53.5904349172922,28.311421905557818],[53.591819873465745,28.309857524406983],[53.593280209400262,28.308190823721255],[53.594908269369824,28.306433469430598],[53.597020539633647,28.304028585345385],[53.598208625115554,28.302752732298174],[53.600339628133007,28.300363116640025],[53.601545803851742,28.298991296723159],[53.603273001100938,28.297072870401646],[53.605756392679133,28.294977470139408],[53.608068682137258,28.293044855030946],[53.610589744934934,28.290936581688989],[53.613086101416002,28.288790113291686],[53.615580385608304,28.286744595886027],[53.618189385733316,28.284580427744515],[53.620358432114458,28.282746927456856],[53.622017863378581,28.281273793005639],[53.623872926880878,28.27964324285254],[53.626560682810087,28.277556174172794],[53.627939072138624,28.276304883042403],[53.63074947600181,28.273947564588472],[53.632871818375136,28.272153780016282],[53.635261062588548,28.270148271183551],[53.637804303377841,28.268001900719764],[53.640327511786325,28.265897509235987],[53.642397864062239,28.264162656345579],[53.644403169763343,28.262495783502693],[53.646479499988992,28.260739978083894],[53.649244892140317,28.258423960761448],[53.650789274537566,28.257692353667718],[53.65403353017561,28.256152860182588],[53.65628858334982,28.255091313852873],[53.659958391435161,28.253346323384445],[53.662462255118811,28.252150045446776],[53.664151344757855,28.251344579582369],[53.666631578076547,28.249707102173151],[53.668730334693045,28.248327350768843],[53.671544761214172,28.246460314314749],[53.673945339479154,28.244896872903222],[53.676314909391806,28.243324445966376],[53.679335165838417,28.241322663899631],[53.681532935527414,28.239861989174951],[53.683714685829855,28.238422302407876],[53.686317176113306,28.236697086380463],[53.689121608167646,28.234839043948163],[53.691695103960228,28.233146791606885],[53.69404673403465,28.231585314583143],[53.696667235256875,28.229851095034817],[53.699330709051395,28.228084939264978],[53.702233809277153,28.226159524243567],[53.704448948742325,28.224929487786913],[53.707175956676579,28.223397438295219],[53.709917766435993,28.221865502649788],[53.712218091487799,28.220512678926752],[53.715189647955292,28.220082363019454],[53.717601283276963,28.219665104562395],[53.720419481726815,28.219201288361809],[53.722174220891908,28.218880254878126],[53.725304282582883,28.218361743992471],[53.727477355280975,28.217989197269084],[53.728882507156165,28.217743780138726],[53.732661677099181,28.217084007641308],[53.736022525621784,28.216509745861547],[53.739610731133951,28.215943788795386],[53.743171960570749,28.215312814995393],[53.745828631123949,28.214852779220596],[53.74974159652249,28.214192165376357],[53.751012919917251,28.213976594349329],[53.753766388481736,28.213505681647217],[53.755566097575695,28.213204862760087],[53.75822204636421,28.212541052747351],[53.762210314830135,28.211562498231324],[53.764910164899703,28.210885498167293],[53.767766724942284,28.210189694441212],[53.771048964963882,28.20935332936368],[53.773639652667896,28.208739270485971],[53.776702269007991,28.207901644694495],[53.779062760897503,28.207364199654592],[53.782873032140813,28.20643650326188],[53.786030285977091,28.205660029656787],[53.788730024800913,28.204998054955741],[53.792297864036939,28.204100028591505],[53.795167578009092,28.20340119860672],[53.79694143438752,28.202972190712778],[53.800595066913864,28.202070279453817],[53.803050249734184,28.201464001738664],[53.804906169660448,28.201018041482605],[53.807250270918885,28.200463685438592],[53.810214715531828,28.1997260091863],[53.812572901947213,28.199153647968998],[53.816468349887799,28.198177988213054],[53.819064403806664,28.197550857721787],[53.821772110358715,28.196902898930819],[53.825215005748298,28.196048758313921],[53.827853887439304,28.195403704551129],[53.83148565912721,28.194501748220034],[53.834190465828812,28.193849769370917],[53.837884131613997,28.192935893904746],[53.840701639881665,28.192258285781545],[53.841872849260277,28.189829142587669],[53.842443330505454,28.18870491675057],[53.842850169780903,28.187903161387744],[53.844203128458247,28.185917830449746],[53.844203157838699,28.185917786538678],[53.845584217762145,28.183877990900164],[53.846783716765849,28.182066573606573],[53.848792133358273,28.179118669966964],[53.851905368818535,28.176791050324326],[53.853635573510509,28.17459904351032],[53.853357901981177,28.172884449360904],[53.851572540636951,28.170801183445974],[53.851038093217802,28.168903755572273],[53.850308954998681,28.166314338154017],[53.849517540811803,28.163468855023858],[53.848826401108575,28.161027060590811],[53.848099246559485,28.158458972549763],[53.847323305311683,28.15577973463278],[53.846561394516186,28.153045401356074],[53.845860472473476,28.15045681733357],[53.845230769629289,28.148225596230343],[53.843307240174546,28.146414025171243],[53.841078395007408,28.144634693842519],[53.83915585836305,28.142391184823374],[53.837176685234311,28.140258755509802],[53.835338212639947,28.138447924391429],[53.833506766286774,28.136684871319108],[53.831671283221091,28.134843191087146],[53.829677125046018,28.132926772861786],[53.827752590446494,28.130945746206297],[53.825674150143236,28.128904954591299],[53.82353359081587,28.126803795613739],[53.821641915373569,28.124921411452775],[53.819296916614846,28.122616135490848],[53.818112236123469,28.120472647024759],[53.819126022956333,28.117987995542006],[53.820112694289577,28.11562307857389],[53.82109326896957,28.113174490732259],[53.82221928143192,28.11045093644794],[53.823289252295716,28.107792160249829],[53.824247038150489,28.105414402935622],[53.825250086365998,28.102981942195669],[53.826354042387806,28.100305415339299],[53.827413464312599,28.09770300936357],[53.828520761476831,28.094990577699122],[53.830677028912163,28.092952759217013],[53.830896834150089,28.092690342561841]]},"properties":{"OBJECTID":52,"gis_id":"JM608","denomi_vol":5,"owner":null,"Shape_Length":58481.075890988133}},{"type":"Feature","id":53,"geometry":{"type":"LineString","coordinates":[[52.426178210911701,28.70657570850458],[52.426661147689288,28.706630605950757],[52.428132935272686,28.707205565405708],[52.428810675093558,28.707466906321901],[52.429762693249806,28.70992193551389],[52.428382666206474,28.711979164468787],[52.426571391702488,28.714440014852919],[52.424808800534073,28.716829368862221],[52.424103805038584,28.717811121087021],[52.423844658649855,28.718171994927172],[52.423072130577381,28.719247757215417],[52.420672314052403,28.722583103396136],[52.419871376865636,28.725765788906308],[52.419367827355693,28.728102148766464],[52.418780322330655,28.73033542695466],[52.418420675778286,28.731871335237098],[52.417848195262636,28.734249056395829],[52.417564247011164,28.736553152037164],[52.416667665744669,28.739494404516673],[52.415913227036214,28.742622983066475],[52.41598323282264,28.745727457220543],[52.415995547240954,28.746994885361989],[52.416070585373042,28.750571699458028],[52.417734787379494,28.75184852905922],[52.41928960469042,28.753037358705345],[52.421299088865602,28.75455662117103],[52.423326033025191,28.756124333338349],[52.425751365699846,28.757751848139858],[52.428078783138382,28.759700881409358],[52.429480161691338,28.761215345634955],[52.430397825011163,28.762018064560202],[52.431166563314747,28.76380289861822],[52.431945673981176,28.765518285460239],[52.432730770984541,28.76722352623548],[52.433381879416658,28.768631097541096],[52.434261083533123,28.77056520906978],[52.435104698650207,28.772396318651019],[52.436237296544668,28.774830600450752],[52.435690000141271,28.777950969566888],[52.435328087148932,28.77992053349303],[52.434969894357209,28.782377753211541],[52.432933136995452,28.783291168469134],[52.430373343512578,28.784555561898994],[52.42768844284798,28.785816498282678],[52.425875895517621,28.78661374890682],[52.423649272409968,28.787754253904623],[52.421641790410696,28.791057977040506],[52.421744476400178,28.793461277904036],[52.42379060388587,28.795570337567526],[52.426195787454091,28.795624492875433],[52.428718470241073,28.795772895795512],[52.432037251009575,28.795916236806022],[52.43485601039297,28.796115797260924],[52.434865209053456,28.796122419296829],[52.437454484573628,28.797986372207237],[52.437800053404949,28.79978762584534],[52.438227324753733,28.801954778402877],[52.438684501893988,28.804278150340085],[52.439117795354896,28.806500215663029],[52.439175041764699,28.806793783153569],[52.439589756859327,28.808992505582861],[52.439996713086309,28.811067332719684],[52.440483694901431,28.813513762865117],[52.440958105200437,28.815965469968777],[52.441440181671723,28.818374091366831],[52.441945522861985,28.820903830218867],[52.442381083531373,28.823182178816044],[52.442797320108355,28.825422246706545],[52.442785146228992,28.825697568573375],[52.442739753290518,28.826724162325611],[52.443265975469764,28.829267860375076],[52.443834793266063,28.832104275524955],[52.444335172368575,28.834557759884298],[52.444917467816836,28.837493519293847],[52.445512042559706,28.84038530269774],[52.446058350111713,28.843128678194937],[52.446611241274894,28.845839452537891],[52.447126097385429,28.848426919733214],[52.447674886783112,28.851129557662112],[52.448199161223606,28.853797432229754],[52.448783352813912,28.856624017609747],[52.449349777104324,28.859470120275628],[52.449835280029106,28.861845629475297],[52.450402205005375,28.864635066054305],[52.450938305130641,28.867314715782598],[52.451522678677698,28.870194503503811],[52.452070074237902,28.872934233785021],[52.452602722085835,28.875583826351818],[52.453295970980243,28.878228853170462],[52.454023519386062,28.880987132797006],[52.454036483524611,28.881036281481922],[52.454701416113373,28.883628303758918],[52.45539108979014,28.886162332681767],[52.456073765134867,28.888735737519276],[52.456655785627106,28.891008215373752],[52.457329269129112,28.893564871945159],[52.457828902997612,28.895445156638075],[52.458424397891655,28.89770304136804],[52.459015122457906,28.899913208740994],[52.459722062985655,28.902635413453091],[52.460432739623677,28.905240287489004],[52.461132444988849,28.907976258637287],[52.461538500081978,28.909459682915102],[52.461979258874536,28.911644081183315],[52.462571326394432,28.913700867618456],[52.46320522901356,28.915899327988342],[52.463715567419378,28.91776200636798],[52.464328823646142,28.92021451904704],[52.464492529188874,28.92080571182375],[52.464583229388367,28.921133254675535],[52.464791792446512,28.921886428693668],[52.465043584862201,28.922874671925136],[52.46561075004518,28.924957312151395],[52.465990000018749,28.926377858360464],[52.466657268353316,28.929030637128587],[52.468387434365539,28.93113744268565],[52.470504929580784,28.932528463863228],[52.472643124357703,28.934037229188281],[52.475138558032178,28.93566749982638],[52.476959981836387,28.93691019422096],[52.47938707680072,28.938597971451241],[52.480556212044185,28.939414429605272],[52.482877608583856,28.941047270473891],[52.485274174991005,28.942688886514855],[52.487633258836041,28.9443928498203],[52.489824112126982,28.945936625964812],[52.492165985818495,28.94765644336406],[52.494494884519106,28.949278389296229],[52.496619904096093,28.950770405795062],[52.499001663828224,28.952489534538117],[52.501366544915889,28.954143033800047],[52.503455243456138,28.955627450646752],[52.505687954274315,28.957223027704867],[52.508045579426792,28.958869188852645],[52.510466328496285,28.960584106667007],[52.512933021634318,28.96148166532539],[52.514637487826391,28.962076120015269],[52.51694669758232,28.962869538956287],[52.520398438730233,28.964067784496812],[52.522366095164237,28.964734467714194],[52.52480076092089,28.965608673294717],[52.527637587456269,28.96654494331683],[52.530003232268207,28.967364986486604],[52.532813454325655,28.968313012741348],[52.535541239229062,28.969352830603],[52.535787261600731,28.969868493102535],[52.536112844030868,28.971202856143872],[52.536729128795884,28.97356679795897],[52.537149144359077,28.975412815126184],[52.538728177977276,28.976978213902377],[52.540590691794996,28.97879009649564],[52.542482548715384,28.980684085286711],[52.544147265065234,28.982324602033259],[52.54609606348194,28.984262531737158],[52.548037484123704,28.986171798806438],[52.54993381982694,28.988029133557351],[52.551969892226623,28.990047733001916],[52.554020266491918,28.992082790482399],[52.556003855918412,28.994043823417883],[52.557779771786862,28.995791591301565],[52.559759038513604,28.997748044291733],[52.561576638256241,28.999564612163123],[52.563697583422297,29.00165079848642],[52.565451897597661,29.003601419234482],[52.567312702502527,29.005714178680833],[52.569253195252664,29.007886072762322],[52.570874353265204,29.009709439218248],[52.573076911444772,29.012212235400842],[52.575266458517874,29.014682772958572],[52.57644519218325,29.014998957926871],[52.577019054641262,29.015152886936335],[52.579496026675969,29.01678911121131],[52.581518457346377,29.018845080384189],[52.583098874287252,29.020983488657727],[52.584912917748433,29.023101917920119],[52.586729179836702,29.025259918638781],[52.588610464877171,29.02739602838238],[52.590287448344803,29.02942077071669],[52.590732178814569,29.031891073038],[52.591286325771719,29.034690586137121],[52.590549962743587,29.036014453748347],[52.5902490581027,29.036366488963257]]},"properties":{"OBJECTID":53,"gis_id":"KY625","denomi_vol":5,"owner":null,"Shape_Length":45719.132393515443}},{"type":"Feature","id":54,"geometry":{"type":"LineString","coordinates":[[52.909845898410467,29.366846684960951],[52.909653244167771,29.367013719934953],[52.908209054941381,29.368906493523909],[52.906687606638805,29.370887944269668],[52.905117098953347,29.372961348051795],[52.903635695928728,29.374866835348428],[52.902180260923117,29.376764352215211],[52.9007198266263,29.378668866034548],[52.899211328189168,29.380671334419446],[52.897709920669122,29.382602802395063],[52.896195507547418,29.384551256544039],[52.894729086581187,29.386455762226316],[52.893224617584494,29.388431233225038],[52.891707218076526,29.390375683569843],[52.890218774678516,29.392317166315465],[52.888715322056882,29.394283635839869],[52.887241910952618,29.39618813172418],[52.88579643287926,29.398105663054977],[52.884335070285339,29.39996516901536],[52.882980644696126,29.401746789927781],[52.881536236009687,29.403617317217758],[52.880110841708444,29.405457865507447],[52.878665461186984,29.407312387260284],[52.877214066040004,29.409184907691007],[52.875783631360989,29.411058451864712],[52.874317182276869,29.412979954391684],[52.872895788662078,29.414816507500614],[52.871472377239449,29.416669052620239],[52.869969984594363,29.418595521782247],[52.868500545238597,29.420515023602249],[52.86707511593842,29.422380569824675],[52.865616705915123,29.42426908147522],[52.864395650652021,29.426323878773733],[52.863164560513233,29.428413665278395],[52.861933443517202,29.430520451678646],[52.860697359613525,29.432612235993179],[52.859472285427536,29.43468402725297],[52.858274126522097,29.436781851548055],[52.857025089732296,29.438858619600651],[52.855817015971887,29.440909427996136],[52.854614014660321,29.442910237290008],[52.853463904981339,29.444924108789763],[52.852301804611351,29.446945969902593],[52.851094800523768,29.448951773645987],[52.849916908539555,29.450915260275597],[52.848396765052136,29.452632036789449],[52.846932570513552,29.454384529152399],[52.845410467625683,29.456144959241719],[52.84388441474092,29.457872378627258],[52.842346343331577,29.4596287870853],[52.84079227088214,29.46140317722033],[52.839273182509501,29.463146609013695],[52.837770103965809,29.464869054328844],[52.836295024368674,29.46655952971474],[52.834798972450244,29.468254979956075],[52.833251972409215,29.469972374505648],[52.831734876368671,29.471721806791521],[52.830165889826908,29.473457177028731],[52.828807764171216,29.475218336891089],[52.82715677889972,29.476874063835002],[52.825512978470435,29.478567345465901],[52.823877139705182,29.480278640346146],[52.822206343386021,29.482000894313867],[52.820526562517202,29.483723141422345],[52.818869712363259,29.485464411006646],[52.817183917171718,29.487202653204513],[52.815482143099032,29.488946875322505],[52.813719333972081,29.490779033240866],[52.81198354369905,29.492571220892803],[52.810338698205491,29.494298506564935],[52.80863297032603,29.496013721809877],[52.806956130458879,29.497773972547144],[52.805280333697112,29.499503222383058],[52.803622514499047,29.501230490479159],[52.801872734063622,29.503030663956903],[52.800121965564713,29.504826833736988],[52.798393159686277,29.506620028325667],[52.796653370203302,29.508417212009068],[52.794897653329954,29.510184373119227],[52.793191802850075,29.511986594158078],[52.791465041167562,29.513750790064719],[52.78973723202958,29.515546985269225],[52.788056439501716,29.51728323132048],[52.786320841304935,29.518950404673426],[52.784581200998652,29.520649579343747],[52.78283560398345,29.522324744448262],[52.781094035948733,29.523979914687256],[52.779353433472416,29.525656084824387],[52.777621816383821,29.527332266588754],[52.77584323734272,29.529036399742111],[52.774073685246947,29.530712537615383],[52.772310028903497,29.532450687157453],[52.770488523284762,29.534152769709067],[52.76869397337596,29.535855879163428],[52.766873409136345,29.537598965994125],[52.765082774486935,29.539353089006372],[52.763226290144466,29.541083132552583],[52.761556556961196,29.542769384114038],[52.759752962537149,29.544511487646346],[52.757937391401548,29.546252580565209],[52.756072844272474,29.548033619850106],[52.754232254186917,29.549816687392671],[52.752366680675365,29.551617729315055],[52.750505117576331,29.553406772317217],[52.748696537371572,29.555145868683624],[52.746956940728623,29.556821040821596],[52.745200342658052,29.558517194871147],[52.743429779703263,29.560206333305736],[52.741697154918782,29.561893513504042],[52.739820689145411,29.563633537242918],[52.73807907665735,29.565323706701101],[52.736301490662953,29.567035839508449],[52.734508957127176,29.568729954526201],[52.732741336875094,29.570453095140305],[52.730932782546972,29.572181195502967],[52.729135197600208,29.5739133055047],[52.727401581103003,29.57559948444052],[52.725623016879261,29.577298614866002],[52.723818053797388,29.579075932837984],[52.722006858917226,29.580806659071861],[52.720333868948714,29.582651075206655],[52.718650893306581,29.58451832987738],[52.716972957546659,29.586353582756384],[52.715294033793207,29.588180835719719],[52.713677044741551,29.589984157187367],[52.712009992309888,29.591885430736188],[52.710316135844728,29.593686662523901],[52.708587108990294,29.595641867260031],[52.706916103903723,29.597515134445715],[52.705252156603692,29.599343402962152],[52.703607179068555,29.601170691772843],[52.703294557300502,29.601921469493135],[52.702147129509179,29.604166289246646],[52.701102773374721,29.606239281387143],[52.700090526239613,29.608199296670104],[52.699065223848066,29.610213305564493],[52.697973717540791,29.612438251898773],[52.696863975712247,29.614837197161325],[52.69580552441235,29.61698717502826],[52.69483418958562,29.61896323957556],[52.693794799535922,29.621048236233776],[52.69275840207299,29.623140235940539],[52.691737016064721,29.625204249073761],[52.690717619784408,29.627274267754728],[52.689672229131936,29.629367258304079],[52.688643839990341,29.631442265399638],[52.687572470413265,29.633554225666494],[52.686546099989798,29.635612233871591],[52.68551469860904,29.637700239051021],[52.684473380283052,29.639741229684926],[52.683452977543205,29.641816242083003],[52.682444617455374,29.643826250734474],[52.681389215013589,29.645963249826156],[52.680349834102849,29.648044244564957],[52.679328443739742,29.650113259306547],[52.678318047712516,29.652173283044931],[52.677261704149046,29.65424826023213],[52.676257286912829,29.656317294319042],[52.675219925957464,29.658383289073356],[52.674198531742334,29.660451301429802],[52.673166136389,29.662537305633499],[52.672121793712925,29.664600290784133],[52.671110406131255,29.666654313181123],[52.670083011984048,29.668730320874296],[52.669030641314556,29.670821303674646],[52.668016276420431,29.672866321988881],[52.66698485881102,29.674963325717329],[52.665955522938333,29.677004329108776],[52.664907203855684,29.679056306482128],[52.664634929194811,29.67961509765513],[52.664863232481984,29.68021239428894],[52.666170139377556,29.681162678976602],[52.666024109260206,29.682094799578955],[52.666834150026169,29.682642210763412],[52.666986051372803,29.682847522363591]]},"properties":{"OBJECTID":54,"gis_id":"LU618","denomi_vol":5,"owner":null,"Shape_Length":42833.314818819184}},{"type":"Feature","id":55,"geometry":{"type":"LineString","coordinates":[[52.708138715143384,30.842672925935744],[52.707760129361191,30.842202986796366],[52.705570911777777,30.841263540376808],[52.702296126147054,30.842262350902669],[52.702049468419268,30.842338040019563],[52.702000714803404,30.842352999864246],[52.69939223010752,30.843153397792758],[52.696556395059353,30.843990341109564],[52.696031275017262,30.844902704943447],[52.69497634295881,30.846735529809305],[52.692924188392766,30.850365429401887],[52.691826622776397,30.852243217739041],[52.69179139319791,30.852303490121262],[52.691421749446668,30.852935881040246],[52.689462947765598,30.856242863603036],[52.687542954644741,30.859624892964774],[52.685569091698881,30.862984862609697],[52.683710317639054,30.866162949547618],[52.681666410392047,30.869630841865668],[52.679965567562924,30.872674102371167],[52.678062740215701,30.875935143227732],[52.676165883524099,30.879207194808338],[52.674518217944588,30.882083500012403],[52.672650405248845,30.885294579658854],[52.670787572851673,30.888515662763645],[52.668927806560632,30.891688745783402],[52.667071904780023,30.894878331676949],[52.663530497494541,30.897264888692568],[52.660355871135437,30.899314344078068],[52.657181321235512,30.901318795628864],[52.654535289474445,30.903033838198585],[52.650606196995454,30.905590452648092],[52.647384577418713,30.907692856549794],[52.64371140310336,30.910018750775944],[52.640258981337148,30.912252895830886],[52.636955503673626,30.914358204556958],[52.633604915748244,30.916584470398039],[52.630271456578612,30.918713746279401],[52.626936922670531,30.920891024905551],[52.623564522306047,30.923027255840207],[52.620187105310812,30.925181484108183],[52.616914504419739,30.927333832385351],[52.613753889779652,30.929369305133442],[52.610422980782872,30.931780608587744],[52.607124926247401,30.934245950935992],[52.603939912689384,30.936560416491748],[52.600606884001479,30.939051723895883],[52.597412745752329,30.941458183917003],[52.594503621126989,30.943534953513531],[52.591198461323138,30.946080299625791],[52.587947538357319,30.948416688739062],[52.584621585170929,30.950857000216537],[52.581370585067774,30.953241395007161],[52.578121628420902,30.955597790724578],[52.574760704287776,30.958061059824523],[52.571493661980092,30.960493442847479],[52.568380470152903,30.9628449928945],[52.565130582098583,30.96516538680374],[52.562508191758376,30.967094479270241],[52.559132171986363,30.969636738830758],[52.555944218967944,30.971928199639393],[52.552717764512927,30.974404311483841],[52.551520269037745,30.976856426592175],[52.550143200891775,30.979697040202794],[52.548631797595469,30.982895527862212],[52.546982252288394,30.986338872623314],[52.54538578957446,30.989673269180638],[52.543712239603408,30.993145587900202],[52.542088809385589,30.996488953735373],[52.540492328656164,30.999833353309253],[52.538919988376179,31.003093205280443],[52.536213119851325,31.005391794720026],[52.533532389097118,31.00760483789513],[52.530601720725571,31.010062611987262],[52.527499175985362,31.012634190509438],[52.524823462874878,31.014832243637887],[52.521583944329464,31.017542676116129],[52.5184844225559,31.020100260478287],[52.515585712839247,31.022550070196818],[52.512332191093023,31.025280487064595],[52.509434610594496,31.02764729102411],[52.506514896960041,31.030125075242179],[52.503277506698922,31.032756506387184],[52.499983777058155,31.035665890173611],[52.497461868206706,31.037819117953017],[52.497185478646813,31.037748789427528],[52.494162606001694,31.040443473085212],[52.490782278111823,31.043199745476361],[52.487789676776131,31.045693448762464],[52.484686141376748,31.048268027156407],[52.481763420553314,31.050758815104263],[52.478733929012741,31.053227474350024],[52.4756003289448,31.05588002171822],[52.472749715560035,31.058221881054557],[52.469808115298171,31.060658641677907],[52.466857527825958,31.063100388870851],[52.463729076693511,31.065656940830941],[52.460891356648169,31.068054816523713],[52.458044680104983,31.07043468049006],[52.455134026532427,31.072875474504848],[52.452310450739581,31.075167361107251],[52.449331815988046,31.077673081139693],[52.446851622979565,31.07996636663125],[52.44372296968502,31.082654926081918],[52.441102061925115,31.084930047084534],[52.437727266018236,31.087983348755721],[52.435210250878882,31.090210584927284],[52.432217511036185,31.092800297155595],[52.429298659606424,31.095380090104886],[52.426363632037393,31.098086876663679],[52.423169995548626,31.100839365715839],[52.420304048322627,31.103419223346016],[52.417309305202615,31.10601693486965],[52.41443042784249,31.108568772043469],[52.411589554306211,31.111076656380195],[52.408534747467172,31.113784303934846],[52.405705726055459,31.116371201981188],[52.402470164966353,31.119130644751422],[52.399684169645774,31.121656590464418],[52.396725545067682,31.124141331844278],[52.393951508166609,31.126679293709557],[52.391145636387456,31.129149213992047],[52.388280788174718,31.131673067363618],[52.385496871477287,31.134148010425061],[52.382545112979933,31.136714768779939],[52.379622315938924,31.139270556019881],[52.377007093697614,31.141747698121254],[52.373975522834421,31.144290361552688],[52.371150559106503,31.146842262284316],[52.368140122028237,31.149278941687125],[52.365451371238841,31.151902119421322],[52.362583960816991,31.154425860095486],[52.359755083706965,31.1569327535844],[52.356916185575066,31.159465639072007],[52.354025340651276,31.162021467249261],[52.351162520369975,31.164530320664497],[52.348136757904982,31.167190000067272],[52.345231047606859,31.169681803851645],[52.342403051475941,31.172264703669832],[52.339607223333743,31.17470663381545],[52.336754327077074,31.177256504347156],[52.333875480191644,31.179805342784039],[52.331038595098399,31.182331231073803],[52.328123843753247,31.184862024906703],[52.32541789203804,31.187281055467643],[52.322504195225427,31.189776852454433],[52.319490352579358,31.192481547615419],[52.316471640232827,31.195106227295621],[52.31338993937328,31.197798845389023],[52.310447053174776,31.200449615796796],[52.307357372314591,31.203141221860228],[52.304328604316566,31.20581589694309],[52.301522730665788,31.20830381566331],[52.298492007325954,31.210955486535894],[52.295408229364469,31.213703104097764],[52.292490476938134,31.216297841830091],[52.288619925474123,31.218494566486843],[52.285080181504028,31.220488596941475],[52.281435521574295,31.222548518560266],[52.277932734876963,31.224529595475946],[52.274419960433612,31.226516661151091],[52.270914147829195,31.22851673406814],[52.267436333130902,31.230488841197285],[52.263895660379653,31.232443874131647],[52.260427798245793,31.234434993535416],[52.256864109115966,31.236427003185266],[52.253368368989086,31.238377088452751],[52.249927512910503,31.240335236746304],[52.246586508256698,31.242272499976153],[52.242967868073272,31.244301446884585],[52.239547059916525,31.246210616259965],[52.236041300818286,31.248187693906097],[52.232646435793669,31.250101895470234],[52.229162741405567,31.252013991409196],[52.22565490258922,31.254044069077608],[52.222165177941001,31.255984163065143],[52.218741307379794,31.257936330818929],[52.215259490815107,31.25992643767292],[52.211833737004333,31.261813602078227],[52.208315986530273,31.263803668236097],[52.204896171983528,31.265721839919483],[52.201486355663405,31.26763102334499],[52.198050569005289,31.269552180595912],[52.194624787001985,31.271459345627466],[52.19125486080916,31.273393580567589],[52.187874962613797,31.275322801107581],[52.184409244250588,31.277236922705285],[52.180996416015475,31.279161108528022],[52.177505758518002,31.281069201023399],[52.174102843892456,31.283037399383833],[52.170671022799752,31.284982560966654],[52.167249234799662,31.286894733862169],[52.163881408557742,31.288768970114226],[52.160525529134532,31.290664215039349],[52.156948868360153,31.292676217714231],[52.153433194103968,31.294630285330321],[52.14992843380157,31.296624369714358],[52.146423701859909,31.298601454469434],[52.142950849451879,31.300616577024474],[52.139406197592699,31.302592612626491],[52.135937519124759,31.304495734835474],[52.132390863009171,31.306475769485171],[52.128876135067514,31.308467843142452],[52.125549781804686,31.310333040951718],[52.125373422052839,31.31043192736713],[52.121736834253596,31.312477864740277],[52.118195197200052,31.314441906935322],[52.114521637086447,31.316512800999742],[52.110911967812221,31.318580772479201],[52.107313396502448,31.320573754249178],[52.103674783693315,31.322640688927372],[52.099990290314601,31.324684573574192],[52.096439475136805,31.326776615028603],[52.092875966395816,31.3286946262524],[52.089236402565241,31.330733564335091],[52.085604772795612,31.332805511253746],[52.082071158722329,31.334755559957618],[52.078602370382299,31.33674269090654],[52.075046758425259,31.338718719262374],[52.071499065671993,31.340737762059021],[52.068322089933559,31.342506215350021],[52.064452744108905,31.344679894645935],[52.060938112859198,31.346624968884903],[52.057384520228702,31.348590002341975],[52.053849812098221,31.350605058086149],[52.050536991241415,31.352438361590373],[52.047157131623791,31.354373591562563],[52.043288867144476,31.356499273076114],[52.039602765817875,31.358568901186963],[52.037650810262527,31.360548034698844],[52.03522190186262,31.362978866234986],[52.032487083963218,31.365685533443376],[52.02990547735336,31.368272488232197],[52.027502945949912,31.370682897564706],[52.025996296306509,31.372177675915385],[52.023094084776595,31.375138753653491],[52.021145867016173,31.378761758933276],[52.019234746103265,31.382404071741046],[52.017442955954252,31.38575609447533],[52.015476348418453,31.38946093703596],[52.013772317519376,31.392656484236639],[52.012066874660341,31.395854457683107],[52.010356114417554,31.399050072140522],[52.00855872124221,31.402414459845158],[52.006808487959788,31.405703008042558],[52.005053999124854,31.408972599617162],[52.003345094196611,31.412174673943813],[52.001679388991917,31.415287842239536],[51.999915242055273,31.418598144399034],[51.998126111938554,31.421938306445401],[51.996328793132804,31.425291477184206],[51.994533890769674,31.42864957865698],[51.992736455361786,31.432011817475015],[51.990934225232074,31.435366300183873],[51.989139992526347,31.438745369096623],[51.987342552728464,31.442102548387702],[51.985544894367628,31.44546488992717],[51.98374275939338,31.448815495744419],[51.981946404336185,31.452177318342166],[51.980143496251806,31.45554346390292],[51.978344716217059,31.45889846808053],[51.976542841956636,31.462265170219332],[51.974751171716782,31.465611163068154],[51.973004685707721,31.468874761466701],[51.971242844895897,31.472158511890935],[51.969488860046297,31.475428894562167],[51.967736542404971,31.478703679326276],[51.965894249871795,31.482147268448884],[51.964139248636585,31.485420573308442],[51.962385973926104,31.48869793158822],[51.960631158453097,31.491968922254159],[51.958874991011754,31.495262554817025],[51.957116459477511,31.49854059272872],[51.955359068922107,31.501820449157101],[51.953470837329938,31.50534455653548],[51.951528684415592,31.508989562846352],[51.949849771718853,31.512032023892932],[51.948128798339553,31.515234926569082],[51.946443654334722,31.518435076120578],[51.944720064681157,31.521622161868883],[51.943018769714165,31.524814328730912],[51.941283770708807,31.528013032608374],[51.939573465970469,31.531206719138712],[51.937859637132007,31.534405520329468],[51.936163698789166,31.537590006649189],[51.934851075931185,31.54000079453575],[51.933152827587207,31.543199474301776],[51.931308384663843,31.546643529510362],[51.929576185931801,31.549846501076445],[51.927790140470911,31.55320731541174],[51.926023005976106,31.556481297793166],[51.92425923705229,31.559750252974105],[51.922492765366208,31.563038179833647],[51.920743867408795,31.566328801030728],[51.918923908905306,31.569701937905037],[51.91725360863817,31.572798195256588],[51.915500500498077,31.576075126059727],[51.913735363802886,31.579349693549396],[51.911968415686019,31.58263723731282],[51.910107088282331,31.586090628424081],[51.908413524398128,31.58920774675444],[51.906590359963722,31.59264685082821],[51.90476898481802,31.596004174170215],[51.903018650138492,31.599234879497697],[51.901205181883242,31.602603934240921],[51.899461336459048,31.605868515592203],[51.897616518647048,31.60925653406305],[51.895817243646924,31.612596570811004],[51.893985935394589,31.616022542770104],[51.892203859487857,31.619316230268186],[51.890508231409981,31.622443695502149],[51.88852267169672,31.626122236623395],[51.886722737934527,31.629482801472577],[51.884887266375181,31.632897048669129],[51.882109011563294,31.635622065432987],[51.879145761218375,31.638539050843516],[51.876154535417804,31.641464168050017],[51.873213410466512,31.64441249061538],[51.870526282780034,31.647051329575184],[51.8678092190599,31.649737437211687],[51.865029664977811,31.652472407194971],[51.862120508922651,31.655316274499317],[51.859353724640648,31.65804785121956],[51.856512419379335,31.660826794978018],[51.853669921900405,31.663602640145356],[51.850765254553558,31.666474999146587],[51.848237933953079,31.668931091947371],[51.845144393605523,31.671979307494535],[51.842240541483314,31.674824975470752],[51.839471905514948,31.677540354922087],[51.836633464475348,31.680308701118246],[51.833786334967307,31.683111219875798],[51.830869385843158,31.685974834796895],[51.828217483585973,31.688564882066618],[51.825252127327232,31.691475480290531],[51.822417370233616,31.694263043237736],[51.819653585865673,31.696952890069255],[51.817041888263383,31.699509979166784],[51.814289647285115,31.70221742067541],[51.81144942897776,31.705012194645402],[51.808728782885609,31.707665255554208],[51.805768218764342,31.710582023485358],[51.802843029028331,31.713427336383116],[51.799855921870275,31.7163469032342],[51.797310220206732,31.719255750311312],[51.794843637146954,31.722086294519869],[51.79238569771497,31.72488605796288],[51.789927512288166,31.727699238165737],[51.78739089086816,31.730598734441539],[51.784998118713872,31.733336621559008],[51.782835237298222,31.735818837354763],[51.780301568837423,31.738706075119708],[51.777668116213903,31.741713199586208],[51.775270536327845,31.744459611549651],[51.772911430804164,31.747191904006719],[51.769081427771695,31.747836518430919],[51.765260217216998,31.748517785168239],[51.760816906045818,31.749310323785043],[51.756478042662103,31.750066318295914],[51.752026235894576,31.750875317615218],[51.747791468261227,31.75161741340623],[51.743454906891678,31.75239845911906],[51.739404494106154,31.75314350296772],[51.735193693766007,31.753855604313575],[51.730842495679383,31.754632557360146],[51.726744103408102,31.755358360004021],[51.723300323934296,31.756765815594498],[51.719415063812832,31.758346329600386],[51.715312397137119,31.76004070357229],[51.711594915387948,31.761560469126632],[51.707713060254612,31.76317974276748],[51.705356258214707,31.766685583913432],[51.703055771169879,31.77012508641003],[51.701069608667574,31.773109942907869],[51.698977350541995,31.776243687443703],[51.697194609578709,31.778903185010527],[51.694828627948361,31.782445898485896],[51.692755376566396,31.785010597680511],[51.690238824425229,31.788119766476999],[51.687898214038633,31.791016900296398],[51.685558155194776,31.793913921324535],[51.683208828074292,31.796817423097011],[51.680903585955832,31.799642865037246],[51.678286355434224,31.802903371799612],[51.676142857781784,31.80555835472833],[51.673802606941599,31.808447605597721],[51.671627427154348,31.8111331016243],[51.668935364107746,31.814467843610924],[51.666668717369376,31.817266228313418],[51.666342609591098,31.820749469681289],[51.666000110473156,31.824216583968944],[51.665687088805612,31.827696323545389],[51.665331958169368,31.831485661215073],[51.664994942058854,31.834938417828802],[51.664652373138622,31.838422311598922],[51.664355660621609,31.841935895733332],[51.667022905152351,31.843707766301534],[51.669986290711613,31.843620757514788]]},"properties":{"OBJECTID":55,"gis_id":"HR823","denomi_vol":3,"owner":null,"Shape_Length":154494.89626194446}},{"type":"Feature","id":56,"geometry":{"type":"LineString","coordinates":[[54.051511420858382,27.486937590186109],[54.054466246834352,27.487384203795724],[54.055583908296732,27.487553117440555],[54.057157068299247,27.488414728863688],[54.057200258270278,27.488438382864366],[54.057511170616131,27.488608664493334],[54.057613755408127,27.488663196787964],[54.057665045263214,27.488690461156175],[54.060477780089393,27.490185600420151],[54.062660300473375,27.493553057344446],[54.064948264893097,27.496809409609892],[54.06709918140924,27.500175265165499],[54.069043386092055,27.503087577489378],[54.070902398940952,27.505817171923333],[54.072945785881743,27.50947629853912],[54.07490697842524,27.512929184003688],[54.076992322025397,27.516621588873228],[54.07903819412445,27.520271933457476],[54.080888055502967,27.523496489028137],[54.08247859770821,27.52627556494868],[54.083186696213851,27.530108578877993],[54.083942089646946,27.534364499276666],[54.084695303175188,27.53858695160152],[54.085272336232428,27.54166251171041],[54.085953968963516,27.545467095786453],[54.086576349292542,27.548935832425382],[54.088232132223425,27.550977367173036],[54.090732245808006,27.553644719706956],[54.092643605748911,27.555671135010286],[54.095376518850578,27.558603297603845],[54.098037679149357,27.56218276318366],[54.100493888688092,27.565689148561756],[54.103005517170679,27.569139287473163],[54.105253854370488,27.572214828439829],[54.107118721882408,27.574863920511913],[54.109724050265072,27.57847827510982],[54.112487636138191,27.582320177187363],[54.114959567478401,27.585779320020865],[54.116951053633272,27.588523904763019],[54.119485392822675,27.592088812769934],[54.122494099055004,27.596391502747881],[54.121658864665463,27.599916115839989],[54.120589236593588,27.604443675566827],[54.122240618754688,27.606749353726066],[54.124838124410481,27.610475349333615],[54.128432589908073,27.611676217091791],[54.132204995895954,27.612923579597499],[54.136947855007982,27.614315549385552],[54.140943150354026,27.61579872077694],[54.145525779558454,27.61732304114501],[54.149762863315409,27.618722283742237],[54.153608122046009,27.61997603511049],[54.156743678873035,27.621007255222949],[54.158468613190088,27.622890244368715],[54.160825791942727,27.625457847085865],[54.162994083170773,27.627623553194919],[54.165992428713189,27.630354430032813],[54.168866582961023,27.632992344448859],[54.171597943515188,27.635480675152117],[54.174629184432746,27.638220275842723],[54.177934323931829,27.641241330154465],[54.181063040929239,27.644125336658373],[54.184021504990838,27.646854499272191],[54.186901499693469,27.649461001043839],[54.189917716111516,27.652168362329519],[54.190860149135453,27.656066840310917],[54.191925732369988,27.660330371071083],[54.192936226525333,27.664546230649108],[54.193971656428346,27.668620649350519],[54.19189684214345,27.67235303576436],[54.189011522248244,27.674948548581749],[54.185922885157922,27.677825495352927],[54.183490503955397,27.679362089549336],[54.178840588343427,27.681182114324432],[54.176692569702055,27.68395465624085],[54.17481329724751,27.686351809198356],[54.172332433777491,27.689256401679582],[54.169660810050743,27.692399679209242],[54.167120276669699,27.695381658039732],[54.164607316573161,27.698358918678789],[54.162089752440231,27.701305239518739],[54.159772766986926,27.70404733992476],[54.157228694944365,27.707013735764789],[54.156489256207969,27.71069651680056],[54.155784974447371,27.714282163019959],[54.154968151116719,27.718124743723251],[54.154225633831679,27.722016260294357],[54.153360534652371,27.726114502115248],[54.153235883939168,27.73038700541909],[54.153117519462285,27.733843661361192],[54.152935340717761,27.737595295940537],[54.1527602566293,27.741192752159897],[54.152617972651747,27.744950847641981],[54.152484411809134,27.748777685342844],[54.152298686454543,27.753452939694899],[54.15216242211514,27.756600840175743],[54.15200716746017,27.760200312647811],[54.151855157001357,27.763991258849629],[54.151659629439536,27.768764340925014],[54.151506610460551,27.772945541380558],[54.151232859099203,27.776972206506972],[54.151171050229358,27.780859026984398],[54.151091680773682,27.783017722813295],[54.149049090586004,27.787044112340705],[54.147895250426643,27.789235595982454],[54.145629590624274,27.793669166036214],[54.144654020571572,27.795549884793651],[54.142575506401279,27.799565412972367],[54.141463756589985,27.801772363637973],[54.139077290725638,27.806379062025478],[54.137964700085625,27.808559412576667],[54.133937427430276,27.811939172571485],[54.131975345801131,27.813078834683978],[54.130065364781267,27.813780414451987],[54.126196446198797,27.815232676802133],[54.122025128305715,27.816807066298257],[54.120268109272729,27.818792703023419],[54.118752840277217,27.820290993989872],[54.115540536377303,27.8235181741037],[54.112169642101605,27.826434182936861],[54.108959876745907,27.827520224699605],[54.104495972104012,27.829054991668343],[54.10195516066856,27.830019662144437],[54.09993461200817,27.830814252171848],[54.096973283098883,27.831695209123072],[54.093716587247073,27.833622764228572],[54.090052800335364,27.835819219335143],[54.086289921341624,27.838045449307092],[54.082820342265414,27.840139646274469],[54.078636090609152,27.841165694613224],[54.074211274111406,27.842251272505294],[54.069932185974899,27.843279444671435],[54.065669001034017,27.844341153171971],[54.061901655999009,27.845831774596984],[54.057581617752319,27.847330545175637],[54.053487236206074,27.84878343697067],[54.049457211343558,27.850225097835029],[54.045393153704815,27.851717332589725],[54.041432807618712,27.853170250414927],[54.037442069200758,27.854641225372816],[54.033516198690769,27.856053768006252],[54.029464993276072,27.857540748064572],[54.025329250167502,27.859030011562215],[54.021176282825351,27.860530986558288],[54.016934942148858,27.862067056630927],[54.012509728148871,27.863656137821373],[54.007722275593281,27.86541324497804],[54.002933491112678,27.867134137296702],[53.99849664324995,27.868726856697847],[53.995719135963384,27.871978026109275],[53.993049858376828,27.875126373210961],[53.990333415197995,27.878299284805287],[53.987527470135959,27.881549474070454],[53.98476971794166,27.884780188015114],[53.981996141398959,27.888006887223501],[53.979229936688725,27.89124219209333],[53.97651038761726,27.89444234147479],[53.974758554228707,27.896426196365489],[53.974763205556776,27.899288546383886],[53.974721254057641,27.901812711878435],[53.97555132349914,27.904827234269412],[53.976613953116455,27.908742038424123],[53.974980283139082,27.91132651423079],[53.973794734574966,27.913184817992835],[53.972286862636132,27.915164078955968],[53.969511862822273,27.918807738435834],[53.968136950970958,27.92060197648836],[53.96710232409103,27.923480174275387],[53.965688096218905,27.927415002061636],[53.965598869035084,27.92765815464292],[53.965584286724116,27.927697892362051],[53.964282096929061,27.931246381838211],[53.962950511366593,27.934958293133803],[53.961589609238708,27.938734874020941],[53.960385670052986,27.942093572079244],[53.95914970185391,27.945536611927437],[53.95788307386033,27.949045557901837],[53.956546998301711,27.952739129544184],[53.955242925485052,27.956309959140434],[53.953942212047565,27.959940187454244],[53.952600782092937,27.963697607265811],[53.951273358120268,27.96742464766308],[53.949951464991749,27.971109527703359],[53.948611904095699,27.974763466986897],[53.947299480582842,27.978473713102129],[53.945969219359604,27.98210801098109],[53.944658402370798,27.985741792568941],[53.943311711621064,27.98948601854595],[53.941987480791717,27.993155956388385],[53.940657243149325,27.996833040512801],[53.93932349275827,28.000548062491738],[53.937922548247741,28.00436190410306],[53.936576113510434,28.008119000997052],[53.935217917891066,28.01180394911654],[53.933875331689798,28.015554660579504],[53.932595242427119,28.019140195164532],[53.93125460423289,28.022737306180257],[53.929867286650008,28.026701958710948],[53.928535059239458,28.030424524449408],[53.927201928748495,28.034011027313291],[53.925906544441965,28.037674058901651],[53.924538588969838,28.041520642777947],[53.923234420791239,28.045117409637506],[53.921891979583435,28.048778433518937],[53.920404828408586,28.052482005739794],[53.919069446504061,28.056205074274626],[53.91787837216016,28.059869644721985],[53.916568633072572,28.063481309663214],[53.915231740476806,28.067156113349746],[53.91393793205345,28.070799709696018],[53.912648571561213,28.074379673693908],[53.911194593051661,28.078431512461844],[53.909626511512279,28.082774104942636],[53.908245327402,28.086498641425393],[53.907012327810648,28.089966533751578],[53.905919167617142,28.092964994655183],[53.904675533137386,28.096387057169089],[53.903352894063353,28.100038750004259],[53.901829926137303,28.10433841794989],[53.902244728708915,28.107789719927858],[53.902871740271003,28.112637818062215],[53.903307193995602,28.116185908183798],[53.903873823851718,28.120414890791782],[53.903938564145299,28.121446953370253],[53.905893004321676,28.126659033529073],[53.907083105455229,28.128966637069247],[53.90594250214086,28.133451981321357],[53.905801035074433,28.136731988754935],[53.904127683879103,28.139180355708696],[53.902274977975296,28.142062773697589],[53.900667519472599,28.144591433977979],[53.899532820485334,28.146348202282805],[53.89833444043758,28.148203497623193],[53.897355489303912,28.149660185969633],[53.895194406453946,28.15303770123878],[53.893000682145491,28.156406664406234],[53.89074733367859,28.159900734933878],[53.888436104028223,28.163478963062175],[53.886133858177608,28.166964509058275],[53.884022241495195,28.170219042704122],[53.882760704025678,28.172195447183196],[53.879627112022092,28.173763832045449],[53.875864930405761,28.175645008139206],[53.871708152390099,28.177731013054903],[53.867791713494242,28.179672290581685],[53.869986843658168,28.180214038129808],[53.871527503042614,28.180564189422885],[53.872650201689083,28.18081933607656],[53.873836781455907,28.180865570651424],[53.873836861222784,28.180913450998375],[53.872548854578611,28.181036395723815],[53.871223277537084,28.180753610882103],[53.869867069609938,28.180464276633597],[53.867755673135093,28.179690153010512],[53.867605935295821,28.179764369819157],[53.86338799683422,28.181871190702175],[53.859793815193655,28.183696603332518],[53.854783244213678,28.185133476864603],[53.850661462593528,28.186316558506562],[53.846603803517894,28.187505674833933],[53.84270439215689,28.188628759851788],[53.842495727768792,28.188689631771048],[53.842443330505439,28.18870491675057],[53.83887620881346,28.189745470860533],[53.834640545019425,28.190970796415229],[53.830302504609229,28.192227945927808],[53.826149502846036,28.193457381566358],[53.822169914837076,28.194609084125947],[53.817945248757006,28.195812458700424],[53.813377101004079,28.197131925514064],[53.809318510312742,28.19831229036264],[53.804341952929583,28.199779580887029],[53.799442285355859,28.201173131011455],[53.795352890207639,28.202013800202177],[53.791355207887079,28.202815662842809],[53.786776366255488,28.203769000274551],[53.781986075837182,28.204745403779896],[53.777145373321567,28.205725164236057],[53.773501187296802,28.20646121170001],[53.768413496344671,28.2075141411609],[53.763528922766348,28.208019817455074],[53.759142656068136,28.2084646464514],[53.756737724286467,28.209048041697717],[53.753058537836758,28.209965883298949],[53.747737315114605,28.211284252977492],[53.743342638238296,28.212392258754502],[53.739640204261718,28.213183645599958],[53.736110799101276,28.214167661226742],[53.732584420518457,28.215057024571866],[53.730038735570496,28.21567846829603],[53.724995196882574,28.216920911686021],[53.721399420896354,28.217811612400538],[53.716536634167809,28.219012442792003],[53.712056426422137,28.220137262832505],[53.708490607491321,28.222140854466446],[53.705119282794612,28.224022621668251],[53.70186807023051,28.225847387651477],[53.698343190227959,28.227833717598184],[53.695389878550877,28.229723380407023],[53.69200297690584,28.231947366069885],[53.688197189654048,28.234420914701428],[53.684671301326375,28.236646475162765],[53.681037765595576,28.239047041232705],[53.677282395533574,28.241459610423682],[53.6731702341486,28.244133042450279],[53.669722153188538,28.246362674243844],[53.6664487323171,28.24846642088367],[53.663385085334781,28.250447548170083],[53.660027004447883,28.252032489196591],[53.657087386610769,28.25344915171091],[53.653551493165963,28.255113100618694],[53.649678851664355,28.256946947423607],[53.646974349228223,28.259027839686386],[53.642852345281604,28.262236473544121],[53.639671921128716,28.264705496584185],[53.63638522110093,28.267235434714671],[53.632918979797459,28.269936583094353],[53.629614161384872,28.272469530298711],[53.626494007102515,28.274905358223972],[53.623930596340344,28.277261049978438],[53.621432843255477,28.279558425755344],[53.618438960994169,28.282318966163977],[53.61527026732967,28.285196143550547],[53.611969268089538,28.288225893193601],[53.609210515791531,28.290752555629805],[53.606326919549701,28.293360692311385],[53.602700209849438,28.296636189756292],[53.599276041315868,28.29979962862215],[53.595759288029839,28.303368720459133],[53.59316374043221,28.305911141205215],[53.590158981319334,28.30878724062282],[53.586359898438765,28.311507363184081],[53.583008280055054,28.313854559117225],[53.579568067889738,28.316300566025053],[53.577612024222468,28.317685770003688],[53.573035337196366,28.32092575061132],[53.570113743355911,28.322973857886662],[53.566395766466208,28.325615648273075],[53.562846525462575,28.328133192203115],[53.559093773829538,28.330843940294201],[53.555479655591789,28.33339600608166],[53.552278728695285,28.33569060029124],[53.549127336204329,28.337966703432834],[53.545965475038599,28.340213837110401],[53.542444672201135,28.342714127223083],[53.538891483576307,28.345205887172305],[53.535070845756096,28.347891020300207],[53.531514934520438,28.350392590926855],[53.527863076169957,28.352987942320709],[53.524323241911596,28.355515271083313],[53.520783536640053,28.358008246595311],[53.516944346473359,28.360723106646759],[53.515172194342959,28.361975014115018],[53.512864149430257,28.363731748315189],[53.510627469962095,28.365432607696377],[53.506634739977642,28.368442951164329],[53.503856802323249,28.370547686235675],[53.500217288255158,28.373309661304685],[53.496481847615598,28.376146173959821],[53.49356164571369,28.378362698409063],[53.490743535867168,28.380486019840468],[53.48680189370922,28.38349474524696],[53.483076210280956,28.386323422753868],[53.480252166519861,28.389392534033881],[53.477323566436468,28.392603989246879],[53.474271036215534,28.395939072480541],[53.471275738421056,28.399215514040534],[53.468489852476758,28.402241287893439],[53.466305055097841,28.404659252208237],[53.465755352125662,28.404795227796672]]},"properties":{"OBJECTID":56,"gis_id":"MR808","denomi_vol":3,"owner":null,"Shape_Length":146014.81193041382}},{"type":"Feature","id":57,"geometry":{"type":"LineString","coordinates":[[52.47644028435333,29.184212764445967],[52.476842583474557,29.183873581755066],[52.478586511240373,29.182225427597878],[52.48164507321907,29.180068717658379],[52.484969382017539,29.177721292893146],[52.488300582838178,29.175350289914807],[52.491094794769516,29.173375252646984],[52.493130192950218,29.172502547390476],[52.49635498476038,29.171152949525126],[52.499865245980452,29.169669264269274],[52.503526290686807,29.168111486652929],[52.506786086767093,29.166613067218425],[52.509950706734585,29.165092768142319],[52.513139214890764,29.163644479415058],[52.516110861819463,29.162197308679875],[52.51857838603167,29.161031856742404],[52.520913437261484,29.160351142349015],[52.523701995058246,29.159476252410041],[52.523761240439519,29.15945766385321],[52.523831608514918,29.159435585443102],[52.524421879626438,29.159259994356141],[52.524500892832833,29.159236489847608],[52.526490142296986,29.158644712981495],[52.529987813909969,29.157544692869628],[52.53241878537969,29.156879161365726],[52.535118475812261,29.155937529767986],[52.53921051589122,29.156915712812143],[52.542132358404317,29.157600473005413],[52.545233772729453,29.156465154380914],[52.547856694209536,29.155495925043692],[52.552842669175519,29.153702817186961],[52.555727437281448,29.15262806489692],[52.559086877969676,29.150307168719628],[52.562120978271061,29.148429647766775],[52.564979055590854,29.146378684955486],[52.569206713907732,29.144335188989295],[52.572313660985195,29.142625077643725],[52.575435534443365,29.141167842365519],[52.578322598359605,29.138716015122405],[52.580999185735941,29.136448356335023],[52.583048076555301,29.134693774509422],[52.586435527306428,29.131787266151456],[52.588477479747667,29.130056441812592],[52.591226106772673,29.128888553692015],[52.592835481332841,29.128193809819734],[52.595899459472975,29.125539849980335],[52.599313436506478,29.122526938786518],[52.601790542435431,29.120366237878681],[52.604526340304332,29.117958357182378],[52.607745573334519,29.115322954985114],[52.610772971888998,29.112928153405559],[52.613957887396488,29.111392322771497],[52.616853547519248,29.109967133200421],[52.619905046129908,29.108505847199496],[52.623592619563127,29.106710990831957],[52.626532924591778,29.104457569489604],[52.629772864955335,29.101933847032271],[52.632610985256626,29.099727025172694],[52.636011172155591,29.097075167482185],[52.639191656271237,29.094569012165003],[52.641833095224712,29.09257545068262],[52.644715892351236,29.090329416720834],[52.646485598193124,29.088949592060377],[52.649137936466168,29.086160058124108],[52.651616464456296,29.08351036169174],[52.654374295172595,29.080601809085511],[52.656874916588123,29.077962491431766],[52.659449150348749,29.075262615449819],[52.662182152227111,29.072325208622594],[52.665287412504796,29.069045311526402],[52.667767088664121,29.066404213522627],[52.670853082555062,29.063094641112588],[52.67314598546043,29.060643639999078],[52.675792096517604,29.057838482171441],[52.677826835858376,29.055693870809364],[52.680827592584109,29.052487939687499],[52.683784104938098,29.049369402934794],[52.685878338463553,29.047148373584385],[52.688450334317295,29.044425768233573],[52.690947793814551,29.04175217768757],[52.692961403321,29.039590571099421],[52.69503012214583,29.038551598962275],[52.698583796229485,29.03671412958737],[52.701810020827324,29.035097269525302],[52.704690032336508,29.033625704765203],[52.708313191574526,29.033510834958552],[52.711583007509823,29.033380195630233],[52.714821729898482,29.033296272443462],[52.718933956890346,29.033182086087979],[52.723245193674217,29.03302161963629],[52.727908337181361,29.032850265227115],[52.730164794264638,29.032797272427928],[52.732975950425825,29.032669896067894],[52.736315999757267,29.032560828146831],[52.738153161126988,29.032513777835078],[52.740258653541076,29.031051238669168],[52.744211044068564,29.028317600461929],[52.74778946600086,29.025838959737083],[52.751581352638787,29.023190823891643],[52.754372201025056,29.021295938148299],[52.757399256131059,29.019208104551016],[52.761125486598729,29.016583808959517],[52.762889269914794,29.015360370973251],[52.767544262264053,29.015579872363791],[52.773475769142657,29.015806935450865],[52.776392404442568,29.015048759692991],[52.78062894114273,29.014000422182775],[52.785494424296552,29.012703306451769],[52.790098628894917,29.011503859523966],[52.793384554657599,29.010611394014447],[52.796708656827491,29.009769648687037],[52.799557043257707,29.009046026531298],[52.802601925542561,29.00827187351501],[52.805574491006922,29.007507620438616],[52.809806179970188,29.00642986627491],[52.813142632551646,29.007409571926999],[52.816236479231272,29.008354231013044],[52.820004139860615,29.00953250640989],[52.821556814604946,29.010000904862416],[52.822279799742496,29.010933016887112],[52.823950135874249,29.013048331372989],[52.828237897551169,29.013396893795669],[52.832501592755037,29.013739912936099],[52.836303286238923,29.014030426521259],[52.84010068159288,29.014331932329043],[52.844583576915518,29.014663218747174],[52.848974791442345,29.015024655302078],[52.85307853402805,29.015334515861859],[52.857675190136646,29.015718439504443],[52.861991842492586,29.01605977644483],[52.866250309568763,29.016388064642712],[52.87024770510363,29.016708810966445],[52.874069046833036,29.017007601842508],[52.87737423243059,29.017267635415063],[52.881379650048167,29.017704757981452],[52.885926289842395,29.018231881224388],[52.890194921762351,29.018689711796792],[52.894067875676889,29.019160539136262],[52.898083282312875,29.019530450358477],[52.902055060455211,29.020033894126758],[52.905689291576344,29.020456309410914],[52.909648838051865,29.02087113982035],[52.913637016759196,29.021315907305972],[52.917603528959454,29.021746011535392],[52.921632572959474,29.022195208559761],[52.925470944391911,29.022634537095044],[52.929502985318599,29.023070959039519],[52.933663309847454,29.02352983311717],[52.937848312325734,29.024048536757292],[52.941820090474224,29.024443747358081],[52.946106736452748,29.024929111095005],[52.950234541311623,29.025355533713917],[52.953966724236146,29.025783999569853],[52.957870772118795,29.026174291515272],[52.96227042057297,29.026678963593969],[52.966567171132269,29.027199821552255],[52.970666571160407,29.027653452175777],[52.974895134656677,29.028146320059921],[52.978703859988762,29.02850324309885],[52.981881644181726,29.0288551653029],[52.985536148130869,29.029286096410011],[52.98989158703516,29.029641674358651],[52.994212812765277,29.030201942426348],[52.998337179891301,29.030670054821432],[53.002700789861926,29.031136271320108],[53.006754485623553,29.031619878678217],[53.010851549757987,29.032060004506913],[53.014903773912309,29.032507104507971],[53.018520470962351,29.032893756836138],[53.022347937756493,29.033378271884558],[53.026003847610433,29.033671641299083],[53.030120502777784,29.034143928130582],[53.034083024589158,29.034596936049386],[53.038290471013475,29.035088931025768],[53.042421074100574,29.035505481414081],[53.046501026292631,29.03595453946204],[53.05014547758563,29.036375175546109],[53.054932385313762,29.036882876609848],[53.058949952572284,29.03735516566552],[53.063014763696906,29.03773704860723],[53.067227821214878,29.038251504470288],[53.071367427721654,29.038710590383861],[53.075773892147737,29.03920601278794],[53.080008352601247,29.039713099908521],[53.083545523302128,29.040073196742714],[53.086519713797657,29.040412609296762],[53.090594672873749,29.040856740829383],[53.095199274734981,29.041357985218252],[53.099132611989397,29.041788472525202],[53.102929789656621,29.042193561882662],[53.107020241785413,29.042654970449938],[53.111434087963424,29.043111236897385],[53.115928065193103,29.043586376346141],[53.120273108589046,29.044043101066947],[53.12423057648671,29.044492644208503],[53.128444848900642,29.044967453006979],[53.133402381720209,29.045520368554975],[53.137058451124432,29.045933550459928],[53.140812615901815,29.04635409497304],[53.144892983097499,29.046818989778927],[53.148906086087337,29.047239814123884],[53.151018168656577,29.047470506357385],[53.151098624796674,29.047479293394019],[53.152345954873347,29.047615516238416],[53.155312439388574,29.047944655176394],[53.158747088903056,29.048313576336337],[53.161657033633219,29.048625409686103],[53.165152221247247,29.049009643503187],[53.167793923016866,29.048118155902184],[53.170813292173655,29.047049774658689],[53.173856341927184,29.046003584104831],[53.177276243335292,29.044811399485159],[53.181544309969077,29.04331428586071],[53.184888324946741,29.042174662015952],[53.187627398510791,29.041234994796806],[53.191158749166277,29.039999662996102],[53.193905217217512,29.039045957156567],[53.197062451174666,29.037932771485341],[53.200076771676997,29.036537817122554],[53.204341830164857,29.034557378634499],[53.207758214854948,29.033010084078377],[53.211733018059185,29.031174201355533],[53.215062706563963,29.029653084149942],[53.218216546278299,29.028196039447952],[53.22281323973818,29.026086753609693],[53.225332573692171,29.023356031397089],[53.22777964867263,29.020780125657303],[53.228938444323269,29.019552668450821],[53.228941219204302,29.019549728473194],[53.229011996969106,29.019473700588087],[53.230250622985977,29.018143167226022],[53.232851543341496,29.015357149702801],[53.235507386488365,29.012484292749317],[53.238006088454576,29.009837594356046],[53.240470986891893,29.007179719729702],[53.243280058688796,29.004264052504272],[53.247746966243611,29.002866494336985],[53.250341467551308,29.002051886496574],[53.254415692230197,29.000763124524706],[53.258166946478042,28.999592777336247],[53.26281982517029,28.998118222159306],[53.26673881535438,28.996879262717133],[53.270695944339565,28.99563736532658],[53.2751855996923,28.994226097544622],[53.279364322321683,28.99291249602274],[53.283557288238605,28.991578166475552],[53.287378871981232,28.990362862467322],[53.291259402557735,28.989142114021046],[53.29484651907655,28.988022865647885],[53.298372058226541,28.98689827662788],[53.302354141194058,28.98565016927656],[53.305999464200404,28.984495987970501],[53.309794496623411,28.983296430378147],[53.3140229701308,28.98195363143623],[53.317958503393633,28.980699435816728],[53.321499552760493,28.979600848386315],[53.325411368108242,28.978360453632465],[53.329051540595891,28.977219237221281],[53.332212192986816,28.976217261834993],[53.334922015262499,28.975357985425422],[53.338977177756462,28.974089993492036],[53.34331408817382,28.972706305556159],[53.347190325294825,28.971490579393553],[53.350781279313402,28.970356573855376],[53.354794492788031,28.969088542694699],[53.358530238459466,28.967899887033951],[53.362637156418479,28.966629269620437],[53.366714625582915,28.965986190243221],[53.370700641476439,28.965431185898616],[53.374836877965826,28.964778056317169],[53.376715022439534,28.963262941138822],[53.376675941150133,28.961940310711483],[53.376635883904832,28.960584605504451],[53.377430479666458,28.959141487133806],[53.379180496874511,28.95550585347997],[53.380873694432886,28.951837768777406],[53.382389049584226,28.948636144000009],[53.383912981473991,28.945345752154985],[53.387237298373613,28.944410546231559],[53.39041510093076,28.943509086162855],[53.393235091635383,28.94270722279953],[53.396635871357354,28.941751263485784],[53.399419238323681,28.940957586188969],[53.404468852031215,28.940287057733162],[53.408767599405465,28.93967717652534],[53.412592718668925,28.939150726786199],[53.416630328788493,28.938594014937912],[53.420386167549445,28.938102253218158],[53.424861718431636,28.937490599939448],[53.428820064153122,28.936926819158156],[53.433037115443078,28.936350321914396],[53.437178727070489,28.935787244034973],[53.441249951538943,28.935227847750028],[53.444729316218321,28.937259977507452],[53.448067631225896,28.939228005185086],[53.451551859337108,28.941260701793773],[53.454838690195771,28.943194497814645],[53.456967050649496,28.944443965997234],[53.457355680667213,28.944672106710765],[53.459344729242787,28.946041949047956],[53.460410132156944,28.950026015646248],[53.459916390547662,28.952071961114335],[53.458701906275849,28.953911168252912],[53.458448344874292,28.954114059804677]]},"properties":{"OBJECTID":57,"gis_id":"FR833","denomi_vol":3,"owner":null,"Shape_Length":108727.31976841936}},{"type":"Feature","id":58,"geometry":{"type":"LineString","coordinates":[[52.476751146030452,29.184315685334255],[52.476916321486598,29.183925682164588],[52.478651027336269,29.182286243512838],[52.481704158117822,29.180133360823753],[52.485028720019976,29.177785757080827],[52.488359937643914,29.175414741689607],[52.491145768193093,29.173445628353409],[52.493171237506644,29.172577178062163],[52.496395788763351,29.171227679730848],[52.499906325268512,29.169743878868733],[52.503568798173923,29.168185493391253],[52.506830660010785,29.16668612480483],[52.509995075520521,29.165165922346745],[52.513183823396979,29.163717523515523],[52.516156135521832,29.162270029800474],[52.518615913897683,29.161108236539071],[52.520944210141707,29.160429492119928],[52.523437652361793,29.159647195618092],[52.523496898049984,29.159628607124095],[52.523862651808933,29.159513850009084],[52.524157929578919,29.159426012783999],[52.524236943514055,29.159402508265437],[52.526521218931364,29.158722967781344],[52.530017805099597,29.157623288442419],[52.532450316868044,29.156957334070395],[52.535124061458696,29.156024751824486],[52.53918593764444,29.156995724483778],[52.542139045363669,29.157687810506932],[52.545270255765018,29.156541585324455],[52.547892904088421,29.15557245653417],[52.552879007242325,29.153779302474675],[52.555775918994513,29.152700024409079],[52.559143302358066,29.150373641443988],[52.562178116559153,29.148495675773141],[52.565032131448532,29.146447630476167],[52.56925458912076,29.144406646920878],[52.572360948648594,29.142696856556135],[52.575491596151828,29.141235526200518],[52.57838818390367,29.138775611361115],[52.581064908239135,29.136507831623625],[52.583113896916231,29.134753166409396],[52.586501287582756,29.131846708680403],[52.588532176558417,29.130125264025832],[52.591267484921602,29.12896303379495],[52.592890862548536,29.128262242504285],[52.595966052979769,29.125598570394029],[52.599380143613033,29.122585558154714],[52.601857201396676,29.12042489578792],[52.604591941832894,29.118017946961601],[52.607809331766624,29.115384049712649],[52.610827993167931,29.112996160411939],[52.61400366377363,29.111464785053304],[52.61689920263435,29.110039656087736],[52.619950504259684,29.108578464523138],[52.62364711783988,29.10677920613988],[52.626595250462898,29.104519784685085],[52.629835558988873,29.101995775459976],[52.632673582318496,29.099789028221242],[52.636073997567735,29.097136989535809],[52.639253911280314,29.094631284544491],[52.641895145135109,29.092637874581481],[52.64477846649423,29.090391432976514],[52.646553492357427,29.089007459346146],[52.64921058636159,29.086212922521725],[52.651689151375265,29.083563181890128],[52.654446753249935,29.080654871543164],[52.656947328152206,29.078015600667175],[52.659521827425635,29.075315441624042],[52.662254928825433,29.072377925850322],[52.665360053426909,29.069098169650406],[52.667839950005117,29.066456834196973],[52.670925993944337,29.063147205352855],[52.673218724098454,29.060696386811543],[52.675864624178388,29.057891450853955],[52.677899476974957,29.055746719321675],[52.680900241377749,29.05254077729191],[52.683856641515924,29.049422356331668],[52.685951028821336,29.047201163041663],[52.688523056820735,29.044478521237231],[52.691020719452233,29.041804710910974],[52.693023324867788,29.039654914234006],[52.695077424905357,29.038623285721307],[52.698631062040825,29.036785833386421],[52.70185707303839,29.035169079780786],[52.704717017727809,29.033707767278496],[52.708317031203052,29.033593631879231],[52.711586538244212,29.033463002950629],[52.714824608744145,29.03337909789013],[52.718937440589343,29.033264894711291],[52.723249256402525,29.033104405929148],[52.727911566931049,29.032933082649393],[52.73016848271363,29.032880078428224],[52.732980127102238,29.03275267926028],[52.736319122713887,29.032643646083812],[52.73818712478711,29.032595804827164],[52.740317041406186,29.03111630218023],[52.744269285436872,29.02838276154386],[52.747847971110509,29.025903938024907],[52.751639497635686,29.023256052912441],[52.754430117844883,29.021361321512675],[52.757457829460193,29.019273033379257],[52.761184161735983,29.016648667732341],[52.762919741360264,29.015444790554582],[52.767539685360617,29.015662637229383],[52.773487400976897,29.015890321183445],[52.776418545481562,29.015128373700026],[52.780655395466546,29.014079958309534],[52.785521497019687,29.012782679002335],[52.79012593693335,29.011583170137332],[52.793411516662097,29.01069079744881],[52.796734651935388,29.009849296575386],[52.79958319362472,29.009125635789612],[52.802628250797987,29.008351437849573],[52.805600836241524,29.00758717918335],[52.80980418646007,29.006516643713063],[52.813112235188022,29.007488006735656],[52.816205217087123,29.008432402704198],[52.819973041293366,29.009610729220395],[52.821496582511244,29.010070339652465],[52.822202139723039,29.01097998079862],[52.823897733906719,29.013127285675441],[52.828229106264295,29.013479392855505],[52.832493214000571,29.013822444934874],[52.83629496419119,29.014112961743745],[52.840092493117467,29.014414481105046],[52.844575234582756,29.014745755364757],[52.848966363530309,29.015107184832953],[52.853070041686465,29.015417038775748],[52.857666507596704,29.015800947424339],[52.86198350160781,29.016142311629171],[52.866241907776583,29.016470594645231],[52.870239245120942,29.016791337201347],[52.87406076765437,29.017090140754839],[52.877364219820116,29.017350037325933],[52.881367678711655,29.017786945345879],[52.885914415814391,29.018314082218396],[52.89018275340711,29.018771879865341],[52.894056502978195,29.019242802232757],[52.898071636993343,29.019612690904228],[52.90204215378364,29.020115974362238],[52.905677533073295,29.020538520898114],[52.909637326688888,29.020953378789105],[52.913625313600782,29.021398123243557],[52.917591826890295,29.021828228203205],[52.921620554430397,29.022277388543287],[52.925459095253849,29.022716738079204],[52.929491354212203,29.02315318223939],[52.933650858009223,29.023611965332801],[52.937836426906308,29.02413073947557],[52.941808764944639,29.024526007181262],[52.946095211871125,29.025011346098903],[52.950222933795693,29.025437760514343],[52.95395529207233,29.025866247171599],[52.957859344547799,29.026256538744416],[52.96225787944644,29.026761082873765],[52.966554842559567,29.027281966956629],[52.970654486020933,29.027735625639458],[52.974883938284179,29.028228595618845],[52.978692970083195,29.028585546127655],[52.981869483058581,29.028937328861353],[52.985525515484966,29.029368439349618],[52.989880340350638,29.029723967714002],[52.994199895637053,29.030284017576079],[52.998325453043549,29.030752266097917],[53.002688761702977,29.031218451469769],[53.006742425652668,29.031702053388173],[53.010839960412596,29.032142229108683],[53.014892209674336,29.032589331969195],[53.01850805866102,29.032975893719939],[53.022336923029926,29.033460585515861],[53.025993455371179,29.033754004452341],[53.030108250721014,29.034226078225334],[53.034070725861369,29.034679080361101],[53.038278878974836,29.03517115794893],[53.042409843159348,29.035587744690829],[53.046489029702606,29.036036719379823],[53.050133691288771,29.036457379401757],[53.054920486609838,29.036965068532787],[53.058938689147332,29.03743743167642],[53.063003263165541,29.037819290117898],[53.067215431773612,29.03833363831901],[53.071355543119182,29.038792781764279],[53.075761544484209,29.039288150931132],[53.079996561192161,29.039795304870736],[53.083534029100129,29.040155432280596],[53.086507839169187,29.040494800891857],[53.090583056615273,29.040938960857229],[53.095187770665731,29.041440216271365],[53.099121103473692,29.041870701952334],[53.102918105912224,29.04227577391859],[53.107008733610975,29.042737202176916],[53.111422949985482,29.043193505658525],[53.11591672452618,29.043668622798965],[53.120261465347021,29.044125316152048],[53.124218538528517,29.044574814863516],[53.128432917892589,29.045049635854369],[53.133390433165459,29.045602550181968],[53.13704647606896,29.046015728037801],[53.140800592807061,29.046436267259502],[53.144881335534293,29.04690120510778],[53.148894684866825,29.047322055138675],[53.150520556058972,29.047499643745535],[53.150601011863962,29.047508431045021],[53.152334235491999,29.047697721837359],[53.155300814798132,29.048026870323724],[53.158735621066633,29.048395807041409],[53.161645473802096,29.048707631323751],[53.1651639652396,29.049094426772402],[53.167828433359801,29.048195254845332],[53.17084807757751,29.047126777607836],[53.17389090012307,29.046080665067819],[53.177311101560925,29.044888376071903],[53.181578830675555,29.043391380716013],[53.184922511786169,29.042251869398378],[53.187661973552771,29.041312068104418],[53.191193504698866,29.040076672963746],[53.193940092205494,29.039122926102678],[53.197102071334349,29.038008066039406],[53.200120752952351,29.036611094822483],[53.204385441873455,29.034630827158917],[53.207801734711872,29.033083574402085],[53.211776681648644,29.031247622913689],[53.215106374662021,29.029726504093954],[53.218260287304297,29.028269424822543],[53.222874163483844,29.026152254731777],[53.225405360040028,29.023408672379791],[53.227852090439463,29.020833126874315],[53.229013954819244,29.019602415382614],[53.229506015846397,29.019073849336621],[53.229579322985956,29.018995103548907],[53.230323525241161,29.018195675084876],[53.232924543974185,29.01540955008894],[53.235580220923879,29.012536870827713],[53.238078874661468,29.009890221603722],[53.240543473736267,29.007232667370385],[53.243335566814999,29.004334620433337],[53.247778611549393,29.002944526528687],[53.250373268756846,29.00212987077159],[53.254447401755613,29.000841138409857],[53.258198683528569,28.999670782368387],[53.262851877648934,28.998196125424048],[53.266770598005017,28.996957250699761],[53.270727570002862,28.995715401564429],[53.275217327792824,28.994304102821129],[53.279396219154606,28.992990449377722],[53.28358938770841,28.991656053401137],[53.287410767557851,28.990440814395868],[53.291291030422812,28.98922014928851],[53.294878342154341,28.988100840243352],[53.298403944394288,28.986976231717655],[53.302385920284486,28.985728156545903],[53.306031450990524,28.984573907786118],[53.309826433278921,28.983374367754998],[53.314055024866526,28.982031531323376],[53.317990229172288,28.980777439362662],[53.32153120609221,28.979678874717607],[53.325443165709743,28.978438433302031],[53.329083336434351,28.97729721654035],[53.332244138885883,28.976295195269756],[53.334953776023241,28.975435975381817],[53.339009023091116,28.97416795733599],[53.343345976739087,28.972784254995279],[53.347222066341381,28.971568574265092],[53.350813103092072,28.970434542195939],[53.354826443995449,28.969166471149713],[53.35856189551378,28.967977909016231],[53.36266125650392,28.966709630623431],[53.366730306997084,28.966067878112039],[53.370716331535114,28.965512871468942],[53.374880416771987,28.964855344020787],[53.376810299331666,28.963298490334594],[53.376768470623389,28.961882942913537],[53.376730639460717,28.960602585238753],[53.377516291121481,28.959175708989886],[53.379267503235845,28.955537583477195],[53.380960805076619,28.951869270221181],[53.382476134753048,28.94866768934537],[53.383983594291529,28.945412860362431],[53.387266095744877,28.944489417992081],[53.390443928948748,28.943587949138333],[53.39326390840332,28.942786087376941],[53.396664724775519,28.941830117783073],[53.399440930589016,28.941038483496218],[53.40448337864008,28.940368905669299],[53.408782374487096,28.939758987405298],[53.412607247786433,28.939232571745489],[53.416644552851693,28.938675901522412],[53.420400327817013,28.938184149813033],[53.424876473878406,28.937572413851655],[53.428834819611311,28.937008633927931],[53.433051683968429,28.936432161222154],[53.437193184755841,28.935869098441131],[53.441228339305873,28.935314657340371],[53.444677062062915,28.937328889321204],[53.448015394162361,28.939296926879607],[53.451499657378584,28.94132964396146],[53.454786234147221,28.943263291583598],[53.456995541396147,28.944560280573281],[53.457300433783097,28.944739264031409],[53.459260628974931,28.946089236099613],[53.460313632371665,28.950026945234772],[53.459827388914327,28.952041809370225],[53.458631342955997,28.953853090798717],[53.458289781859364,28.954030941111309]]},"properties":{"OBJECTID":58,"gis_id":"FR832","denomi_vol":3,"owner":null,"Shape_Length":108694.17189870801}},{"type":"Feature","id":59,"geometry":{"type":"LineString","coordinates":[[51.855308573484542,30.072060839183269],[51.855021296648161,30.071887363290518],[51.853720003362831,30.071059787826627],[51.849552694292015,30.070667365526635],[51.845628958986602,30.070155709770326],[51.843724974300876,30.069945344405472],[51.842956198026421,30.070800128185553],[51.841401867172344,30.072553902866066],[51.840220026351666,30.073897050243982],[51.837976713357008,30.076404256801997],[51.836085663033415,30.078552720173867],[51.834299620929386,30.080558437633012],[51.83285270125814,30.082173902768776],[51.831155193579782,30.084073185066963],[51.829017159396336,30.085933505551392],[51.826675906703805,30.087969703093247],[51.824684610343255,30.089665212466265],[51.822621320569965,30.091449145030346],[51.821263604746264,30.092592368468811],[51.818940375374851,30.094625888159566],[51.817253089975424,30.096093790834253],[51.814939796293643,30.09810697235713],[51.812458848859322,30.100270169605167],[51.810000404322096,30.10233385450934],[51.808222394128073,30.103858064371003],[51.806114899305186,30.105664937752969],[51.804167027930895,30.107362128044841],[51.802033334275016,30.109182183808045],[51.799802198768162,30.111156205219942],[51.797934861446187,30.112774359078479],[51.796910498125932,30.113052953593865],[51.79439662016609,30.113758484965782],[51.791457742714393,30.114592982049754],[51.788671125326722,30.115295580912861],[51.78474354956289,30.116395142034779],[51.78260987408455,30.116992209823557],[51.78033882128468,30.117603573881929],[51.776846059089848,30.11856798431743],[51.774567501602156,30.120100670992528],[51.772238840492221,30.121652958957302],[51.769012012347652,30.12384209164868],[51.767168860542405,30.125109458294325],[51.764703313025016,30.126788808058233],[51.762387367731904,30.128361223766241],[51.759846563591495,30.13006121536036],[51.756957141686414,30.13200456519543],[51.754555370926262,30.133593165447689],[51.752502245833732,30.134931415443106],[51.750096226153744,30.136564581439831],[51.747438065733327,30.138587597315624],[51.745609127508551,30.139825649137943],[51.743446763897488,30.141252777126709],[51.740789171564806,30.142825032304462],[51.738324710963539,30.144088834466363],[51.736598207518959,30.145068524327201],[51.734558269380955,30.146160573593001],[51.732009590212243,30.147614126178354],[51.728873438557237,30.149307835818991],[51.727152493943514,30.150709601291844],[51.724517529530104,30.152804100955823],[51.722448535337506,30.154554715074088],[51.720340313039777,30.156326123135401],[51.719057237634949,30.157366780314714],[51.71805761959866,30.158675070515077],[51.716696956281005,30.160434733412696],[51.715655146581035,30.161776799812507],[51.714227237568416,30.163584938142719],[51.712826521800629,30.165355893072451],[51.710378886316718,30.167466244911054],[51.709168553591226,30.16849023055353],[51.70726162819583,30.170145170343023],[51.704399219422314,30.172554286805191],[51.702551295896086,30.174111723523712],[51.700190062014578,30.176159171161533],[51.698543452710922,30.177589301473255],[51.695505263956171,30.180168340550999],[51.692722515504812,30.182531613320258],[51.690744382285224,30.184186832041799],[51.690057976925885,30.186509927551942],[51.689512849484849,30.18849892338789],[51.688986051219089,30.190164281954299],[51.688418042032488,30.192232970225916],[51.68752357879896,30.195280793407136],[51.687069886354919,30.197139828688059],[51.686499366412257,30.19888624040264],[51.685461310326851,30.200176344132256],[51.68398513442822,30.201946170150379],[51.682743325352156,30.203438527195296],[51.681246731165615,30.205284970494571],[51.679813161143649,30.207092138602217],[51.678521991093639,30.208575783395563],[51.676714015986654,30.210738491426895],[51.675076794375158,30.212689393537072],[51.67370133071006,30.214401604335663],[51.672094112192383,30.216290749749923],[51.670825571270043,30.217818433280488],[51.669012369409614,30.219999572251229],[51.667522061850377,30.221716457383103],[51.665857513676094,30.223796223186444],[51.66419552084249,30.225800205689236],[51.662336685110219,30.22807440396571],[51.660783510050351,30.229975444929199],[51.658991016547446,30.232132476380038],[51.656996307911534,30.234558360228164],[51.655359370709057,30.236497679437761],[51.65365996403952,30.238570756554505],[51.651573622073172,30.241050895607525],[51.650656091506264,30.242209434162902],[51.649647980623584,30.243380785568572],[51.647632347584143,30.245860256883908],[51.646095272074767,30.247796649555067],[51.645144263552588,30.248992145154297],[51.643576691470514,30.250772137494451],[51.641515490361925,30.253183923492209],[51.639566369995059,30.255555395519107],[51.638295062477582,30.257079897937821],[51.636327715839215,30.259462634687694],[51.635063546134617,30.261042095711481],[51.633590821959871,30.263282547394244],[51.632208901225823,30.265396109162033],[51.630678231089433,30.267880978200701],[51.629096231868026,30.270330109815355],[51.627580063851113,30.272727744348998],[51.626227772162672,30.274878401866914],[51.625033486155274,30.276820090162861],[51.623511623592762,30.279190374293403],[51.621944273164836,30.28165902111267],[51.620847920248707,30.283414992329487],[51.619610373610733,30.285296734389362],[51.618178054501257,30.287605862151114],[51.61660266092548,30.290078349983997],[51.614615931463611,30.293210347797412],[51.613623318816998,30.294852550725992],[51.612386160431264,30.29671339104857],[51.61184744660725,30.297541804295751],[51.609524541186573,30.298572288937947],[51.608358487440952,30.30042404951898],[51.609116717515938,30.301936779461208],[51.608174030428174,30.303356458626428],[51.607216734198417,30.304930773636308],[51.606156216101802,30.306628167680177],[51.604955935744911,30.308535253972664],[51.603632560266902,30.310639848083269],[51.602333873179603,30.312668723295996],[51.600437024307936,30.315689235902205],[51.598551156506858,30.316802829131902],[51.596205733610226,30.318151185239937],[51.594773278687995,30.31901971314052],[51.592070195850667,30.32060579195273],[51.59064386740463,30.321422895628761],[51.587392064969428,30.321748650327603],[51.585081787856204,30.32195706473982],[51.582782564527115,30.322220767273688],[51.579961638647013,30.322572467339111],[51.57854196843757,30.322610068730519],[51.577376903748906,30.322705887055928],[51.574618530941898,30.323778862291821],[51.572650446618965,30.32457631182405],[51.570179380176349,30.325513260774247],[51.568328745760674,30.326248449571583],[51.56618631151067,30.327069545608314],[51.56356469819633,30.32810269652547],[51.561495200739884,30.32891974914212],[51.559266207693419,30.329797873208076],[51.556678208156555,30.330811928146634],[51.553683085117413,30.331970073228167],[51.551616265640995,30.333500534254714],[51.549645993770461,30.334991408515627],[51.548083463720744,30.336128903228978],[51.54652856613928,30.337329009381879],[51.544103329833192,30.339010806459186],[51.542958887063776,30.339972999913993],[51.540878354676401,30.341514813062865],[51.539273016929201,30.342689112163434],[51.537332351417938,30.344182074540903],[51.534772476638928,30.346051090786144],[51.532764940679691,30.347534607661277],[51.530328489567538,30.349355032655048],[51.528288614749371,30.350866331427298],[51.526385670284682,30.35226432204783],[51.524426280306017,30.353768621416375],[51.522271063376174,30.355372282743815],[51.520022393842922,30.357021759772643],[51.518131360349756,30.3584544524441],[51.515473674591561,30.360414335843704],[51.513377658289485,30.361956400342077],[51.510984114416821,30.363737355415612],[51.508700343948455,30.365430671461187],[51.506834946671248,30.366807717387225],[51.504513610299874,30.368581809206074],[51.503055426438998,30.369645249658507],[51.500811231185907,30.371314527442461],[51.498470365410235,30.37305579623175],[51.49660898004403,30.373937151841737],[51.494323560779272,30.375001866911834],[51.491531744729954,30.376359373830088],[51.4887262948615,30.377679964982232],[51.48608460735673,30.378908282006567],[51.483753599790901,30.380046780329597],[51.482159314250943,30.380795831329699],[51.480093563436185,30.381777513680774],[51.478030251954991,30.382755841184917],[51.476836619882668,30.383759972023938],[51.474496247968915,30.385672314975007],[51.472196558977778,30.387545006813458],[51.468305327701785,30.388187796579295],[51.467021277202711,30.388400065686472],[51.465090200874805,30.390259607262266],[51.463066112300396,30.392222396605501],[51.462173733598263,30.394647330419335],[51.46034525206862,30.399680096474274],[51.458707887449407,30.401752525533048],[51.456714840054332,30.404275746670635],[51.455290211921245,30.406449371616038],[51.453693412064013,30.408860877894643],[51.452242996814057,30.411051100036808],[51.451049557388629,30.412852635682754],[51.449831435048864,30.414663563386359],[51.448304852630535,30.41691981492519],[51.447872030980683,30.417561205859744],[51.447910442142593,30.419646254543355],[51.447971480154607,30.422239730374251],[51.447984154766701,30.424312260488094],[51.448042868695829,30.426089691599945],[51.448073252208793,30.426424197912301]]},"properties":{"OBJECTID":59,"gis_id":"BiBargh","denomi_vol":5,"owner":null,"Shape_Length":58231.687737606109}},{"type":"Feature","id":60,"geometry":{"type":"LineString","coordinates":[[51.675841604229497,30.192055001825086],[51.676126509108855,30.191882666160719],[51.677733756317771,30.190795864527171],[51.681185629115852,30.189645881826564],[51.683312803691358,30.188909323870888],[51.685139298532079,30.187195581518619],[51.687110362845289,30.185351269419037],[51.688485531686979,30.184111972779743],[51.690376631828002,30.184118792228961],[51.690712346362034,30.184180905915291],[51.690017656556805,30.186501204087008],[51.689472597295158,30.188489957563494],[51.688945798343106,30.190155308761359],[51.688377699219977,30.192224324011228],[51.687483104916858,30.19527258979728],[51.687029526873204,30.197131149685259],[51.686461299185247,30.198870542987898],[51.685427453484067,30.200155415752501],[51.683951468908653,30.201925009385263],[51.682709494726076,30.203417565506495],[51.681212630291306,30.205264340111544],[51.679779457517981,30.207071005865281],[51.678488596479731,30.208554294993295],[51.676680408731606,30.21071725814906],[51.675042955920112,30.212668433564396],[51.673667570258409,30.21438054796096],[51.672060543158068,30.21626946819352],[51.670791867991987,30.21779731272078],[51.66897892135502,30.219978141312207],[51.667488390824687,30.221695285293826],[51.665823582603828,30.223775375059844],[51.664161708983727,30.225779212153885],[51.662302786262337,30.228053515079687],[51.660749705705769,30.229954441471701],[51.658957246859266,30.232111427176168],[51.656962626451339,30.234537201791536],[51.655325672449678,30.236476544135961],[51.653626244789351,30.238549644392627],[51.651539702339697,30.24103002034596],[51.650622301452785,30.242188397398426],[51.649614340950052,30.24335957093372],[51.64759824763896,30.245839608920157],[51.646061050102624,30.247776151600501],[51.645110624873666,30.248970914946621],[51.643543479649729,30.250750419305071],[51.641481869662343,30.253162685064975],[51.639532606555811,30.255534328755317],[51.638261325603182,30.257058800042579],[51.636293743387981,30.259441822599133],[51.635028346202681,30.261022814306394],[51.633554682597776,30.263264694132587],[51.632172479241632,30.265378686435064],[51.630641757005499,30.267863640136802],[51.62905986832358,30.270312599336581],[51.627543584386331,30.272710414496149],[51.626191176854192,30.27486125629099],[51.624996976761416,30.276802803078937],[51.62347524742043,30.279172878611323],[51.62190777692004,30.281641713276205],[51.620811573836775,30.283397445253083],[51.619573995803599,30.285279232247088],[51.618141542244992,30.287588573222532],[51.616566242750366,30.290060912192313],[51.614579290039615,30.293193260646028],[51.613586641959806,30.294835523029128],[51.612349934421793,30.296695652035702],[51.611817370146881,30.297514608368505],[51.609494187851922,30.298545215437741],[51.608312221526575,30.300422244876852],[51.609070216918688,30.3019345083299],[51.608137600122916,30.303339020668169],[51.607179942137662,30.304913929637841],[51.606119577253885,30.306611069190581],[51.60491942207873,30.308517961465387],[51.603596113984644,30.310622441204568],[51.602297422269118,30.312651326915599],[51.600405302855805,30.315664305782924],[51.598527960609857,30.316772863905729],[51.596182322495103,30.318121343306736],[51.594749706121497,30.318989969145321],[51.592047077687944,30.320575780113543],[51.590629228948444,30.321388026473709],[51.587387527927483,30.321712769881984],[51.585076908576475,30.32192121642009],[51.582776879421658,30.32218500908235],[51.579958033390923,30.322536450736578],[51.57853936627393,30.322574024186022],[51.577366142567563,30.322670515587372],[51.57460121353288,30.32374604068346],[51.572633308208047,30.324543416979555],[51.570162383580062,30.325480312648001],[51.56831167492102,30.326215530403513],[51.566169297282443,30.327036604257444],[51.563547475643738,30.328069838540394],[51.561477979822044,30.328886890227178],[51.559249040402975,30.329764993099229],[51.556661172837167,30.330778996251254],[51.553660646386909,30.331939230531653],[51.551589079475711,30.333473206758114],[51.549618938711227,30.334963981502643],[51.54805625149298,30.336101590391447],[51.546501723673707,30.337301410907866],[51.544075792826796,30.338983689253819],[51.542930861606173,30.339946293163408],[51.540851423644426,30.341487294933032],[51.539245790709444,30.342661809716368],[51.537305138975768,30.344154761181901],[51.534745580526042,30.346023546078147],[51.532737863420628,30.347507196509479],[51.530301391557849,30.34932763662864],[51.528261648054666,30.350838837799369],[51.52635842294093,30.352237034304373],[51.524398934093021,30.353741409260675],[51.522244072602817,30.355344805774241],[51.519995260578327,30.35699438698121],[51.5181041852994,30.358427111011746],[51.515446728862933,30.360386824892569],[51.513350641685577,30.36192894121665],[51.510957036431805,30.363709941593154],[51.508673327032412,30.365403212007795],[51.506807691463067,30.366780433553402],[51.504486447998858,30.368554453996467],[51.503028477258709,30.369617738799995],[51.500784127195274,30.371287131390488],[51.498446577784968,30.373025932989954],[51.496589152259119,30.373905413506652],[51.494303526168935,30.374970224819933],[51.49151163104699,30.376327770053571],[51.488706525685934,30.377648198903188],[51.486064551112356,30.378876649279146],[51.483733464395939,30.380015186149368],[51.482139391294631,30.380764137260002],[51.480073570022107,30.381745852995589],[51.478005316576827,30.382726523590204],[51.47680784471364,30.383733884417726],[51.474467718087666,30.385646026477492],[51.472176876313682,30.387511513581895],[51.468297532097921,30.388152339523469],[51.466999711410452,30.388366884929571],[51.465059208797769,30.39023550327115],[51.463029146677485,30.392204084484963],[51.462134041847072,30.394636423739914],[51.460307396148671,30.399664131460415],[51.458673529736821,30.401732131767101],[51.456679494578545,30.404256602260318],[51.455254049194572,30.406431472931516],[51.453657294360177,30.408842909868159],[51.45220688011856,30.411033129265437],[51.451013510052313,30.412834559208314],[51.449795483031195,30.414645344213245],[51.448268914426656,30.416901574107836],[51.447830202661038,30.417551693081656],[51.447868800261844,30.419646910687142],[51.447929832643695,30.422240194085383],[51.447942507283422,30.424312872645505],[51.448001234355196,30.426090724476097],[51.448029193075499,30.426429124275803]]},"properties":{"OBJECTID":60,"gis_id":"MT637","denomi_vol":5,"owner":null,"Shape_Length":39102.121804955888}},{"type":"Feature","id":61,"geometry":{"type":"LineString","coordinates":[[51.294422946307826,29.377812907005339],[51.29445006088018,29.377785637358578]]},"properties":{"OBJECTID":61,"gis_id":" ","denomi_vol":3,"owner":null,"Shape_Length":4.006618077127742}},{"type":"Feature","id":62,"geometry":{"type":"LineString","coordinates":[[55.218532837173036,28.98461867634952],[55.218890345038417,28.985214495540774],[55.219256428710018,28.986429162518977],[55.219668766986899,28.988798789621185],[55.219780354273475,28.990924437368314],[55.213847619196137,28.99259886645735],[55.209776262934803,28.992658785945185],[55.205725158568654,28.99273465513274],[55.201633320062818,28.992791794161846],[55.197536112797074,28.992862273731877],[55.193475187213991,28.992912817226607],[55.189447540498925,28.992968206643546],[55.185383814062838,28.993032005075683],[55.181296959338653,28.993097619163645],[55.177195032272223,28.993144848077073],[55.173087574059345,28.993214439776953],[55.169018969696317,28.993264136562811],[55.164847615004611,28.993319052266802],[55.160786388236922,28.993386651204144],[55.156606729957275,28.993475039058666],[55.152863779090609,28.993540073246901],[55.148872199674535,28.993587979551545],[55.144952051784948,28.993659333473097],[55.140670263911943,28.993718713585213],[55.136753179167478,28.993762797003079],[55.132453396641189,28.993823917944905],[55.129190862096308,28.993861236478544],[55.124202559303107,28.99395382811911],[55.118897178146568,28.993304417733615],[55.11508435053473,28.992846200199196],[55.110813107823212,28.992338451144821],[55.106959108187866,28.991890696424338],[55.102806018586108,28.991382131181606],[55.099058818889858,28.990945459256771],[55.094637010551935,28.990447822071953],[55.090924155428951,28.990008416213858],[55.087018965405974,28.989563867147591],[55.082768823145365,28.989042002579819],[55.078862468969909,28.988527256787691],[55.074974472417615,28.98812999327075],[55.071121054684532,28.98766994714887],[55.066814704819713,28.987144505145917],[55.063156304271139,28.986689339773132],[55.059003374663661,28.986197485750154],[55.05483497117919,28.985712044336584],[55.051560337078776,28.985323130906156],[55.048096284191232,28.984911036802544],[55.044675789178548,28.984504010628424],[55.041214323002862,28.984094034085363],[55.037102601131423,28.983606631097899],[55.034091830913262,28.983248287605026],[55.030333326816205,28.982811055852181],[55.026928215098636,28.982412835088912],[55.023082870520838,28.981963086693387],[55.020031560948404,28.982108958439802],[55.016083797407674,28.982307008406618],[55.011968758442606,28.982529503869515],[55.008308592104193,28.982715852426974],[55.00457906911911,28.982905569239776],[55.000230346069507,28.983135456685218],[54.996377586674775,28.983327592293804],[54.992552125142744,28.983523037186487],[54.988494513418452,28.983735905323474],[54.984377068495732,28.98394623343296],[54.980369874907353,28.984160373143339],[54.976352725746764,28.984358446383631],[54.972363872922898,28.984552320950105],[54.96828496198561,28.984758229611362],[54.964164864912462,28.984970149093531],[54.960085801766894,28.985182574748467],[54.955657500155418,28.985407530636163],[54.951480804388822,28.985624952042745],[54.947458377109022,28.985826587810042],[54.943068342593342,28.986060744534605],[54.938421275621479,28.986315569818817],[54.933993151619141,28.98652852722314],[54.929978018146819,28.986747800789978],[54.925911938032669,28.986948105579494],[54.921972004030508,28.987127703586413],[54.918026105546737,28.98734770479042],[54.91389820629167,28.987557951734718],[54.909826963806459,28.987757685059336],[54.905753011144164,28.987964019812786],[54.901666223564327,28.988170027366472],[54.897697566402123,28.988371017352019],[54.893451673402211,28.988576503179768],[54.88962926302694,28.988777324969469],[54.88543717647029,28.988985668870271],[54.881440084881184,28.989194746434038],[54.877492097736173,28.989386442480317],[54.87345147571569,28.989590071019588],[54.869346339513257,28.989810586508529],[54.865274964336756,28.990011217593999],[54.861252651919912,28.990196721580826],[54.85721974137865,28.990397728232065],[54.853248197994191,28.99060863189942],[54.849266527577008,28.990812484126497],[54.845243948969618,28.991008782669184],[54.841298130018735,28.991215238126784],[54.837514431607431,28.991399407654736],[54.833748494757124,28.991592782988462],[54.829499735386264,28.99204661446905],[54.826610225293152,28.992369772638472],[54.821897659021815,28.99235269117457],[54.817699646870182,28.992348997397393],[54.813609500846198,28.992581583212999],[54.809503953516035,28.992813789572402],[54.805558113512767,28.993016932030844],[54.801619672271684,28.993233616831095],[54.797362509619923,28.993474212783834],[54.792599953262595,28.993708505705804],[54.787253974932433,28.99398477322929],[54.782239719491514,28.994228026800457],[54.777615599964633,28.994466360389769],[54.77301599211733,28.994756834258492],[54.768787572227168,28.994969929748237],[54.764813091665943,28.995187177869752],[54.760633096350176,28.99541436813146],[54.75666668875769,28.995613461163408],[54.752561263151144,28.995832638032702],[54.748425395026061,28.996035377567246],[54.744296817130319,28.99625616250421],[54.740199210841368,28.996468325337126],[54.736131680589665,28.996712459186867],[54.732064789126298,28.996927151375946],[54.727859621465093,28.997128068169804],[54.723723906587907,28.997321021779413],[54.719628324360244,28.997555146791601],[54.715510451255611,28.997752665886583],[54.711471939667774,28.997958197137173],[54.707474661478813,28.998155293694033],[54.703404545776849,28.998396129217689],[54.699329793016808,28.998614200820526],[54.69521665953755,28.998826966602834],[54.691141180233714,28.999076357446786],[54.687027422849766,28.99929292234712],[54.683114339595114,28.999486247815639],[54.677967316901793,28.999806436731625],[54.674962372523517,28.999844730893976],[54.670833855501201,29.000054221237953],[54.666859697268983,29.000245996118778],[54.662659599378458,29.000442691281577],[54.658683069839256,29.000625159687086],[54.654616499399481,29.000817192830809],[54.650542227584474,29.001008966310206],[54.646444914818517,29.00119795139225],[54.642439836539509,29.00139296293505],[54.638355129778361,29.00159094577662],[54.63426277323493,29.001786413279433],[54.630186010790652,29.001973009010285],[54.626109034304058,29.00216850153582],[54.622065762078975,29.002348681096326],[54.617975895469577,29.002545948484975],[54.613830116106058,29.002719525823469],[54.609738620798382,29.002875904662016],[54.60562097761683,29.003162528436164],[54.601536638386548,29.003341345856303],[54.597517423042284,29.003478354645569],[54.593439550697866,29.003708925901705],[54.589335578107473,29.003848662157619],[54.585216545296916,29.004082746636964],[54.581146932496509,29.004288277677453],[54.577041401243655,29.004493027061642],[54.572898831223966,29.004636065431441],[54.568849397997703,29.004855125002479],[54.564721191572694,29.005041034844851],[54.560672283602948,29.00523729655372],[54.556569930451175,29.005414406225778],[54.552511777024847,29.005610250821675],[54.548284675201806,29.00580961657209],[54.54423114572193,29.005995053657717],[54.5413293027813,29.006926034097166],[54.53741737293376,29.00814602285914],[54.533944460778606,29.009247733883136],[54.530514544636674,29.010372710510225],[54.526937143164929,29.01143845111779],[54.522835248793477,29.012753712158894],[54.519197336160794,29.013874502520764],[54.515429180155692,29.015071702569635],[54.511500257617236,29.016333451684627],[54.507686257896566,29.017509264857221],[54.503938802503129,29.018794495148363],[54.500064085998808,29.019822314568732],[54.496146771976179,29.021119907022555],[54.492408747990282,29.022323773426258],[54.488574178481159,29.02358886634633],[54.484749821544924,29.024748015962029],[54.480885243579891,29.025973963172806],[54.477077684655939,29.027173810649931],[54.473173179516451,29.028450648078593],[54.46934699521352,29.029566450293437],[54.465719838378817,29.030726545276046],[54.461806271556114,29.031944217859813],[54.460168834610933,29.032446460923616],[54.459439239304523,29.030390095929913],[54.459452089752574,29.026985115332618],[54.459668587889041,29.024367219146715],[54.459838628020471,29.021345587855745],[54.459845828051328,29.018674144913476],[54.459962557504319,29.015928353591359],[54.460289386065199,29.013107410492086],[54.460260126677632,29.010559115868052],[54.460545291570007,29.007650910154993],[54.460448136021391,29.005098139195933],[54.462804871845563,29.003298060947579],[54.465278694548275,29.001407931445094],[54.467715793465452,28.999570713291948],[54.470087373584704,28.997741383161539],[54.472629622119342,28.998167388639487],[54.473286643987642,28.999063751949485]]},"properties":{"OBJECTID":62,"gis_id":"DG929","denomi_vol":2,"owner":null,"Shape_Length":80209.916599367963}},{"type":"Feature","id":63,"geometry":{"type":"LineString","coordinates":[[52.69189679327981,29.74324823137529],[52.692063642854073,29.74364626716671],[52.691337014058256,29.746861995022073],[52.688920230474423,29.749324264281569],[52.686440713701572,29.751780648749076],[52.683789612615577,29.754158836608717],[52.681552922701741,29.756462487139942],[52.679104055207823,29.759119929569575],[52.676448522584536,29.76178913249467],[52.673705013165637,29.764539246070314],[52.671380442524161,29.766864796797918],[52.66873647850916,29.769479900558288],[52.666009419355589,29.771585091321104],[52.663163884188144,29.773811041967832],[52.660360295762239,29.77602704669496],[52.657544785067948,29.778205029012465],[52.654651271053979,29.780469928256117],[52.65160985776896,29.782839673490777],[52.648578393784,29.785231427710297],[52.645604934769388,29.787552248323163],[52.642587505428189,29.78990701752911],[52.639619029638453,29.792236839663225],[52.636913452996517,29.794338941427398],[52.634264811637642,29.796420106914482],[52.631458286586074,29.798600103159863],[52.628539771169649,29.800903978496045],[52.625611331200361,29.803168844351461],[52.623177572736388,29.805086239805217],[52.620442985703285,29.807231311222708],[52.617466551241556,29.809547128549088],[52.61466100155689,29.811749120372127],[52.611518638084391,29.814205760943175],[52.608469233689078,29.816586496087712],[52.605401842383209,29.818980214791676],[52.602521797596886,29.821160893127328],[52.599709248912255,29.823803149042497],[52.596996072175187,29.826320277624248],[52.594306944089809,29.828772426780631],[52.591602773423148,29.831273561154667],[52.588899595657708,29.833779699786877],[52.586214444549924,29.83624585479701],[52.58349528695959,29.838757977028351],[52.580763164131781,29.841260078806876],[52.578143971821412,29.843684306087276],[52.575387828167415,29.846228388855806],[52.572734753638002,29.848678391697689],[52.570647256030334,29.851297419928585],[52.568422826758059,29.854092119116466],[52.566252470811669,29.856777874814821],[52.564073043076426,29.85952062359846],[52.561931643608411,29.862203411536267],[52.55975724079979,29.864926164300687],[52.55757989239283,29.867617907203019],[52.555458476176312,29.870288716083859],[52.553284084230114,29.873004466494557],[52.551015790745865,29.875762114379167],[52.548704303486637,29.878695727941601],[52.546191874763963,29.881822128608643],[52.543618428552243,29.885024466680679],[52.541171959654839,29.88809893745476],[52.538921796747211,29.890918776242493],[52.536400990121095,29.893478954741891],[52.534225374535993,29.895683665399304],[52.531714816632935,29.898235021948793],[52.529280252291869,29.900702458779822],[52.526875690184234,29.903133928892228],[52.524455128186347,29.905589381096831],[52.521817591045703,29.908269603123511],[52.518992075522107,29.911149631573785],[52.516252590187662,29.913912741355485],[52.513474079085128,29.916737818477166],[52.510934530860958,29.919316144412832],[52.50839299157807,29.92189246480174],[52.505924456823308,29.924383866395885],[52.503408887583596,29.926952216824276],[52.500780384768611,29.929605449890857],[52.498226834947296,29.932202761223664],[52.495796265473686,29.934674200289386],[52.493483693858217,29.937017769176585],[52.491096500262643,29.939474014320666],[52.490431268218515,29.94273775014813],[52.489795411082412,29.946006280542992],[52.489119328862024,29.949466778090745],[52.488437362186282,29.952856266379872],[52.48779847220657,29.956146789207644],[52.487155568732334,29.959450316303677],[52.486474566100853,29.962861803675587],[52.485870856484773,29.965995356321862],[52.485181769050037,29.969470841460289],[52.484543996844835,29.972679363381427],[52.483948476699396,29.975674918371702],[52.483384084666334,29.978553497596547],[52.482734762442583,29.982136035475236],[52.482017843026,29.985532481568416],[52.481319685103415,29.989063957658185],[52.480667186754502,29.992483052831481],[52.482089999367595,29.995224295035733],[52.483625018830942,29.998129499596509],[52.486734772171623,29.999976911920569],[52.489865585282665,30.001815592503245],[52.492917551069617,30.003640189159864],[52.496004442219629,30.005470824203659],[52.499176130017879,30.007341561060588],[52.502634735677042,30.009337863524447],[52.505949347462476,30.011356538947016],[52.509298555330297,30.013338484877014],[52.512601865903157,30.015306382144132],[52.515854330487407,30.017229217916643],[52.519189496021625,30.01925715413735],[52.522638489253325,30.021266219837678],[52.525799201216039,30.023129951911685],[52.528920983958997,30.024990637474751],[52.532201359390591,30.02693850928803],[52.535875509852737,30.029117726218146],[52.536502461812958,30.031838114480014],[52.536629932092652,30.035325189247732],[52.536766037819746,30.03903363059462],[52.536938964261985,30.042820118867063],[52.537085652871511,30.046658607169082],[52.53587311915085,30.050476500565722],[52.535004561813651,30.053130717623652],[52.534015475214126,30.05626983886583],[52.532996507405024,30.059367920306535],[52.531990306406009,30.062601028170789],[52.530942444711656,30.065658069635788],[52.530152784809303,30.068291377449437],[52.529341197726922,30.071558704201056],[52.528462517153741,30.074960969249961],[52.527637610989828,30.078296916412583],[52.525542132119135,30.080477077921923],[52.52336355260497,30.082664766587261],[52.521472903345781,30.084613776992963],[52.518683024986295,30.086344732226951],[52.51484508289888,30.088683552638557],[52.510769160769314,30.091282121530664],[52.507800575036015,30.093061886076253],[52.505087133736843,30.094769891747173],[52.502965422382786,30.096671666767012],[52.500184499909231,30.099117694547157],[52.497514402786372,30.101550847504626],[52.495352176674182,30.103493544034194],[52.492404213786855,30.106155392931505],[52.489747136044869,30.10856355934386],[52.487290043182902,30.110752940145304],[52.484452061808845,30.113304907028347],[52.481752956279124,30.115780032697845],[52.479139910115798,30.118119240805122],[52.476598829994821,30.120398530792304],[52.474149708723473,30.122600917578637],[52.471976493412285,30.124554597035647],[52.469089498538473,30.127171517202687],[52.466671368279663,30.129345933552141],[52.464237229418018,30.131545340195402],[52.461783147330237,30.133732717380223],[52.459127095251773,30.136125884236215],[52.456736985679406,30.138257330918012],[52.45446901192625,30.140304152674055],[52.453248830375315,30.143630772991855],[52.452071928782324,30.146866679110833],[52.451002258376541,30.149832689114547],[52.449842383561538,30.153032611270682],[52.44859712970743,30.156574463328834],[52.447535624537416,30.159421470702579],[52.446522138118709,30.162198528465115],[52.445516731615363,30.16491658947637],[52.444371897798014,30.168071526440297],[52.443384456727969,30.170789604569588],[52.442445252842369,30.173416368681057],[52.442286698746024,30.176457783695202],[52.442115777014266,30.18052589124903],[52.441998046446209,30.183096950732299],[52.441915382332205,30.185547246990655],[52.442444459355642,30.190048446432442],[52.442722961193184,30.192424695039563],[52.442445574592924,30.196123026054575],[52.441539766235515,30.198829595532793],[52.440687276068047,30.201425823534517],[52.440072290191452,30.203291607526083],[52.440475127399161,30.205681898410429],[52.44092123144496,30.208374608340531],[52.441260548217372,30.21055090875355],[52.439278120456301,30.214230174348529],[52.437365286853506,30.217601250352541],[52.435917843615655,30.220261473226657],[52.434533870439822,30.224356538059812],[52.433507356463686,30.227477157528426],[52.432449939771971,30.230593631444147],[52.431420855585436,30.233779694867597],[52.430270616323028,30.237199643303107],[52.429221596057438,30.240364687037321],[52.428245823308075,30.24331145597721],[52.427780547970976,30.246597510342585],[52.427415551553096,30.24961931888901],[52.426972250198389,30.25293005753338],[52.426526055587175,30.256171791264435],[52.42609490593955,30.259366539083771],[52.425661664232663,30.262622285715796],[52.425240480188727,30.265829041760888],[52.424796252747065,30.269089779253484],[52.424406911341364,30.272383420838999],[52.423951361953307,30.27578822195575],[52.423515992923043,30.279070548664581],[52.423018789688648,30.282802065422771],[52.422586696362188,30.285995411489576],[52.422139762089984,30.289379460802831],[52.421695838446333,30.292669408237639],[52.421250345142958,30.296035513950088],[52.420830548609366,30.299362509299016],[52.420372036640643,30.302645277673982],[52.419920535785224,30.306115396676855],[52.419462827055632,30.309567626820023],[52.417893904462488,30.310891209393539],[52.416566647819586,30.312090528496121],[52.413652911607407,30.314625433784482],[52.410757635882483,30.317142914027443],[52.407896726646982,30.319613083414936],[52.40520201938444,30.321972279256194],[52.402460290935899,30.32435820014215],[52.399793787792511,30.32666543115749],[52.39711440191445,30.328988033708715],[52.394514238234493,30.33125712800404],[52.391835281754197,30.333584692190673],[52.388927175704239,30.336144045091434],[52.385854625924914,30.338777158413944],[52.382943167813181,30.341260238212698],[52.380162243161763,30.343470286000816],[52.377950976877557,30.346677882794353],[52.376147715710069,30.349350650772518],[52.373947232098629,30.352560589890697],[52.371885068667062,30.355563721354216],[52.369979339141231,30.358309992319167],[52.36822253243259,30.360912616446271],[52.366297267740904,30.363712388729411],[52.364292382793721,30.366622796469414],[52.362414245371653,30.369372033286442],[52.360337803883233,30.372399483665927],[52.358325976980467,30.375341915654055],[52.356357716492084,30.378182282714135],[52.354342068745979,30.381129385351251],[52.352476298801157,30.383838720801979],[52.350466505232951,30.386765055529004],[52.348523643288708,30.389611504833795],[52.34664123998229,30.392343842492689],[52.344717208530312,30.395114292682699],[52.34280143366999,30.397899388418306],[52.340823415729126,30.400740456697562],[52.338733465065623,30.403743735701006],[52.336674204849963,30.406777957698615],[52.334825279605944,30.409455317499862],[52.332828926786533,30.412352755342084],[52.330857918648981,30.415230096624263],[52.329069275431642,30.417813753984024],[52.327174193137381,30.420576822588316],[52.325411755543001,30.42315224129154],[52.323117620859364,30.42647556793672],[52.321272453912158,30.429189273956521],[52.319299676007184,30.432046901343384],[52.3172600355838,30.434983191721184],[52.31508105880566,30.438184885517767],[52.313069095732466,30.441130318511036],[52.310986282354648,30.44416350380207],[52.308853488917364,30.447228178865434],[52.306739374588133,30.450228810989746],[52.306409678565046,30.45264940540094],[52.306672771984445,30.454430594357159],[52.308339260791598,30.457822461016605],[52.30972746949152,30.460612418137774],[52.311538157088386,30.464228055976662],[52.313295643563002,30.467760304064281],[52.313027364662375,30.469732975889709],[52.312959848790108,30.473372380032366],[52.313201744160281,30.477093915918822],[52.315016524632831,30.480185952415564],[52.318317128671325,30.482831346319021],[52.319915816152225,30.48419699394519],[52.321996489997581,30.487656808839997],[52.324847816853847,30.492408272964365],[52.327674203292901,30.495802982592981],[52.329867628564109,30.498423053412388],[52.331971694292278,30.500938765150643],[52.334311374217307,30.50372729676452],[52.336508889004492,30.506364098105351],[52.338721717721882,30.509016736897465],[52.340951713225422,30.511687320777611],[52.343141589679135,30.514299177968528],[52.345360391798344,30.516961721486236],[52.347565422869508,30.519603125048754],[52.349754523683465,30.522227210337974],[52.351868662593581,30.524715794804809],[52.352661451417696,30.528105197792261],[52.35347494160208,30.531413127341075],[52.354184121471818,30.534606573398531],[52.354942582227345,30.537822831291496],[52.355694705579708,30.541071826426482],[52.35649280362145,30.544465928569966],[52.357196359740406,30.547479495852055],[52.357950581504561,30.550725140900759],[52.358732462920017,30.554038362125578],[52.359521823856412,30.55739098625121],[52.36028338731689,30.560681725817012],[52.361045964953114,30.563892644698431],[52.361810666152117,30.567131659624685],[52.36255533244524,30.57037505832341],[52.363310423208318,30.573551343017925],[52.364061034375105,30.576779396056217],[52.364812272707162,30.579981369501031],[52.36553756383055,30.583052958130629],[52.366283737337731,30.586253192155709],[52.367056035240424,30.589582297368072],[52.367837942122748,30.592874157536194],[52.368574096330178,30.596047428460825],[52.36932770406073,30.599246936100784],[52.370098633315713,30.602453200018637],[52.370839461527673,30.60567408381889],[52.371591771872168,30.608925492942607],[52.372363311645252,30.61220986264366],[52.373106400604307,30.615441222406563],[52.37387670346849,30.618669557722775],[52.374633145965255,30.621912594776759],[52.37539521922146,30.625156121131528],[52.376170131759679,30.62846092784898],[52.376948366545541,30.631741526334139],[52.37771594060095,30.63505893936065],[52.378514983195586,30.638405796485088],[52.379309125616373,30.641824468031199],[52.38019452607616,30.64555474038341],[52.38108615603408,30.649361425829195],[52.381910507535004,30.652852293665823],[52.382670038788547,30.656115422065785],[52.383462551518413,30.659456707309257],[52.384243489746225,30.662827523225975],[52.385005345532356,30.666085558245069],[52.385090829675285,30.669730918528902],[52.385134548832042,30.671566309961037],[52.385172871034761,30.673175005465321],[52.385223651818606,30.675978593262222],[52.386586028652552,30.679427840250582],[52.388090591774876,30.683247959759957],[52.389454771143718,30.686699665137926],[52.391069159265712,30.690781321522472],[52.39253856807948,30.694515354594955],[52.393804548748292,30.697703956519995],[52.394604786342171,30.699771379617836],[52.395937315332269,30.703173247253432],[52.397154415820282,30.706216460363958],[52.398791872148706,30.710412264822477],[52.39995205775157,30.712311409877149],[52.400341839989586,30.712653937408103],[52.402836126196412,30.714845745142039],[52.406815577456378,30.716517927536373],[52.410285326363748,30.717197263688671],[52.414037249431459,30.717941395417796],[52.415183211510005,30.718178240855771],[52.417481436005708,30.718653199970063],[52.42157182405564,30.719494936859398],[52.425282254729801,30.72020536225283],[52.429273918769681,30.720990243683083],[52.434337077692497,30.722021382506316],[52.438746233712905,30.722895471012045],[52.442596828122021,30.723666481174465],[52.446371041734068,30.724420021878782],[52.45029809666341,30.725202251258388],[52.454395094887907,30.726014495577768],[52.458785197421392,30.726891966251895],[52.462220833098101,30.727576711424103],[52.465902414459421,30.728638227333988],[52.469570389566648,30.729688116269894],[52.473123604412763,30.730720627630198],[52.476676184859066,30.731764927480381],[52.480285658517836,30.732794745699017],[52.483830862430047,30.733829824997454],[52.487718098651719,30.734947513149315],[52.491198912944967,30.735958172200643],[52.494872819531906,30.737012011924566],[52.497960841729999,30.737903424293002],[52.501173916749565,30.738826231184035],[52.505394944892181,30.740060122963143],[52.509245764587355,30.741156208694232],[52.513232658036635,30.74231811930678],[52.515508813499807,30.742987828248207],[52.519217195014782,30.744053339951925],[52.524111111283872,30.745464522548009],[52.527471993262658,30.74643452157925],[52.53147321623171,30.747576556431486],[52.534681106808804,30.748505551160548],[52.53856749364828,30.750656373607566],[52.542049607508496,30.752606561082175],[52.545174091310997,30.754367067656407],[52.548679312086804,30.756316942809562],[52.551765952382496,30.758025885048948],[52.554971808532237,30.759807574202338],[52.558251930084396,30.761664240902562],[52.561644389089437,30.763556050749212],[52.564660000800252,30.765246682457406],[52.567756376629589,30.766976156176298],[52.571101057517346,30.768832476592348],[52.574034541037612,30.77047986953232],[52.577114448341817,30.772194170221198],[52.579775050826605,30.773696446724333],[52.582926292652331,30.775433942205968],[52.586385766335404,30.777385046555874],[52.589196464008566,30.778927421018743],[52.59426448399347,30.781758702737818],[52.597172090050755,30.783457102559044],[52.600587628600437,30.785443688692713],[52.603905488169595,30.787372753247308],[52.607515978884564,30.789448425486576],[52.610860074300575,30.791372273345498],[52.613988630561956,30.793176459386412],[52.61724111291413,30.795049368665996],[52.620475252553277,30.79693763114399],[52.622290697720238,30.797981596098261],[52.623101278136893,30.798447701424951],[52.62646100042469,30.800183791978245],[52.629513922810283,30.801755338836777],[52.632933459430717,30.803509957624158],[52.636218367419488,30.805216962092416],[52.639471544241538,30.806890148814784],[52.643147453922637,30.808778070881715],[52.64645150965066,30.810487282396981],[52.649689722512989,30.812145987174684],[52.652740478636623,30.813704372376097],[52.656037199369806,30.815406870376872],[52.659162803190895,30.8170036658118],[52.662443310764267,30.818713284226757],[52.665669098122613,30.820360552466028],[52.669064623492886,30.822082928979935],[52.672412710333127,30.823832148958928],[52.675967762005314,30.825655333721198],[52.679278084314049,30.827384813757927],[52.68044475974758,30.827979999534399],[52.68251705193385,30.829037144697743],[52.685770365152763,30.830699226009802],[52.688988846593361,30.832352967299038],[52.691954720150527,30.833874039456756],[52.695148258483769,30.835508341960555],[52.698409963281541,30.837194479054837],[52.701290493204603,30.838679875031477],[52.701335798853776,30.838703236516913],[52.701567341367181,30.838822630143358],[52.704732818331046,30.840469886285423],[52.707829564921298,30.842118655000409],[52.708280845447568,30.842566092601967]]},"properties":{"OBJECTID":63,"gis_id":"HM818","denomi_vol":3,"owner":null,"Shape_Length":160031.83886160117}},{"type":"Feature","id":64,"geometry":{"type":"LineString","coordinates":[[52.417893904462488,30.310891209393539],[52.418165376336994,30.311658060842888],[52.418259515333851,30.311894446810104]]},"properties":{"OBJECTID":64,"gis_id":"HM818_j1","denomi_vol":3,"owner":null,"Shape_Length":116.63655051904439}},{"type":"Feature","id":65,"geometry":{"type":"LineString","coordinates":[[52.004843257025748,29.816082922082806],[52.0048952377769,29.81675698280803],[52.004269145855964,29.817815685375223],[52.003960353079826,29.818412990580867],[52.003455092619873,29.819238329021847],[52.002888006459017,29.820229698348893],[52.002424289968296,29.821027189593071],[52.001994069359121,29.821807287785433],[52.00150481882946,29.822671527341797],[52.000594867872756,29.824213052870228],[52.000194197927861,29.824926370897924],[51.999598928718214,29.825964693464254],[51.998994949626592,29.827008222324064],[51.99840845996674,29.827993104363539],[51.99788228629739,29.828930422312212],[51.997298527996321,29.829878121385434],[51.996741318055982,29.830872499283991],[51.996166898945283,29.831842838080256],[51.995629987148661,29.832799271364507],[51.995021592209447,29.833719048745195],[51.994457836900985,29.834721890707481],[51.993914264597656,29.835655060925898],[51.993361226681614,29.836653249475749],[51.992792189923087,29.837604955514017],[51.992249929731905,29.838556681755829],[51.991671459254185,29.839551329073291],[51.990726542322449,29.841201718349851],[51.990264754282528,29.842054786054234],[51.989744019375998,29.842934491881376],[51.989164238737629,29.843909351656528],[51.988592501143373,29.844877242913391],[51.987969737360274,29.845949583508702],[51.987349641227723,29.847028882978414],[51.986775242865058,29.847985128268707],[51.986235610418063,29.848971594668736],[51.985650481412662,29.84994174413433],[51.985148386420775,29.850893395690616],[51.984557902199008,29.851863520416707],[51.977372527860602,29.864364081907414],[51.976810157796237,29.865335266274524],[51.976253149079263,29.866302273403377],[51.975689436897163,29.867275759291395],[51.974984820559115,29.868476105719758],[51.974567385481961,29.869210564588652],[51.974012199656286,29.870167571379255],[51.97345117868047,29.871131734289545],[51.972890633941923,29.872101118780623],[51.972424233554378,29.872903640672821],[51.971869072710327,29.873875512025986],[51.971309721285259,29.874838950540877],[51.970750037963199,29.875804004219347],[51.970193675456059,29.876773702662955],[51.969778149083943,29.877481581392608],[51.969636379320448,29.877743263856633],[51.969077309452572,29.878702765795712],[51.968517644584992,29.879655104836701],[51.967965318181719,29.880624816399173],[51.967399764805059,29.881582615074151],[51.966845414898486,29.88256292567667],[51.966285459358161,29.883512749591013],[51.96573313367648,29.884482015439282],[51.965169433932864,29.885447196460493],[51.964607052919995,29.886426299072678],[51.964054067160845,29.88738915125144],[51.963491696291491,29.88836126996366],[51.962927991654766,29.889329895336278],[51.962426015320247,29.890199914779117],[51.96190525696192,29.891096603086357],[51.961324117597385,29.892086075679813],[51.960804679674759,29.892995516244344],[51.960359089840253,29.893757618958244],[51.95977388883832,29.894778399352528],[51.959208845631167,29.895746960269733],[51.958651847118809,29.896707395748731],[51.958080078029639,29.897697983025594],[51.957532476476487,29.898640999991933],[51.956970114420358,29.899607204641001],[51.956414454867193,29.900567604009424],[51.95557061873896,29.901293232041287],[51.954656646480558,29.902077246753873],[51.95376656605891,29.902841049729616],[51.953141922123287,29.903362636046342],[51.952879178361769,29.903594467612169],[51.951911337593899,29.904433675026386],[51.951135206141061,29.905094356438909],[51.950249144133942,29.905857043143989],[51.949293388248783,29.90667187278472],[51.948423397276031,29.907431083257492],[51.94752128652447,29.908182128862187],[51.946573553791481,29.909003911300516],[51.94563118146565,29.909822211202524],[51.944761192566972,29.910580236923913],[51.943879167813648,29.911328959566465],[51.942918060749911,29.912141417156846],[51.942041366310264,29.912907541111078],[51.941212948171675,29.91361916955352],[51.940424754963637,29.914289059999934],[51.938741090784518,29.91574823647456],[51.937844467231287,29.91649285994831],[51.936249262667914,29.917884795946271],[51.935843996384186,29.91853767094458],[51.935379595888925,29.919347132500338],[51.934931261201243,29.920156605018256],[51.934372912304397,29.921126084323358],[51.933954202624008,29.921817215751908],[51.933513978030177,29.922573299699035],[51.932853641191976,29.923707414744136],[51.932383885595712,29.924516827970109],[51.931922172978446,29.925319281312376],[51.931857738835838,29.92543756542192],[51.931374544850009,29.926281759618906],[51.930808166647012,29.927248849242297],[51.93020147983998,29.928315671564178],[51.92973172438905,29.929125046929283],[51.92913049352417,29.930122237845698],[51.928577530446177,29.931070740110005],[51.928040626451065,29.932023891896595],[51.927468886504521,29.932995560277988],[51.926915916826438,29.933948675835374],[51.926376315183049,29.934915719557008],[51.925796547504511,29.935883869970016],[51.924832925058105,29.937511744872619],[51.924293350385831,29.938460190663235],[51.923734978693361,29.939445732327862],[51.923157890499951,29.9404126809881],[51.922615624889389,29.941370377118876],[51.922046552861424,29.942348917080608],[51.921485520468295,29.943322815618007],[51.920916458587442,29.94429437548931],[51.920355446393444,29.945254333530354],[51.91981047314529,29.946232861322699],[51.919225355687665,29.947197414370226],[51.918787450572729,29.948201561836491],[51.918336140585474,29.949217284972971],[51.918110408442196,29.949778505013771],[51.917903584037695,29.950226057908115],[51.916933651193638,29.95251490322844],[51.916597858112041,29.953268546058386],[51.916162620633436,29.95427959456833],[51.915724692125586,29.955299909648058],[51.915493735601949,29.955770610657481],[51.915300285924779,29.956227430809086],[51.91485968652897,29.957243082916147],[51.914480910641124,29.958094078757913],[51.914096779519149,29.958945061374262],[51.913605164450118,29.960058063895602],[51.913145835182604,29.96106437658683],[51.912742705771457,29.962091618968412],[51.91229138255504,29.963116478000408],[51.911853460869693,29.964132061980781],[51.911391383578767,29.96518704465392],[51.911074340665678,29.96593597159675],[51.910690216348584,29.966782247023342],[51.910254985751983,29.967788517401381],[51.909371123085045,29.969810291134522],[51.908925168625835,29.970825797236834],[51.90844961609379,29.971941002624181],[51.908019730723041,29.972954184805527],[51.907557760287268,29.973963754026663],[51.907117134274351,29.974997779222601],[51.906219883705155,29.977019390167914],[51.905730906250739,29.978160024468561],[51.905258068341965,29.979249636172963],[51.904941082617718,29.979959026433193],[51.904532729036895,29.9808956103392],[51.904097491907031,29.981906375088801],[51.903656892843451,29.982921762227598],[51.903210938559653,29.983937133005529],[51.902858942493481,29.984785608131986],[51.902635995569824,29.985272411813526],[51.901096771365857,29.988691589490532],[51.900129456762016,29.991021287721395],[51.899742655138468,29.99186734444525],[51.899355897166544,29.992683245674979],[51.898565956388772,29.994563148741133],[51.898154831373333,29.995564523360102],[51.894373576722884,30.004205335662107],[51.891329689350748,30.011214834569387],[51.890451240121692,30.013196305174748],[51.89004017240309,30.014158074000534],[51.881521267270166,30.022915240767571],[51.880875166807321,30.023465146664549],[51.880109787027948,30.024101857023698],[51.878261543241805,30.025587647937556],[51.871438901321326,30.031615050629483],[51.868761387909764,30.035248108963192],[51.868187739377774,30.036050469826574],[51.866993890034543,30.037648618006081],[51.86610309997765,30.038908644246824],[51.865636277462976,30.039543263794304],[51.865512869448253,30.039707705651569],[51.864944126916498,30.040460424741418],[51.864402157063537,30.041215485356325],[51.863849453358782,30.041986753922743],[51.863286052711274,30.042748733033736],[51.862719957725979,30.043522292745926],[51.862151208684836,30.044279618309893],[51.861587801455585,30.045046215315065],[51.861035108015216,30.045810500235831],[51.86047707621254,30.046563184218321],[51.859905646379062,30.047322801163617],[51.859344920260497,30.048087059526122],[51.858819019760823,30.048839761267395],[51.858244919166076,30.049594722132515],[51.85763856320461,30.05043539798038],[51.857091231959402,30.051195011334091],[51.856602942203409,30.051861975615754],[51.85597514880709,30.052714196907981],[51.855414476705796,30.053441330717867]]},"properties":{"OBJECTID":65,"gis_id":" ","denomi_vol":5,"owner":null,"Shape_Length":30299.701592906054}},{"type":"Feature","id":66,"geometry":{"type":"LineString","coordinates":[[52.300824994682294,29.437115314027942],[52.300885658773986,29.436701903586695],[52.296955354020874,29.434443108069477],[52.292714147782263,29.435167076220573],[52.289512395600354,29.435527014747251],[52.285110496406645,29.436007016372674],[52.281400928688285,29.435876042296165],[52.276630663245989,29.435693998607434],[52.273464938681109,29.435588080828349],[52.269124784441289,29.434592595456948],[52.266650569951011,29.433966407610935],[52.261261100169968,29.432679716612196],[52.258083776714358,29.431875027319879],[52.254935428891166,29.431117365391895],[52.250908307855539,29.430149046357016],[52.246581435847382,29.42910895948819],[52.241424881260556,29.427862139214643],[52.237079908330635,29.426801603293175],[52.234686571286431,29.426249567887716],[52.231635183372319,29.426642247811881],[52.226833603867284,29.427246069626083],[52.224098019664979,29.42756904204451],[52.217865338329972,29.428330076626686],[52.214275647921909,29.428784740176258],[52.211074254569873,29.429170350760746],[52.206897526185259,29.429677531094494],[52.202838943795214,29.43015418501523],[52.19907145862841,29.43062358319056],[52.19367597146563,29.431311276010678],[52.189778572293591,29.43177180189069],[52.185179873292405,29.432358781080325],[52.179886029279182,29.433012677539711],[52.176017597914964,29.433464272611655],[52.172303957662336,29.433932442158188],[52.169752777519619,29.434230336378359],[52.165815542510245,29.434039035183236],[52.161204319283449,29.433774748725085],[52.15673770965455,29.433533863212439],[52.152051838455677,29.433274419377859],[52.148240361100378,29.433074957296139],[52.143353336546944,29.432801147837502],[52.140018912932383,29.432622170477227],[52.135382094042441,29.432363974440278],[52.131384720467501,29.432129515277087],[52.12726884291034,29.431898194953899],[52.123255474832888,29.431668680078321],[52.120177399665415,29.432946211345691],[52.116636831994377,29.434417607080942],[52.112411261084006,29.436187930100679],[52.108868212565206,29.437620491359901],[52.103064513193146,29.436795869410251],[52.098392110722131,29.436117041497653],[52.094134876778519,29.435503874161814],[52.089078035047507,29.436173234211164],[52.085814803157554,29.436616445051865],[52.081396924847112,29.438559649521174],[52.077248497105387,29.440389158263777],[52.072643192237955,29.442416248881425],[52.069346304939323,29.443873158623738],[52.065202566958362,29.445700004201768],[52.061955735302298,29.447124214946054],[52.058111369383127,29.446435646635049],[52.053024237493425,29.445550959604642],[52.050341033670307,29.445062265161848],[52.047322373338424,29.444535544626721],[52.044184950694756,29.44398712500405],[52.040644681295568,29.443362814693266],[52.035911253794268,29.442506289301292],[52.03157567964297,29.441732246299964],[52.027219457422106,29.440949195560012],[52.022380456978624,29.440081718519714],[52.019953310073042,29.439653612443603],[52.013983395790149,29.438575637735134],[52.01072746660752,29.437997995179817],[52.005421155417025,29.437022890614156],[52.001586996757055,29.436345603464495],[51.996942049235635,29.435511833038788],[51.992201509108696,29.434647025075833],[51.989366704723842,29.43414919588102],[51.984081673028392,29.433202405816974],[51.980298197826727,29.432496302924182],[51.974991235121003,29.431574877480301],[51.971756360724505,29.430998376114282],[51.968129156721332,29.430356962525412],[51.964341852740333,29.429678253546136],[51.960611228296713,29.428992258664529],[51.955249343491779,29.428040356853732],[51.952737475723083,29.427589061220129],[51.949608622817067,29.427024796226739],[51.945413815559569,29.4262875321634],[51.939514954129208,29.425205686893381],[51.936297803445932,29.424631278763933],[51.933801744039364,29.422994180361936],[51.931644314186848,29.421540504007073],[51.927755192639196,29.418954970918449],[51.923643601169047,29.416253540493717],[51.921662714283784,29.414913538885472],[51.918194419622978,29.412647441756224],[51.915415265787907,29.410778122792717],[51.913323433506342,29.40939814336533],[51.909100766931694,29.406579687323106],[51.907332913587766,29.405393689955975],[51.903426978515448,29.402807536585566],[51.899334547279672,29.400087150694574],[51.897191303785021,29.398671156872084],[51.894778679340227,29.397085463830592],[51.8899453747376,29.393850822029425],[51.886420990548196,29.391489483177516],[51.88495194816818,29.390535838140313],[51.881666234368495,29.38833974489976],[51.879588113652773,29.38695010238057],[51.875302428578493,29.384076805318941],[51.872378204916792,29.382131547843091],[51.869465320834884,29.380193676910249],[51.86765972013648,29.379005125313601],[51.865272436636445,29.377424292831904],[51.864128865740604,29.375756520424655],[51.862334739345521,29.373162186708775],[51.860551007808802,29.370567759506244],[51.858921261165165,29.368202450583265],[51.855784177587125,29.363606356283569],[51.853789649641776,29.360710846518941],[51.851834016683156,29.357833105679862],[51.849803324452388,29.354897149273423],[51.848147600579381,29.352443868257286],[51.846513416375743,29.350094215325012],[51.844516714955468,29.347182773914163],[51.842663351717732,29.344464432025656],[51.839210330763045,29.33947054992672],[51.838235688346401,29.338074424313035],[51.836296347240285,29.337139994464348],[51.834287577639785,29.336435900143137],[51.829864284970718,29.33455621209831],[51.827421081605635,29.333529992985561],[51.822444034690392,29.332077392363956],[51.820193692926395,29.331445950074329],[51.817754051105879,29.330719223849304],[51.814405337546731,29.329710708061238],[51.811075846450244,29.33170010291785],[51.807455789329957,29.333723474721001],[51.803687153409186,29.335826496292992],[51.799785241029568,29.338029487179263],[51.796137169081071,29.340113525563208],[51.792404512726115,29.342267911978613],[51.788701886549191,29.344329510977769],[51.784924431119329,29.346391448726685],[51.781574759885956,29.348290201754025],[51.780318490201481,29.350263140685993],[51.778472183728653,29.353340189963362],[51.776098409891951,29.357178388015424],[51.773856919723372,29.360821737909699],[51.77179447694283,29.364180564526283],[51.76893458574078,29.365336125344253],[51.766452056778192,29.365295794844357],[51.762846660235503,29.365250076419589],[51.759724459870121,29.366710607400307],[51.756372510656597,29.368333863683134],[51.752414321095465,29.370197366221522],[51.748202037584676,29.37220657938526],[51.743943270332686,29.374222689023934],[51.739877150599959,29.376185701138848],[51.736202690485669,29.377929718713773],[51.732766800670738,29.379343126685171],[51.728949879102998,29.380907336046768],[51.72539979005721,29.382334609528741],[51.722535901268934,29.383500180771573],[51.719991120600284,29.385078219179512],[51.716896476090696,29.386963881232511],[51.713846265887405,29.388324191333734],[51.710258879626529,29.389916785179505],[51.705737251728465,29.391117760828646],[51.701332405598428,29.392359394862446],[51.696777851171085,29.393576847955632],[51.692261968723855,29.394814252030237],[51.688171889356362,29.3958551946386],[51.684191094684003,29.395004837792122],[51.679556300976238,29.393891384121709],[51.676214987080989,29.393168317454958],[51.670292790957646,29.391760229726316],[51.667526442137415,29.391100033880804],[51.66445395540395,29.392054195371763],[51.66019421947113,29.393398353432122],[51.654830624158869,29.392399645371487],[51.651235225218912,29.391796780834881],[51.647381433469633,29.391068721947672],[51.643425917920041,29.390363668035487],[51.641034197987004,29.39205606078259],[51.638246007508187,29.394041434046304],[51.635478418202389,29.396042445307142],[51.63034592117566,29.399760673246096],[51.626866355220962,29.402556513159123],[51.624915543143281,29.404201482139335],[51.622969120069129,29.405731331705727],[51.621220962521221,29.407276275678885],[51.616443548723403,29.410398444652305],[51.614129568220648,29.411543337251594],[51.610482736135125,29.412752019087439],[51.60591543054764,29.414334217077567],[51.601405824206893,29.415828355859237],[51.598161366478152,29.417440060786792],[51.594383400257989,29.419384759080138],[51.590490380819539,29.420017555338941],[51.588009805445772,29.418898102687002],[51.585530722495911,29.417815211650858],[51.582753461243762,29.416746527640971],[51.579131643139085,29.414832338345633],[51.575771804471763,29.412767205585464],[51.57275651372381,29.410932142307182],[51.56979691293887,29.40912915172046],[51.567093340068546,29.407420920757282],[51.565616761047359,29.404243039928307],[51.564067963120742,29.400953062470176],[51.562498450898524,29.39758913619913],[51.560923447262375,29.394184966704088],[51.560224925065242,29.391597272707827]]},"properties":{"OBJECTID":66,"gis_id":"UZ939","denomi_vol":2,"owner":"","Shape_Length":82614.783619695372}},{"type":"Feature","id":67,"geometry":{"type":"LineString","coordinates":[[53.457712626623348,28.957950664470939],[53.457272011417516,28.958521896616816],[53.458223645779348,28.960102583239273],[53.4582499090018,28.96014523527554],[53.458431114102517,28.960439514511211],[53.46012418594114,28.963428292488626],[53.462924921918507,28.966687278208273],[53.46533350753959,28.969489078882102],[53.469986156209622,28.970369286595812],[53.474376526848346,28.971138994208591],[53.477817649117512,28.97175857503133],[53.48077784359657,28.972318214483789],[53.484365756864648,28.973253297058559],[53.487944974263989,28.974183802947504],[53.489907526753782,28.976628205744195],[53.491730488737126,28.978977776706724],[53.494863358615795,28.982867448471001],[53.496332442772051,28.984565112234172],[53.498676678544868,28.985862470549481],[53.502638874117359,28.98784396224465],[53.506188688280929,28.989137515510308],[53.509313665329522,28.990329566201748],[53.512568375541825,28.991525942363527],[53.516541708808489,28.992997062706017],[53.520037968224308,28.994303446145452],[53.523988183547949,28.994574269201699],[53.527538450670008,28.994833498752605],[53.531894946191699,28.995189781182383],[53.535652572768498,28.995444207872406],[53.539464566443691,28.995721004777682],[53.543137176525818,28.996003071467992],[53.547445767259674,28.99629206463376],[53.551287634556381,28.996582229472967],[53.555627975085642,28.996895240487039],[53.559395787996948,28.997188450596735],[53.563348436269301,28.997463162268492],[53.567594463218711,28.997767083241499],[53.571487734683728,28.998051705253566],[53.575195132793013,28.998336997799658],[53.579290478090634,28.998644651271455],[53.583353751252091,28.998927211499677],[53.587383386640468,28.999250942508883],[53.591610125201392,29.000015859847736],[53.596631466193337,29.000942534661469],[53.60060466589686,29.00166914262341],[53.604519600777614,29.002402780589335],[53.608586817302303,29.003148736107086],[53.612481518030549,29.003870475523978],[53.616409821681721,29.004594533524862],[53.620308796099714,29.005306124450584],[53.624391817040618,29.006027246299549],[53.628298131525497,29.006760593667369],[53.632400449793742,29.007470039944089],[53.636448458356803,29.008289630693195],[53.639558373537703,29.009941535749491],[53.643448866243347,29.011994197879677],[53.647094292830189,29.013929670393122],[53.651117621575573,29.014779414996706],[53.655056124816191,29.015594709120151],[53.658961154928733,29.016401479712162],[53.662164566559305,29.017105159617987],[53.666898582681661,29.018108509885899],[53.671052954802782,29.018968807210445],[53.674657545010938,29.019732430630707],[53.678454739474425,29.020522360810475],[53.681711060702618,29.021194443417969],[53.68177631445112,29.021207910565597],[53.682553182023575,29.021368237206204],[53.686426870666814,29.02220839347526],[53.690550534922423,29.023092135292917],[53.694438972002885,29.023918620592319],[53.698504147078424,29.02477913858527],[53.70245709263569,29.025605912479275],[53.706342290717274,29.026389114638466],[53.710445404854156,29.027287441463187],[53.714300584739448,29.028128616318188],[53.718022545972133,29.028821944736524],[53.721656327439476,29.029194024656888],[53.72471753984928,29.029440292207251],[53.728765777869299,29.02977430866596],[53.732551258787836,29.030113052436814],[53.736268475866893,29.030411818171533],[53.740110095316652,29.030709060740399],[53.744157341829521,29.031054545165688],[53.747532111412106,29.033745363858468],[53.750777314564438,29.036269514426667],[53.753509218723664,29.038734757869953],[53.756812053755404,29.041716380879517],[53.760448362841814,29.044762745107679],[53.762636167256218,29.046553045420474],[53.765609058183969,29.049092993123526],[53.768119178612579,29.051193365152081],[53.771036660638757,29.053633236760206],[53.774065620797771,29.056200949263737],[53.776943047042842,29.058614261102264],[53.779547496576313,29.060794356908822],[53.782272459325185,29.063054388571533],[53.786106480724058,29.063945756864275],[53.790185874406262,29.064912447731384],[53.793656937794154,29.065704511546741],[53.797600141607525,29.066622338811417],[53.801408193535444,29.067522411658182],[53.805203092812036,29.068402201140145],[53.808861407033191,29.069243350678615],[53.812927436488387,29.070182951252125],[53.816821850437982,29.071077892642538],[53.820628201336135,29.071965645065088],[53.824069467908274,29.072755643734194],[53.827253516859095,29.072781915437446],[53.830858484396757,29.072818230234638],[53.834890633945207,29.07284977493044],[53.839011888580295,29.07289445076773],[53.84295301247581,29.072919819028186],[53.846911800122747,29.072981944845353],[53.850969573726246,29.072977879543036],[53.854973521213552,29.073012576354987],[53.859159632977587,29.073043071043518],[53.862890547217141,29.073081639384068],[53.867297524407277,29.073127931147962],[53.871144356719029,29.073143315321452],[53.875110878255235,29.073219778535588],[53.879368984483541,29.073241571322129],[53.883348903562123,29.073254864904673],[53.887068266393271,29.072123347667574],[53.891526719372422,29.070806618913057],[53.895694393076681,29.069558849808836],[53.899314639001297,29.068468501098842],[53.90337367618428,29.067242931321939],[53.907078260831646,29.066155668438022],[53.910917018479992,29.065042971722956],[53.914867333829214,29.06383310632291],[53.918575061057595,29.062714837278321],[53.922668682232839,29.061496364129834],[53.926089204274952,29.060481712078115],[53.930056788362684,29.059292886944338],[53.933860360314043,29.058138680317143],[53.937843054029621,29.056961280200358],[53.94161388333945,29.055854611716953],[53.94522551204382,29.054759632181341],[53.948913287252985,29.053613463295019],[53.952889841381399,29.052473413942543],[53.956711928212499,29.051327846416054],[53.960370312674613,29.050204265090013],[53.964333259532914,29.049013076457268],[53.968134783672191,29.047849177113886],[53.971432941446395,29.046919761246031],[53.975335096895463,29.045730324781918],[53.979015519082658,29.044624233928158],[53.9828435882145,29.043470779473797],[53.98652628392864,29.042363930460297],[53.990494002866754,29.041179180684708],[53.994274656678307,29.04003859369309],[53.998078196538074,29.038888138731849],[54.001984630674706,29.037682267833002],[54.005569992118097,29.038467408793139],[54.009809872736788,29.039407998507816],[54.013875027844655,29.040332946788933],[54.017774906254544,29.0412010793303],[54.021867460253915,29.042095518517016],[54.025740265750891,29.042955269315449],[54.02968087472884,29.043859158684537],[54.033664751930736,29.044750638206104],[54.037619445880281,29.045600762180243],[54.041563022344768,29.046516181127959],[54.045540762578426,29.047399824937518],[54.049508103428337,29.048277982375737],[54.05348511893898,29.049154847760146],[54.057368157136409,29.050028097940761],[54.061392092735453,29.050889244759251],[54.065348309507613,29.051818933959648],[54.069189155381139,29.052651413372409],[54.07334245533508,29.053479613528626],[54.077126797158719,29.054322673235493],[54.080663760788276,29.055105164486864],[54.084484531011107,29.05595936657388],[54.088276284268836,29.056794912089874],[54.09205570273393,29.057650526849571],[54.095954804287864,29.058502271462292],[54.099745417573203,29.059350201234437],[54.103521789001263,29.06018673887964],[54.107255223628826,29.061006590839234],[54.110893935881776,29.061834625612381],[54.114759912350593,29.062662673518226],[54.118654168487232,29.063547948427185],[54.122561497517886,29.064402076797322],[54.126379476786589,29.065253249858891],[54.130390999696445,29.066243522251419],[54.134357078368936,29.067119242383011],[54.138355125268518,29.068008941381059],[54.142214438932363,29.068852439556117],[54.146157314514852,29.069755134982469],[54.150051422204328,29.070600698503785],[54.154126848369195,29.071514544748496],[54.157927817894127,29.072348844875652],[54.161623072207071,29.073159067678585],[54.165564179717684,29.074061434086389],[54.169546086535938,29.074925054602581],[54.173470033565295,29.075702878040293],[54.177428617588994,29.076540222114506],[54.181355475024617,29.07743995137217],[54.185318552453126,29.07835210952852],[54.189336429881124,29.079173260643813],[54.193246510570837,29.080108804407441],[54.197267933961442,29.08094777031976],[54.201325499269018,29.081880657892093],[54.20519076878481,29.082737139587319],[54.209011759731695,29.083587923011962],[54.212688131677297,29.084399556546682],[54.214613106081636,29.084862669086181],[54.214379516312384,29.08568152716569],[54.21402962580062,29.086062195265765]]},"properties":{"OBJECTID":67,"gis_id":"FY928","denomi_vol":2,"owner":"","Shape_Length":78977.94196489804}},{"type":"Feature","id":68,"geometry":{"type":"LineString","coordinates":[[52.709284127531305,30.841051408511451],[52.708859150182867,30.840570579954392],[52.705304681957415,30.839909776286738],[52.701887107298553,30.838579941503415],[52.701362014422692,30.838327554123879],[52.701316602194176,30.838305726803917],[52.698103719693492,30.836761364622486],[52.694769669395185,30.8348593091624],[52.691463260795665,30.833150301544968],[52.688159844934823,30.831443299924896],[52.684851510721906,30.829689290279767],[52.681430049270197,30.827921128028752],[52.68044475974758,30.827979999534399],[52.678802808257629,30.828078089913969],[52.674350287185668,30.82834191155191],[52.670646371374318,30.828648611033604],[52.667083544051771,30.828741459995804],[52.662713906787005,30.828987378353485],[52.658370217990154,30.829238326034581],[52.654429859982123,30.829456745972379],[52.651436888362326,30.829635267956533],[52.648481860062667,30.829808835449334],[52.648110771245797,30.829828980679256],[52.644751940791927,30.830011275605852],[52.640236898773558,30.831442348757189],[52.636183992439065,30.83276573149384],[52.631617883335629,30.834160519039255],[52.627415176185337,30.835526730379353],[52.623339376555094,30.836810080933237],[52.619097790610923,30.838144247147937],[52.615216792384373,30.839336818748091],[52.610905177661458,30.840768910194999],[52.606927255448113,30.842024375624064],[52.602948360696438,30.843260841331716],[52.598750630500945,30.844644060324473],[52.595191246472723,30.845723005946706],[52.591855320339263,30.846848592598302],[52.590118868796267,30.84629340905612],[52.586885791047621,30.847755497199561],[52.5832061853162,30.849738369639475],[52.579757520591357,30.85150249767716],[52.57672355042353,30.852995083339138],[52.572976064016792,30.854983881484912],[52.568994133054538,30.856885397782399],[52.565032243674999,30.858738933183925],[52.561098859680492,30.860873525024349],[52.557138780515885,30.86284407557832],[52.553265486922975,30.864857731147183],[52.549439017132762,30.866929441676923],[52.54552089198404,30.868888040828811],[52.541393172520579,30.870825395957169],[52.537339294369822,30.872783834344236],[52.533412063123784,30.874819428739627],[52.531060672143845,30.876447821513803],[52.528000723974493,30.878593434126991],[52.524821937320269,30.880773905885963],[52.522218569807869,30.882671029655697],[52.518835217633601,30.884963023608385],[52.514880353025241,30.886369297328454],[52.513102140750334,30.888153865111519],[52.510627246791977,30.890241150055012],[52.507596369252376,30.892943836046687],[52.505520553891614,30.895164598029531],[52.503238952514039,30.897483127799624],[52.50098724726228,30.899830692311365],[52.498689557802813,30.902222206754544],[52.496248789561541,30.904825570738293],[52.493416150170113,30.907788508671707],[52.49024096435388,30.910852058262904],[52.487619456478534,30.913495214702984],[52.484974903906384,30.916193349316963],[52.482034897609495,30.918880141596212],[52.479389549759539,30.921452265504264],[52.476612166754379,30.924196250948008],[52.474001579776782,30.926878426017087],[52.471000637339309,30.929597144668552],[52.468169260856463,30.932398073713777],[52.465282017049255,30.935178934066361],[52.462877657428024,30.937487317363026],[52.46065518249808,30.939664902820965],[52.458425743769759,30.941827479606342],[52.455730096430806,30.944648562705378],[52.452739113441034,30.947385299773199],[52.449787877024313,30.950226535631838],[52.446966485360484,30.953040025842419],[52.444331188296644,30.955574158136645],[52.442129519478272,30.95848382370486],[52.439900017071892,30.961319447927401],[52.437514283975297,30.964477918029147],[52.43506225328408,30.967898328357172],[52.432622008003271,30.970812716259019],[52.430508046045432,30.97380548695747],[52.428099724740491,30.976732908789455],[52.426547306317659,30.978752260285937],[52.424049402285554,30.981515567704793],[52.422440241882505,30.983435842768788],[52.420288697575444,30.986215553538496],[52.418099350861077,30.988622034006109],[52.415756784026485,30.991287675174597],[52.414967108098665,30.993236904801112],[52.414200611145674,30.995048150618302],[52.41301816512992,30.997923988796767],[52.411965957405272,31.000505960759732],[52.410655584036483,31.003483659220134],[52.409865040272017,31.005351881405574],[52.409047539953711,31.007345631811472],[52.409002532775098,31.007455393880658],[52.408672798733356,31.008259535586209],[52.405828085880415,31.011151623746365],[52.403113622108492,31.013887680939614],[52.400085250728992,31.016922390374756],[52.39734573104937,31.019723419163153],[52.39572611763802,31.02131365908793],[52.393357446226425,31.02379009644536],[52.391379501113363,31.02662600984268],[52.38892716245666,31.029621385804763],[52.38679847691462,31.032464124362729],[52.38459077470894,31.035408780306224],[52.382747132534789,31.037903824323841],[52.380295548635381,31.040420167599223],[52.378988827471943,31.041727747003435],[52.376675190640874,31.044124239163615],[52.37450928435269,31.047149949023314],[52.372482986612823,31.050265826575991],[52.370359126914764,31.053215578513239],[52.367738812613936,31.056386772604441],[52.365614495367467,31.059626545166136],[52.363211467580008,31.06300000309389],[52.361193356578958,31.0659928774135],[52.359212775125009,31.068605772872417],[52.357074897611867,31.071586510930118],[52.355471219764183,31.073832813837946],[52.353399291900672,31.076770623917959],[52.351236405671081,31.079783832950618],[52.349037490651455,31.082858007656004],[52.347412494545992,31.08515626042135],[52.346001983772311,31.087392436828384],[52.344063581500521,31.090476542608805],[52.34240314302356,31.093090716176263],[52.34074215479788,31.095767306481605],[52.337690257565022,31.098100448377938],[52.334354203717531,31.100669267782568],[52.330940733727324,31.103273500982056],[52.327505206020142,31.105941210950039],[52.324093747584186,31.108531825714262],[52.320758198443421,31.111108263462629],[52.317463647250726,31.113631625215646],[52.314140602302146,31.11616531090624],[52.310872045995225,31.118684349394051],[52.30765147386338,31.121139796282701],[52.304396912888635,31.123628204393988],[52.301156322421406,31.126119128499383],[52.297671781227358,31.128782478564098],[52.294323166550576,31.131369528366175],[52.29105861635157,31.133872886809517],[52.287573885728335,31.136530138767132],[52.284319838255222,31.139011547635796],[52.280884343682629,31.141670759237947],[52.277422776115493,31.144263803310668],[52.274145395726251,31.146811821870902],[52.270602418141515,31.14958241343707],[52.267125055760985,31.152207576921548],[52.263835002426156,31.154739444689248],[52.260515441010583,31.157312784038847],[52.257010240906254,31.15986841010146],[52.253623751314578,31.162474672454092],[52.250240625488601,31.165113716545562],[52.24681962437856,31.16781617297066],[52.243462607247153,31.170406470268237],[52.239987837513411,31.172974633575848],[52.236516453947019,31.175614300109672],[52.233138874781446,31.178270580149476],[52.229775985827203,31.180789865120168],[52.226384048689525,31.183375120439983],[52.222977113538057,31.185975364138983],[52.21946129066685,31.188630479765283],[52.216086275115138,31.191247759757786],[52.212687340580167,31.193841012302673],[52.20916348672899,31.196529124104018],[52.205875498730343,31.199030495759025],[52.202383601010261,31.201710641773797],[52.199037656697591,31.204251951121687],[52.195790960058325,31.206525356205884],[52.192496344593657,31.208803706671763],[52.189036849795187,31.211196871289822],[52.185488451015424,31.213630941092493],[52.181890051411344,31.216122953041857],[52.178335621368888,31.218586017047969],[52.174819175943426,31.221016120603249],[52.171236779518921,31.223491153297541],[52.167973174428866,31.225732537546659],[52.164748491641689,31.22797796659378],[52.161427898281531,31.23027928753346],[52.15798838403321,31.23266547880576],[52.154357063722493,31.235154455442856],[52.150886582124372,31.237559612586708],[52.147363168887267,31.239983708624383],[52.143807779888853,31.2424297700754],[52.140266331773162,31.244896847522874],[52.137054699123709,31.247102289745307],[52.133113005213666,31.248298828272471],[52.128813803434561,31.249596958676037],[52.125116856612536,31.250671768338517],[52.122288630463416,31.251550569274624],[52.116230124254265,31.253596632124527],[52.111891130691923,31.25502682239464],[52.107512480749534,31.2560728489557],[52.103534901779938,31.257243343954691],[52.099652112418475,31.258435952066439],[52.095430799931158,31.259722178824468],[52.091222478725022,31.26099841773954],[52.086926281546639,31.262299556391874],[52.082473318125139,31.26363352117222],[52.078221042541777,31.264933714765682],[52.074130574736969,31.266171089678284],[52.070300735272099,31.267340761934403],[52.0659975528947,31.268643898530186],[52.061686407026045,31.269937024835432],[52.057372226247971,31.271254150798924],[52.05315793263766,31.272527389090676],[52.049413035176514,31.273641157331046],[52.046546070006109,31.27567399232672],[52.043214530376154,31.278017977840332],[52.039813909918095,31.280416225759211],[52.036527595590947,31.282739015808943],[52.032899184732749,31.285299649148577],[52.029501489133999,31.287692595991594],[52.025911105834091,31.290221111391798],[52.022532754630262,31.292608218895786],[52.018882754893674,31.295193642228256],[52.015483365617328,31.297573523693305],[52.01215147567148,31.29994235685443],[52.008810924705244,31.302295396852251],[52.005458020560916,31.304657905071078],[52.002236011620774,31.306934302420274],[51.999099329685464,31.309144937232027],[51.995914643261152,31.311393897351074],[51.992702414297405,31.313658768799783],[51.989510510634048,31.315905659689662],[51.986345933888956,31.318144373518496],[51.98322460623546,31.320353229167679],[51.981026306464322,31.321912875977041],[51.975023310669684,31.326146778159217],[51.972453891464198,31.329547256097957],[51.970100097325805,31.332681242457042],[51.96775480019965,31.335808467352063],[51.965585169709065,31.338689757497445],[51.963235821643181,31.341828577060348],[51.96082693109016,31.345036842888412],[51.958514314110182,31.348101266172879],[51.956539375740732,31.350735553507189],[51.955100758157712,31.353361378817738],[51.95327308905847,31.356683214821668],[51.951369050801645,31.360135730133752],[51.949422893384877,31.363697963849884],[51.947469552780532,31.367245433726794],[51.945511058002147,31.370809178694149],[51.943566074346485,31.374359488430802],[51.941610532742246,31.377902446144905],[51.939893722797791,31.381025105898562],[51.939848425797422,31.381107769315182]]},"properties":{"OBJECTID":68,"gis_id":"HL923","denomi_vol":2,"owner":"شرکت برق منطقه ای فارس","Shape_Length":100000.05935353032}}]}